
VMC.elf:     file format elf32-avr

Sections:
Idx Name          Size      VMA       LMA       File off  Algn
  0 .text         000036f0  00000000  00000000  00000074  2**1
                  CONTENTS, ALLOC, LOAD, READONLY, CODE
  1 .data         00000098  00800060  000036f0  00003764  2**0
                  CONTENTS, ALLOC, LOAD, DATA
  2 .stab         00002cdc  00000000  00000000  000037fc  2**2
                  CONTENTS, READONLY, DEBUGGING
  3 .stabstr      00000fb3  00000000  00000000  000064d8  2**0
                  CONTENTS, READONLY, DEBUGGING
  4 .debug_aranges 00000160  00000000  00000000  0000748b  2**0
                  CONTENTS, READONLY, DEBUGGING
  5 .debug_pubnames 0000018f  00000000  00000000  000075eb  2**0
                  CONTENTS, READONLY, DEBUGGING
  6 .debug_info   00002045  00000000  00000000  0000777a  2**0
                  CONTENTS, READONLY, DEBUGGING
  7 .debug_abbrev 00001101  00000000  00000000  000097bf  2**0
                  CONTENTS, READONLY, DEBUGGING
  8 .debug_line   00000f82  00000000  00000000  0000a8c0  2**0
                  CONTENTS, READONLY, DEBUGGING
  9 .debug_frame  00000180  00000000  00000000  0000b844  2**2
                  CONTENTS, READONLY, DEBUGGING
 10 .debug_str    000002c2  00000000  00000000  0000b9c4  2**0
                  CONTENTS, READONLY, DEBUGGING
 11 .debug_loc    0000088e  00000000  00000000  0000bc86  2**0
                  CONTENTS, READONLY, DEBUGGING
 12 .debug_ranges 00000050  00000000  00000000  0000c514  2**0
                  CONTENTS, READONLY, DEBUGGING

Disassembly of section .text:

00000000 <__vectors>:
       0:	0c 94 2a 00 	jmp	0x54	; 0x54 <__ctors_end>
       4:	0c 94 3f 00 	jmp	0x7e	; 0x7e <__bad_interrupt>
       8:	0c 94 3f 00 	jmp	0x7e	; 0x7e <__bad_interrupt>
       c:	0c 94 3f 00 	jmp	0x7e	; 0x7e <__bad_interrupt>
      10:	0c 94 3f 00 	jmp	0x7e	; 0x7e <__bad_interrupt>
      14:	0c 94 3f 00 	jmp	0x7e	; 0x7e <__bad_interrupt>
      18:	0c 94 3f 00 	jmp	0x7e	; 0x7e <__bad_interrupt>
      1c:	0c 94 3f 00 	jmp	0x7e	; 0x7e <__bad_interrupt>
      20:	0c 94 3f 00 	jmp	0x7e	; 0x7e <__bad_interrupt>
      24:	0c 94 3f 00 	jmp	0x7e	; 0x7e <__bad_interrupt>
      28:	0c 94 3f 00 	jmp	0x7e	; 0x7e <__bad_interrupt>
      2c:	0c 94 3f 00 	jmp	0x7e	; 0x7e <__bad_interrupt>
      30:	0c 94 3f 00 	jmp	0x7e	; 0x7e <__bad_interrupt>
      34:	0c 94 3f 00 	jmp	0x7e	; 0x7e <__bad_interrupt>
      38:	0c 94 3f 00 	jmp	0x7e	; 0x7e <__bad_interrupt>
      3c:	0c 94 3f 00 	jmp	0x7e	; 0x7e <__bad_interrupt>
      40:	0c 94 3f 00 	jmp	0x7e	; 0x7e <__bad_interrupt>
      44:	0c 94 3f 00 	jmp	0x7e	; 0x7e <__bad_interrupt>
      48:	0c 94 3f 00 	jmp	0x7e	; 0x7e <__bad_interrupt>
      4c:	0c 94 3f 00 	jmp	0x7e	; 0x7e <__bad_interrupt>
      50:	0c 94 3f 00 	jmp	0x7e	; 0x7e <__bad_interrupt>

00000054 <__ctors_end>:
      54:	11 24       	eor	r1, r1
      56:	1f be       	out	0x3f, r1	; 63
      58:	cf e5       	ldi	r28, 0x5F	; 95
      5a:	d8 e0       	ldi	r29, 0x08	; 8
      5c:	de bf       	out	0x3e, r29	; 62
      5e:	cd bf       	out	0x3d, r28	; 61

00000060 <__do_copy_data>:
      60:	10 e0       	ldi	r17, 0x00	; 0
      62:	a0 e6       	ldi	r26, 0x60	; 96
      64:	b0 e0       	ldi	r27, 0x00	; 0
      66:	e0 ef       	ldi	r30, 0xF0	; 240
      68:	f6 e3       	ldi	r31, 0x36	; 54
      6a:	02 c0       	rjmp	.+4      	; 0x70 <.do_copy_data_start>

0000006c <.do_copy_data_loop>:
      6c:	05 90       	lpm	r0, Z+
      6e:	0d 92       	st	X+, r0

00000070 <.do_copy_data_start>:
      70:	a8 3f       	cpi	r26, 0xF8	; 248
      72:	b1 07       	cpc	r27, r17
      74:	d9 f7       	brne	.-10     	; 0x6c <.do_copy_data_loop>
      76:	0e 94 ab 16 	call	0x2d56	; 0x2d56 <main>
      7a:	0c 94 76 1b 	jmp	0x36ec	; 0x36ec <_exit>

0000007e <__bad_interrupt>:
      7e:	0c 94 00 00 	jmp	0	; 0x0 <__vectors>

00000082 <__fixunssfsi>:
      82:	ef 92       	push	r14
      84:	ff 92       	push	r15
      86:	0f 93       	push	r16
      88:	1f 93       	push	r17
      8a:	7b 01       	movw	r14, r22
      8c:	8c 01       	movw	r16, r24
      8e:	20 e0       	ldi	r18, 0x00	; 0
      90:	30 e0       	ldi	r19, 0x00	; 0
      92:	40 e0       	ldi	r20, 0x00	; 0
      94:	5f e4       	ldi	r21, 0x4F	; 79
      96:	0e 94 ed 03 	call	0x7da	; 0x7da <__gesf2>
      9a:	88 23       	and	r24, r24
      9c:	8c f0       	brlt	.+34     	; 0xc0 <__fixunssfsi+0x3e>
      9e:	c8 01       	movw	r24, r16
      a0:	b7 01       	movw	r22, r14
      a2:	20 e0       	ldi	r18, 0x00	; 0
      a4:	30 e0       	ldi	r19, 0x00	; 0
      a6:	40 e0       	ldi	r20, 0x00	; 0
      a8:	5f e4       	ldi	r21, 0x4F	; 79
      aa:	0e 94 b9 01 	call	0x372	; 0x372 <__subsf3>
      ae:	0e 94 4d 04 	call	0x89a	; 0x89a <__fixsfsi>
      b2:	9b 01       	movw	r18, r22
      b4:	ac 01       	movw	r20, r24
      b6:	20 50       	subi	r18, 0x00	; 0
      b8:	30 40       	sbci	r19, 0x00	; 0
      ba:	40 40       	sbci	r20, 0x00	; 0
      bc:	50 48       	sbci	r21, 0x80	; 128
      be:	06 c0       	rjmp	.+12     	; 0xcc <__fixunssfsi+0x4a>
      c0:	c8 01       	movw	r24, r16
      c2:	b7 01       	movw	r22, r14
      c4:	0e 94 4d 04 	call	0x89a	; 0x89a <__fixsfsi>
      c8:	9b 01       	movw	r18, r22
      ca:	ac 01       	movw	r20, r24
      cc:	b9 01       	movw	r22, r18
      ce:	ca 01       	movw	r24, r20
      d0:	1f 91       	pop	r17
      d2:	0f 91       	pop	r16
      d4:	ff 90       	pop	r15
      d6:	ef 90       	pop	r14
      d8:	08 95       	ret

000000da <_fpadd_parts>:
      da:	a0 e0       	ldi	r26, 0x00	; 0
      dc:	b0 e0       	ldi	r27, 0x00	; 0
      de:	e3 e7       	ldi	r30, 0x73	; 115
      e0:	f0 e0       	ldi	r31, 0x00	; 0
      e2:	0c 94 3f 1b 	jmp	0x367e	; 0x367e <__prologue_saves__>
      e6:	dc 01       	movw	r26, r24
      e8:	2b 01       	movw	r4, r22
      ea:	fa 01       	movw	r30, r20
      ec:	9c 91       	ld	r25, X
      ee:	92 30       	cpi	r25, 0x02	; 2
      f0:	08 f4       	brcc	.+2      	; 0xf4 <_fpadd_parts+0x1a>
      f2:	39 c1       	rjmp	.+626    	; 0x366 <_fpadd_parts+0x28c>
      f4:	eb 01       	movw	r28, r22
      f6:	88 81       	ld	r24, Y
      f8:	82 30       	cpi	r24, 0x02	; 2
      fa:	08 f4       	brcc	.+2      	; 0xfe <_fpadd_parts+0x24>
      fc:	33 c1       	rjmp	.+614    	; 0x364 <_fpadd_parts+0x28a>
      fe:	94 30       	cpi	r25, 0x04	; 4
     100:	69 f4       	brne	.+26     	; 0x11c <_fpadd_parts+0x42>
     102:	84 30       	cpi	r24, 0x04	; 4
     104:	09 f0       	breq	.+2      	; 0x108 <_fpadd_parts+0x2e>
     106:	2f c1       	rjmp	.+606    	; 0x366 <_fpadd_parts+0x28c>
     108:	11 96       	adiw	r26, 0x01	; 1
     10a:	9c 91       	ld	r25, X
     10c:	11 97       	sbiw	r26, 0x01	; 1
     10e:	89 81       	ldd	r24, Y+1	; 0x01
     110:	98 17       	cp	r25, r24
     112:	09 f4       	brne	.+2      	; 0x116 <_fpadd_parts+0x3c>
     114:	28 c1       	rjmp	.+592    	; 0x366 <_fpadd_parts+0x28c>
     116:	a0 ed       	ldi	r26, 0xD0	; 208
     118:	b0 e0       	ldi	r27, 0x00	; 0
     11a:	25 c1       	rjmp	.+586    	; 0x366 <_fpadd_parts+0x28c>
     11c:	84 30       	cpi	r24, 0x04	; 4
     11e:	09 f4       	brne	.+2      	; 0x122 <_fpadd_parts+0x48>
     120:	21 c1       	rjmp	.+578    	; 0x364 <_fpadd_parts+0x28a>
     122:	82 30       	cpi	r24, 0x02	; 2
     124:	a9 f4       	brne	.+42     	; 0x150 <_fpadd_parts+0x76>
     126:	92 30       	cpi	r25, 0x02	; 2
     128:	09 f0       	breq	.+2      	; 0x12c <_fpadd_parts+0x52>
     12a:	1d c1       	rjmp	.+570    	; 0x366 <_fpadd_parts+0x28c>
     12c:	9a 01       	movw	r18, r20
     12e:	ad 01       	movw	r20, r26
     130:	88 e0       	ldi	r24, 0x08	; 8
     132:	ea 01       	movw	r28, r20
     134:	09 90       	ld	r0, Y+
     136:	ae 01       	movw	r20, r28
     138:	e9 01       	movw	r28, r18
     13a:	09 92       	st	Y+, r0
     13c:	9e 01       	movw	r18, r28
     13e:	81 50       	subi	r24, 0x01	; 1
     140:	c1 f7       	brne	.-16     	; 0x132 <_fpadd_parts+0x58>
     142:	e2 01       	movw	r28, r4
     144:	89 81       	ldd	r24, Y+1	; 0x01
     146:	11 96       	adiw	r26, 0x01	; 1
     148:	9c 91       	ld	r25, X
     14a:	89 23       	and	r24, r25
     14c:	81 83       	std	Z+1, r24	; 0x01
     14e:	08 c1       	rjmp	.+528    	; 0x360 <_fpadd_parts+0x286>
     150:	92 30       	cpi	r25, 0x02	; 2
     152:	09 f4       	brne	.+2      	; 0x156 <_fpadd_parts+0x7c>
     154:	07 c1       	rjmp	.+526    	; 0x364 <_fpadd_parts+0x28a>
     156:	12 96       	adiw	r26, 0x02	; 2
     158:	2d 90       	ld	r2, X+
     15a:	3c 90       	ld	r3, X
     15c:	13 97       	sbiw	r26, 0x03	; 3
     15e:	eb 01       	movw	r28, r22
     160:	8a 81       	ldd	r24, Y+2	; 0x02
     162:	9b 81       	ldd	r25, Y+3	; 0x03
     164:	14 96       	adiw	r26, 0x04	; 4
     166:	ad 90       	ld	r10, X+
     168:	bd 90       	ld	r11, X+
     16a:	cd 90       	ld	r12, X+
     16c:	dc 90       	ld	r13, X
     16e:	17 97       	sbiw	r26, 0x07	; 7
     170:	ec 80       	ldd	r14, Y+4	; 0x04
     172:	fd 80       	ldd	r15, Y+5	; 0x05
     174:	0e 81       	ldd	r16, Y+6	; 0x06
     176:	1f 81       	ldd	r17, Y+7	; 0x07
     178:	91 01       	movw	r18, r2
     17a:	28 1b       	sub	r18, r24
     17c:	39 0b       	sbc	r19, r25
     17e:	b9 01       	movw	r22, r18
     180:	37 ff       	sbrs	r19, 7
     182:	04 c0       	rjmp	.+8      	; 0x18c <_fpadd_parts+0xb2>
     184:	66 27       	eor	r22, r22
     186:	77 27       	eor	r23, r23
     188:	62 1b       	sub	r22, r18
     18a:	73 0b       	sbc	r23, r19
     18c:	60 32       	cpi	r22, 0x20	; 32
     18e:	71 05       	cpc	r23, r1
     190:	0c f0       	brlt	.+2      	; 0x194 <_fpadd_parts+0xba>
     192:	61 c0       	rjmp	.+194    	; 0x256 <_fpadd_parts+0x17c>
     194:	12 16       	cp	r1, r18
     196:	13 06       	cpc	r1, r19
     198:	6c f5       	brge	.+90     	; 0x1f4 <_fpadd_parts+0x11a>
     19a:	37 01       	movw	r6, r14
     19c:	48 01       	movw	r8, r16
     19e:	06 2e       	mov	r0, r22
     1a0:	04 c0       	rjmp	.+8      	; 0x1aa <_fpadd_parts+0xd0>
     1a2:	96 94       	lsr	r9
     1a4:	87 94       	ror	r8
     1a6:	77 94       	ror	r7
     1a8:	67 94       	ror	r6
     1aa:	0a 94       	dec	r0
     1ac:	d2 f7       	brpl	.-12     	; 0x1a2 <_fpadd_parts+0xc8>
     1ae:	21 e0       	ldi	r18, 0x01	; 1
     1b0:	30 e0       	ldi	r19, 0x00	; 0
     1b2:	40 e0       	ldi	r20, 0x00	; 0
     1b4:	50 e0       	ldi	r21, 0x00	; 0
     1b6:	04 c0       	rjmp	.+8      	; 0x1c0 <_fpadd_parts+0xe6>
     1b8:	22 0f       	add	r18, r18
     1ba:	33 1f       	adc	r19, r19
     1bc:	44 1f       	adc	r20, r20
     1be:	55 1f       	adc	r21, r21
     1c0:	6a 95       	dec	r22
     1c2:	d2 f7       	brpl	.-12     	; 0x1b8 <_fpadd_parts+0xde>
     1c4:	21 50       	subi	r18, 0x01	; 1
     1c6:	30 40       	sbci	r19, 0x00	; 0
     1c8:	40 40       	sbci	r20, 0x00	; 0
     1ca:	50 40       	sbci	r21, 0x00	; 0
     1cc:	2e 21       	and	r18, r14
     1ce:	3f 21       	and	r19, r15
     1d0:	40 23       	and	r20, r16
     1d2:	51 23       	and	r21, r17
     1d4:	21 15       	cp	r18, r1
     1d6:	31 05       	cpc	r19, r1
     1d8:	41 05       	cpc	r20, r1
     1da:	51 05       	cpc	r21, r1
     1dc:	21 f0       	breq	.+8      	; 0x1e6 <_fpadd_parts+0x10c>
     1de:	21 e0       	ldi	r18, 0x01	; 1
     1e0:	30 e0       	ldi	r19, 0x00	; 0
     1e2:	40 e0       	ldi	r20, 0x00	; 0
     1e4:	50 e0       	ldi	r21, 0x00	; 0
     1e6:	79 01       	movw	r14, r18
     1e8:	8a 01       	movw	r16, r20
     1ea:	e6 28       	or	r14, r6
     1ec:	f7 28       	or	r15, r7
     1ee:	08 29       	or	r16, r8
     1f0:	19 29       	or	r17, r9
     1f2:	3c c0       	rjmp	.+120    	; 0x26c <_fpadd_parts+0x192>
     1f4:	23 2b       	or	r18, r19
     1f6:	d1 f1       	breq	.+116    	; 0x26c <_fpadd_parts+0x192>
     1f8:	26 0e       	add	r2, r22
     1fa:	37 1e       	adc	r3, r23
     1fc:	35 01       	movw	r6, r10
     1fe:	46 01       	movw	r8, r12
     200:	06 2e       	mov	r0, r22
     202:	04 c0       	rjmp	.+8      	; 0x20c <_fpadd_parts+0x132>
     204:	96 94       	lsr	r9
     206:	87 94       	ror	r8
     208:	77 94       	ror	r7
     20a:	67 94       	ror	r6
     20c:	0a 94       	dec	r0
     20e:	d2 f7       	brpl	.-12     	; 0x204 <_fpadd_parts+0x12a>
     210:	21 e0       	ldi	r18, 0x01	; 1
     212:	30 e0       	ldi	r19, 0x00	; 0
     214:	40 e0       	ldi	r20, 0x00	; 0
     216:	50 e0       	ldi	r21, 0x00	; 0
     218:	04 c0       	rjmp	.+8      	; 0x222 <_fpadd_parts+0x148>
     21a:	22 0f       	add	r18, r18
     21c:	33 1f       	adc	r19, r19
     21e:	44 1f       	adc	r20, r20
     220:	55 1f       	adc	r21, r21
     222:	6a 95       	dec	r22
     224:	d2 f7       	brpl	.-12     	; 0x21a <_fpadd_parts+0x140>
     226:	21 50       	subi	r18, 0x01	; 1
     228:	30 40       	sbci	r19, 0x00	; 0
     22a:	40 40       	sbci	r20, 0x00	; 0
     22c:	50 40       	sbci	r21, 0x00	; 0
     22e:	2a 21       	and	r18, r10
     230:	3b 21       	and	r19, r11
     232:	4c 21       	and	r20, r12
     234:	5d 21       	and	r21, r13
     236:	21 15       	cp	r18, r1
     238:	31 05       	cpc	r19, r1
     23a:	41 05       	cpc	r20, r1
     23c:	51 05       	cpc	r21, r1
     23e:	21 f0       	breq	.+8      	; 0x248 <_fpadd_parts+0x16e>
     240:	21 e0       	ldi	r18, 0x01	; 1
     242:	30 e0       	ldi	r19, 0x00	; 0
     244:	40 e0       	ldi	r20, 0x00	; 0
     246:	50 e0       	ldi	r21, 0x00	; 0
     248:	59 01       	movw	r10, r18
     24a:	6a 01       	movw	r12, r20
     24c:	a6 28       	or	r10, r6
     24e:	b7 28       	or	r11, r7
     250:	c8 28       	or	r12, r8
     252:	d9 28       	or	r13, r9
     254:	0b c0       	rjmp	.+22     	; 0x26c <_fpadd_parts+0x192>
     256:	82 15       	cp	r24, r2
     258:	93 05       	cpc	r25, r3
     25a:	2c f0       	brlt	.+10     	; 0x266 <_fpadd_parts+0x18c>
     25c:	1c 01       	movw	r2, r24
     25e:	aa 24       	eor	r10, r10
     260:	bb 24       	eor	r11, r11
     262:	65 01       	movw	r12, r10
     264:	03 c0       	rjmp	.+6      	; 0x26c <_fpadd_parts+0x192>
     266:	ee 24       	eor	r14, r14
     268:	ff 24       	eor	r15, r15
     26a:	87 01       	movw	r16, r14
     26c:	11 96       	adiw	r26, 0x01	; 1
     26e:	9c 91       	ld	r25, X
     270:	d2 01       	movw	r26, r4
     272:	11 96       	adiw	r26, 0x01	; 1
     274:	8c 91       	ld	r24, X
     276:	98 17       	cp	r25, r24
     278:	09 f4       	brne	.+2      	; 0x27c <_fpadd_parts+0x1a2>
     27a:	45 c0       	rjmp	.+138    	; 0x306 <_fpadd_parts+0x22c>
     27c:	99 23       	and	r25, r25
     27e:	39 f0       	breq	.+14     	; 0x28e <_fpadd_parts+0x1b4>
     280:	a8 01       	movw	r20, r16
     282:	97 01       	movw	r18, r14
     284:	2a 19       	sub	r18, r10
     286:	3b 09       	sbc	r19, r11
     288:	4c 09       	sbc	r20, r12
     28a:	5d 09       	sbc	r21, r13
     28c:	06 c0       	rjmp	.+12     	; 0x29a <_fpadd_parts+0x1c0>
     28e:	a6 01       	movw	r20, r12
     290:	95 01       	movw	r18, r10
     292:	2e 19       	sub	r18, r14
     294:	3f 09       	sbc	r19, r15
     296:	40 0b       	sbc	r20, r16
     298:	51 0b       	sbc	r21, r17
     29a:	57 fd       	sbrc	r21, 7
     29c:	08 c0       	rjmp	.+16     	; 0x2ae <_fpadd_parts+0x1d4>
     29e:	11 82       	std	Z+1, r1	; 0x01
     2a0:	33 82       	std	Z+3, r3	; 0x03
     2a2:	22 82       	std	Z+2, r2	; 0x02
     2a4:	24 83       	std	Z+4, r18	; 0x04
     2a6:	35 83       	std	Z+5, r19	; 0x05
     2a8:	46 83       	std	Z+6, r20	; 0x06
     2aa:	57 83       	std	Z+7, r21	; 0x07
     2ac:	1d c0       	rjmp	.+58     	; 0x2e8 <_fpadd_parts+0x20e>
     2ae:	81 e0       	ldi	r24, 0x01	; 1
     2b0:	81 83       	std	Z+1, r24	; 0x01
     2b2:	33 82       	std	Z+3, r3	; 0x03
     2b4:	22 82       	std	Z+2, r2	; 0x02
     2b6:	88 27       	eor	r24, r24
     2b8:	99 27       	eor	r25, r25
     2ba:	dc 01       	movw	r26, r24
     2bc:	82 1b       	sub	r24, r18
     2be:	93 0b       	sbc	r25, r19
     2c0:	a4 0b       	sbc	r26, r20
     2c2:	b5 0b       	sbc	r27, r21
     2c4:	84 83       	std	Z+4, r24	; 0x04
     2c6:	95 83       	std	Z+5, r25	; 0x05
     2c8:	a6 83       	std	Z+6, r26	; 0x06
     2ca:	b7 83       	std	Z+7, r27	; 0x07
     2cc:	0d c0       	rjmp	.+26     	; 0x2e8 <_fpadd_parts+0x20e>
     2ce:	22 0f       	add	r18, r18
     2d0:	33 1f       	adc	r19, r19
     2d2:	44 1f       	adc	r20, r20
     2d4:	55 1f       	adc	r21, r21
     2d6:	24 83       	std	Z+4, r18	; 0x04
     2d8:	35 83       	std	Z+5, r19	; 0x05
     2da:	46 83       	std	Z+6, r20	; 0x06
     2dc:	57 83       	std	Z+7, r21	; 0x07
     2de:	82 81       	ldd	r24, Z+2	; 0x02
     2e0:	93 81       	ldd	r25, Z+3	; 0x03
     2e2:	01 97       	sbiw	r24, 0x01	; 1
     2e4:	93 83       	std	Z+3, r25	; 0x03
     2e6:	82 83       	std	Z+2, r24	; 0x02
     2e8:	24 81       	ldd	r18, Z+4	; 0x04
     2ea:	35 81       	ldd	r19, Z+5	; 0x05
     2ec:	46 81       	ldd	r20, Z+6	; 0x06
     2ee:	57 81       	ldd	r21, Z+7	; 0x07
     2f0:	da 01       	movw	r26, r20
     2f2:	c9 01       	movw	r24, r18
     2f4:	01 97       	sbiw	r24, 0x01	; 1
     2f6:	a1 09       	sbc	r26, r1
     2f8:	b1 09       	sbc	r27, r1
     2fa:	8f 5f       	subi	r24, 0xFF	; 255
     2fc:	9f 4f       	sbci	r25, 0xFF	; 255
     2fe:	af 4f       	sbci	r26, 0xFF	; 255
     300:	bf 43       	sbci	r27, 0x3F	; 63
     302:	28 f3       	brcs	.-54     	; 0x2ce <_fpadd_parts+0x1f4>
     304:	0b c0       	rjmp	.+22     	; 0x31c <_fpadd_parts+0x242>
     306:	91 83       	std	Z+1, r25	; 0x01
     308:	33 82       	std	Z+3, r3	; 0x03
     30a:	22 82       	std	Z+2, r2	; 0x02
     30c:	ea 0c       	add	r14, r10
     30e:	fb 1c       	adc	r15, r11
     310:	0c 1d       	adc	r16, r12
     312:	1d 1d       	adc	r17, r13
     314:	e4 82       	std	Z+4, r14	; 0x04
     316:	f5 82       	std	Z+5, r15	; 0x05
     318:	06 83       	std	Z+6, r16	; 0x06
     31a:	17 83       	std	Z+7, r17	; 0x07
     31c:	83 e0       	ldi	r24, 0x03	; 3
     31e:	80 83       	st	Z, r24
     320:	24 81       	ldd	r18, Z+4	; 0x04
     322:	35 81       	ldd	r19, Z+5	; 0x05
     324:	46 81       	ldd	r20, Z+6	; 0x06
     326:	57 81       	ldd	r21, Z+7	; 0x07
     328:	57 ff       	sbrs	r21, 7
     32a:	1a c0       	rjmp	.+52     	; 0x360 <_fpadd_parts+0x286>
     32c:	c9 01       	movw	r24, r18
     32e:	aa 27       	eor	r26, r26
     330:	97 fd       	sbrc	r25, 7
     332:	a0 95       	com	r26
     334:	ba 2f       	mov	r27, r26
     336:	81 70       	andi	r24, 0x01	; 1
     338:	90 70       	andi	r25, 0x00	; 0
     33a:	a0 70       	andi	r26, 0x00	; 0
     33c:	b0 70       	andi	r27, 0x00	; 0
     33e:	56 95       	lsr	r21
     340:	47 95       	ror	r20
     342:	37 95       	ror	r19
     344:	27 95       	ror	r18
     346:	82 2b       	or	r24, r18
     348:	93 2b       	or	r25, r19
     34a:	a4 2b       	or	r26, r20
     34c:	b5 2b       	or	r27, r21
     34e:	84 83       	std	Z+4, r24	; 0x04
     350:	95 83       	std	Z+5, r25	; 0x05
     352:	a6 83       	std	Z+6, r26	; 0x06
     354:	b7 83       	std	Z+7, r27	; 0x07
     356:	82 81       	ldd	r24, Z+2	; 0x02
     358:	93 81       	ldd	r25, Z+3	; 0x03
     35a:	01 96       	adiw	r24, 0x01	; 1
     35c:	93 83       	std	Z+3, r25	; 0x03
     35e:	82 83       	std	Z+2, r24	; 0x02
     360:	df 01       	movw	r26, r30
     362:	01 c0       	rjmp	.+2      	; 0x366 <_fpadd_parts+0x28c>
     364:	d2 01       	movw	r26, r4
     366:	cd 01       	movw	r24, r26
     368:	cd b7       	in	r28, 0x3d	; 61
     36a:	de b7       	in	r29, 0x3e	; 62
     36c:	e2 e1       	ldi	r30, 0x12	; 18
     36e:	0c 94 5b 1b 	jmp	0x36b6	; 0x36b6 <__epilogue_restores__>

00000372 <__subsf3>:
     372:	a0 e2       	ldi	r26, 0x20	; 32
     374:	b0 e0       	ldi	r27, 0x00	; 0
     376:	ef eb       	ldi	r30, 0xBF	; 191
     378:	f1 e0       	ldi	r31, 0x01	; 1
     37a:	0c 94 4b 1b 	jmp	0x3696	; 0x3696 <__prologue_saves__+0x18>
     37e:	69 83       	std	Y+1, r22	; 0x01
     380:	7a 83       	std	Y+2, r23	; 0x02
     382:	8b 83       	std	Y+3, r24	; 0x03
     384:	9c 83       	std	Y+4, r25	; 0x04
     386:	2d 83       	std	Y+5, r18	; 0x05
     388:	3e 83       	std	Y+6, r19	; 0x06
     38a:	4f 83       	std	Y+7, r20	; 0x07
     38c:	58 87       	std	Y+8, r21	; 0x08
     38e:	e9 e0       	ldi	r30, 0x09	; 9
     390:	ee 2e       	mov	r14, r30
     392:	f1 2c       	mov	r15, r1
     394:	ec 0e       	add	r14, r28
     396:	fd 1e       	adc	r15, r29
     398:	ce 01       	movw	r24, r28
     39a:	01 96       	adiw	r24, 0x01	; 1
     39c:	b7 01       	movw	r22, r14
     39e:	0e 94 76 05 	call	0xaec	; 0xaec <__unpack_f>
     3a2:	8e 01       	movw	r16, r28
     3a4:	0f 5e       	subi	r16, 0xEF	; 239
     3a6:	1f 4f       	sbci	r17, 0xFF	; 255
     3a8:	ce 01       	movw	r24, r28
     3aa:	05 96       	adiw	r24, 0x05	; 5
     3ac:	b8 01       	movw	r22, r16
     3ae:	0e 94 76 05 	call	0xaec	; 0xaec <__unpack_f>
     3b2:	8a 89       	ldd	r24, Y+18	; 0x12
     3b4:	91 e0       	ldi	r25, 0x01	; 1
     3b6:	89 27       	eor	r24, r25
     3b8:	8a 8b       	std	Y+18, r24	; 0x12
     3ba:	c7 01       	movw	r24, r14
     3bc:	b8 01       	movw	r22, r16
     3be:	ae 01       	movw	r20, r28
     3c0:	47 5e       	subi	r20, 0xE7	; 231
     3c2:	5f 4f       	sbci	r21, 0xFF	; 255
     3c4:	0e 94 6d 00 	call	0xda	; 0xda <_fpadd_parts>
     3c8:	0e 94 a1 04 	call	0x942	; 0x942 <__pack_f>
     3cc:	a0 96       	adiw	r28, 0x20	; 32
     3ce:	e6 e0       	ldi	r30, 0x06	; 6
     3d0:	0c 94 67 1b 	jmp	0x36ce	; 0x36ce <__epilogue_restores__+0x18>

000003d4 <__addsf3>:
     3d4:	a0 e2       	ldi	r26, 0x20	; 32
     3d6:	b0 e0       	ldi	r27, 0x00	; 0
     3d8:	e0 ef       	ldi	r30, 0xF0	; 240
     3da:	f1 e0       	ldi	r31, 0x01	; 1
     3dc:	0c 94 4b 1b 	jmp	0x3696	; 0x3696 <__prologue_saves__+0x18>
     3e0:	69 83       	std	Y+1, r22	; 0x01
     3e2:	7a 83       	std	Y+2, r23	; 0x02
     3e4:	8b 83       	std	Y+3, r24	; 0x03
     3e6:	9c 83       	std	Y+4, r25	; 0x04
     3e8:	2d 83       	std	Y+5, r18	; 0x05
     3ea:	3e 83       	std	Y+6, r19	; 0x06
     3ec:	4f 83       	std	Y+7, r20	; 0x07
     3ee:	58 87       	std	Y+8, r21	; 0x08
     3f0:	f9 e0       	ldi	r31, 0x09	; 9
     3f2:	ef 2e       	mov	r14, r31
     3f4:	f1 2c       	mov	r15, r1
     3f6:	ec 0e       	add	r14, r28
     3f8:	fd 1e       	adc	r15, r29
     3fa:	ce 01       	movw	r24, r28
     3fc:	01 96       	adiw	r24, 0x01	; 1
     3fe:	b7 01       	movw	r22, r14
     400:	0e 94 76 05 	call	0xaec	; 0xaec <__unpack_f>
     404:	8e 01       	movw	r16, r28
     406:	0f 5e       	subi	r16, 0xEF	; 239
     408:	1f 4f       	sbci	r17, 0xFF	; 255
     40a:	ce 01       	movw	r24, r28
     40c:	05 96       	adiw	r24, 0x05	; 5
     40e:	b8 01       	movw	r22, r16
     410:	0e 94 76 05 	call	0xaec	; 0xaec <__unpack_f>
     414:	c7 01       	movw	r24, r14
     416:	b8 01       	movw	r22, r16
     418:	ae 01       	movw	r20, r28
     41a:	47 5e       	subi	r20, 0xE7	; 231
     41c:	5f 4f       	sbci	r21, 0xFF	; 255
     41e:	0e 94 6d 00 	call	0xda	; 0xda <_fpadd_parts>
     422:	0e 94 a1 04 	call	0x942	; 0x942 <__pack_f>
     426:	a0 96       	adiw	r28, 0x20	; 32
     428:	e6 e0       	ldi	r30, 0x06	; 6
     42a:	0c 94 67 1b 	jmp	0x36ce	; 0x36ce <__epilogue_restores__+0x18>

0000042e <__mulsf3>:
     42e:	a0 e2       	ldi	r26, 0x20	; 32
     430:	b0 e0       	ldi	r27, 0x00	; 0
     432:	ed e1       	ldi	r30, 0x1D	; 29
     434:	f2 e0       	ldi	r31, 0x02	; 2
     436:	0c 94 3f 1b 	jmp	0x367e	; 0x367e <__prologue_saves__>
     43a:	69 83       	std	Y+1, r22	; 0x01
     43c:	7a 83       	std	Y+2, r23	; 0x02
     43e:	8b 83       	std	Y+3, r24	; 0x03
     440:	9c 83       	std	Y+4, r25	; 0x04
     442:	2d 83       	std	Y+5, r18	; 0x05
     444:	3e 83       	std	Y+6, r19	; 0x06
     446:	4f 83       	std	Y+7, r20	; 0x07
     448:	58 87       	std	Y+8, r21	; 0x08
     44a:	ce 01       	movw	r24, r28
     44c:	01 96       	adiw	r24, 0x01	; 1
     44e:	be 01       	movw	r22, r28
     450:	67 5f       	subi	r22, 0xF7	; 247
     452:	7f 4f       	sbci	r23, 0xFF	; 255
     454:	0e 94 76 05 	call	0xaec	; 0xaec <__unpack_f>
     458:	ce 01       	movw	r24, r28
     45a:	05 96       	adiw	r24, 0x05	; 5
     45c:	be 01       	movw	r22, r28
     45e:	6f 5e       	subi	r22, 0xEF	; 239
     460:	7f 4f       	sbci	r23, 0xFF	; 255
     462:	0e 94 76 05 	call	0xaec	; 0xaec <__unpack_f>
     466:	99 85       	ldd	r25, Y+9	; 0x09
     468:	92 30       	cpi	r25, 0x02	; 2
     46a:	88 f0       	brcs	.+34     	; 0x48e <__mulsf3+0x60>
     46c:	89 89       	ldd	r24, Y+17	; 0x11
     46e:	82 30       	cpi	r24, 0x02	; 2
     470:	c8 f0       	brcs	.+50     	; 0x4a4 <__mulsf3+0x76>
     472:	94 30       	cpi	r25, 0x04	; 4
     474:	19 f4       	brne	.+6      	; 0x47c <__mulsf3+0x4e>
     476:	82 30       	cpi	r24, 0x02	; 2
     478:	51 f4       	brne	.+20     	; 0x48e <__mulsf3+0x60>
     47a:	04 c0       	rjmp	.+8      	; 0x484 <__mulsf3+0x56>
     47c:	84 30       	cpi	r24, 0x04	; 4
     47e:	29 f4       	brne	.+10     	; 0x48a <__mulsf3+0x5c>
     480:	92 30       	cpi	r25, 0x02	; 2
     482:	81 f4       	brne	.+32     	; 0x4a4 <__mulsf3+0x76>
     484:	80 ed       	ldi	r24, 0xD0	; 208
     486:	90 e0       	ldi	r25, 0x00	; 0
     488:	c6 c0       	rjmp	.+396    	; 0x616 <__mulsf3+0x1e8>
     48a:	92 30       	cpi	r25, 0x02	; 2
     48c:	49 f4       	brne	.+18     	; 0x4a0 <__mulsf3+0x72>
     48e:	20 e0       	ldi	r18, 0x00	; 0
     490:	9a 85       	ldd	r25, Y+10	; 0x0a
     492:	8a 89       	ldd	r24, Y+18	; 0x12
     494:	98 13       	cpse	r25, r24
     496:	21 e0       	ldi	r18, 0x01	; 1
     498:	2a 87       	std	Y+10, r18	; 0x0a
     49a:	ce 01       	movw	r24, r28
     49c:	09 96       	adiw	r24, 0x09	; 9
     49e:	bb c0       	rjmp	.+374    	; 0x616 <__mulsf3+0x1e8>
     4a0:	82 30       	cpi	r24, 0x02	; 2
     4a2:	49 f4       	brne	.+18     	; 0x4b6 <__mulsf3+0x88>
     4a4:	20 e0       	ldi	r18, 0x00	; 0
     4a6:	9a 85       	ldd	r25, Y+10	; 0x0a
     4a8:	8a 89       	ldd	r24, Y+18	; 0x12
     4aa:	98 13       	cpse	r25, r24
     4ac:	21 e0       	ldi	r18, 0x01	; 1
     4ae:	2a 8b       	std	Y+18, r18	; 0x12
     4b0:	ce 01       	movw	r24, r28
     4b2:	41 96       	adiw	r24, 0x11	; 17
     4b4:	b0 c0       	rjmp	.+352    	; 0x616 <__mulsf3+0x1e8>
     4b6:	2d 84       	ldd	r2, Y+13	; 0x0d
     4b8:	3e 84       	ldd	r3, Y+14	; 0x0e
     4ba:	4f 84       	ldd	r4, Y+15	; 0x0f
     4bc:	58 88       	ldd	r5, Y+16	; 0x10
     4be:	6d 88       	ldd	r6, Y+21	; 0x15
     4c0:	7e 88       	ldd	r7, Y+22	; 0x16
     4c2:	8f 88       	ldd	r8, Y+23	; 0x17
     4c4:	98 8c       	ldd	r9, Y+24	; 0x18
     4c6:	ee 24       	eor	r14, r14
     4c8:	ff 24       	eor	r15, r15
     4ca:	87 01       	movw	r16, r14
     4cc:	aa 24       	eor	r10, r10
     4ce:	bb 24       	eor	r11, r11
     4d0:	65 01       	movw	r12, r10
     4d2:	40 e0       	ldi	r20, 0x00	; 0
     4d4:	50 e0       	ldi	r21, 0x00	; 0
     4d6:	60 e0       	ldi	r22, 0x00	; 0
     4d8:	70 e0       	ldi	r23, 0x00	; 0
     4da:	e0 e0       	ldi	r30, 0x00	; 0
     4dc:	f0 e0       	ldi	r31, 0x00	; 0
     4de:	c1 01       	movw	r24, r2
     4e0:	81 70       	andi	r24, 0x01	; 1
     4e2:	90 70       	andi	r25, 0x00	; 0
     4e4:	89 2b       	or	r24, r25
     4e6:	e9 f0       	breq	.+58     	; 0x522 <__mulsf3+0xf4>
     4e8:	e6 0c       	add	r14, r6
     4ea:	f7 1c       	adc	r15, r7
     4ec:	08 1d       	adc	r16, r8
     4ee:	19 1d       	adc	r17, r9
     4f0:	9a 01       	movw	r18, r20
     4f2:	ab 01       	movw	r20, r22
     4f4:	2a 0d       	add	r18, r10
     4f6:	3b 1d       	adc	r19, r11
     4f8:	4c 1d       	adc	r20, r12
     4fa:	5d 1d       	adc	r21, r13
     4fc:	80 e0       	ldi	r24, 0x00	; 0
     4fe:	90 e0       	ldi	r25, 0x00	; 0
     500:	a0 e0       	ldi	r26, 0x00	; 0
     502:	b0 e0       	ldi	r27, 0x00	; 0
     504:	e6 14       	cp	r14, r6
     506:	f7 04       	cpc	r15, r7
     508:	08 05       	cpc	r16, r8
     50a:	19 05       	cpc	r17, r9
     50c:	20 f4       	brcc	.+8      	; 0x516 <__mulsf3+0xe8>
     50e:	81 e0       	ldi	r24, 0x01	; 1
     510:	90 e0       	ldi	r25, 0x00	; 0
     512:	a0 e0       	ldi	r26, 0x00	; 0
     514:	b0 e0       	ldi	r27, 0x00	; 0
     516:	ba 01       	movw	r22, r20
     518:	a9 01       	movw	r20, r18
     51a:	48 0f       	add	r20, r24
     51c:	59 1f       	adc	r21, r25
     51e:	6a 1f       	adc	r22, r26
     520:	7b 1f       	adc	r23, r27
     522:	aa 0c       	add	r10, r10
     524:	bb 1c       	adc	r11, r11
     526:	cc 1c       	adc	r12, r12
     528:	dd 1c       	adc	r13, r13
     52a:	97 fe       	sbrs	r9, 7
     52c:	08 c0       	rjmp	.+16     	; 0x53e <__mulsf3+0x110>
     52e:	81 e0       	ldi	r24, 0x01	; 1
     530:	90 e0       	ldi	r25, 0x00	; 0
     532:	a0 e0       	ldi	r26, 0x00	; 0
     534:	b0 e0       	ldi	r27, 0x00	; 0
     536:	a8 2a       	or	r10, r24
     538:	b9 2a       	or	r11, r25
     53a:	ca 2a       	or	r12, r26
     53c:	db 2a       	or	r13, r27
     53e:	31 96       	adiw	r30, 0x01	; 1
     540:	e0 32       	cpi	r30, 0x20	; 32
     542:	f1 05       	cpc	r31, r1
     544:	49 f0       	breq	.+18     	; 0x558 <__mulsf3+0x12a>
     546:	66 0c       	add	r6, r6
     548:	77 1c       	adc	r7, r7
     54a:	88 1c       	adc	r8, r8
     54c:	99 1c       	adc	r9, r9
     54e:	56 94       	lsr	r5
     550:	47 94       	ror	r4
     552:	37 94       	ror	r3
     554:	27 94       	ror	r2
     556:	c3 cf       	rjmp	.-122    	; 0x4de <__mulsf3+0xb0>
     558:	fa 85       	ldd	r31, Y+10	; 0x0a
     55a:	ea 89       	ldd	r30, Y+18	; 0x12
     55c:	2b 89       	ldd	r18, Y+19	; 0x13
     55e:	3c 89       	ldd	r19, Y+20	; 0x14
     560:	8b 85       	ldd	r24, Y+11	; 0x0b
     562:	9c 85       	ldd	r25, Y+12	; 0x0c
     564:	28 0f       	add	r18, r24
     566:	39 1f       	adc	r19, r25
     568:	2e 5f       	subi	r18, 0xFE	; 254
     56a:	3f 4f       	sbci	r19, 0xFF	; 255
     56c:	17 c0       	rjmp	.+46     	; 0x59c <__mulsf3+0x16e>
     56e:	ca 01       	movw	r24, r20
     570:	81 70       	andi	r24, 0x01	; 1
     572:	90 70       	andi	r25, 0x00	; 0
     574:	89 2b       	or	r24, r25
     576:	61 f0       	breq	.+24     	; 0x590 <__mulsf3+0x162>
     578:	16 95       	lsr	r17
     57a:	07 95       	ror	r16
     57c:	f7 94       	ror	r15
     57e:	e7 94       	ror	r14
     580:	80 e0       	ldi	r24, 0x00	; 0
     582:	90 e0       	ldi	r25, 0x00	; 0
     584:	a0 e0       	ldi	r26, 0x00	; 0
     586:	b0 e8       	ldi	r27, 0x80	; 128
     588:	e8 2a       	or	r14, r24
     58a:	f9 2a       	or	r15, r25
     58c:	0a 2b       	or	r16, r26
     58e:	1b 2b       	or	r17, r27
     590:	76 95       	lsr	r23
     592:	67 95       	ror	r22
     594:	57 95       	ror	r21
     596:	47 95       	ror	r20
     598:	2f 5f       	subi	r18, 0xFF	; 255
     59a:	3f 4f       	sbci	r19, 0xFF	; 255
     59c:	77 fd       	sbrc	r23, 7
     59e:	e7 cf       	rjmp	.-50     	; 0x56e <__mulsf3+0x140>
     5a0:	0c c0       	rjmp	.+24     	; 0x5ba <__mulsf3+0x18c>
     5a2:	44 0f       	add	r20, r20
     5a4:	55 1f       	adc	r21, r21
     5a6:	66 1f       	adc	r22, r22
     5a8:	77 1f       	adc	r23, r23
     5aa:	17 fd       	sbrc	r17, 7
     5ac:	41 60       	ori	r20, 0x01	; 1
     5ae:	ee 0c       	add	r14, r14
     5b0:	ff 1c       	adc	r15, r15
     5b2:	00 1f       	adc	r16, r16
     5b4:	11 1f       	adc	r17, r17
     5b6:	21 50       	subi	r18, 0x01	; 1
     5b8:	30 40       	sbci	r19, 0x00	; 0
     5ba:	40 30       	cpi	r20, 0x00	; 0
     5bc:	90 e0       	ldi	r25, 0x00	; 0
     5be:	59 07       	cpc	r21, r25
     5c0:	90 e0       	ldi	r25, 0x00	; 0
     5c2:	69 07       	cpc	r22, r25
     5c4:	90 e4       	ldi	r25, 0x40	; 64
     5c6:	79 07       	cpc	r23, r25
     5c8:	60 f3       	brcs	.-40     	; 0x5a2 <__mulsf3+0x174>
     5ca:	2b 8f       	std	Y+27, r18	; 0x1b
     5cc:	3c 8f       	std	Y+28, r19	; 0x1c
     5ce:	db 01       	movw	r26, r22
     5d0:	ca 01       	movw	r24, r20
     5d2:	8f 77       	andi	r24, 0x7F	; 127
     5d4:	90 70       	andi	r25, 0x00	; 0
     5d6:	a0 70       	andi	r26, 0x00	; 0
     5d8:	b0 70       	andi	r27, 0x00	; 0
     5da:	80 34       	cpi	r24, 0x40	; 64
     5dc:	91 05       	cpc	r25, r1
     5de:	a1 05       	cpc	r26, r1
     5e0:	b1 05       	cpc	r27, r1
     5e2:	61 f4       	brne	.+24     	; 0x5fc <__mulsf3+0x1ce>
     5e4:	47 fd       	sbrc	r20, 7
     5e6:	0a c0       	rjmp	.+20     	; 0x5fc <__mulsf3+0x1ce>
     5e8:	e1 14       	cp	r14, r1
     5ea:	f1 04       	cpc	r15, r1
     5ec:	01 05       	cpc	r16, r1
     5ee:	11 05       	cpc	r17, r1
     5f0:	29 f0       	breq	.+10     	; 0x5fc <__mulsf3+0x1ce>
     5f2:	40 5c       	subi	r20, 0xC0	; 192
     5f4:	5f 4f       	sbci	r21, 0xFF	; 255
     5f6:	6f 4f       	sbci	r22, 0xFF	; 255
     5f8:	7f 4f       	sbci	r23, 0xFF	; 255
     5fa:	40 78       	andi	r20, 0x80	; 128
     5fc:	1a 8e       	std	Y+26, r1	; 0x1a
     5fe:	fe 17       	cp	r31, r30
     600:	11 f0       	breq	.+4      	; 0x606 <__mulsf3+0x1d8>
     602:	81 e0       	ldi	r24, 0x01	; 1
     604:	8a 8f       	std	Y+26, r24	; 0x1a
     606:	4d 8f       	std	Y+29, r20	; 0x1d
     608:	5e 8f       	std	Y+30, r21	; 0x1e
     60a:	6f 8f       	std	Y+31, r22	; 0x1f
     60c:	78 a3       	std	Y+32, r23	; 0x20
     60e:	83 e0       	ldi	r24, 0x03	; 3
     610:	89 8f       	std	Y+25, r24	; 0x19
     612:	ce 01       	movw	r24, r28
     614:	49 96       	adiw	r24, 0x19	; 25
     616:	0e 94 a1 04 	call	0x942	; 0x942 <__pack_f>
     61a:	a0 96       	adiw	r28, 0x20	; 32
     61c:	e2 e1       	ldi	r30, 0x12	; 18
     61e:	0c 94 5b 1b 	jmp	0x36b6	; 0x36b6 <__epilogue_restores__>

00000622 <__divsf3>:
     622:	a8 e1       	ldi	r26, 0x18	; 24
     624:	b0 e0       	ldi	r27, 0x00	; 0
     626:	e7 e1       	ldi	r30, 0x17	; 23
     628:	f3 e0       	ldi	r31, 0x03	; 3
     62a:	0c 94 47 1b 	jmp	0x368e	; 0x368e <__prologue_saves__+0x10>
     62e:	69 83       	std	Y+1, r22	; 0x01
     630:	7a 83       	std	Y+2, r23	; 0x02
     632:	8b 83       	std	Y+3, r24	; 0x03
     634:	9c 83       	std	Y+4, r25	; 0x04
     636:	2d 83       	std	Y+5, r18	; 0x05
     638:	3e 83       	std	Y+6, r19	; 0x06
     63a:	4f 83       	std	Y+7, r20	; 0x07
     63c:	58 87       	std	Y+8, r21	; 0x08
     63e:	b9 e0       	ldi	r27, 0x09	; 9
     640:	eb 2e       	mov	r14, r27
     642:	f1 2c       	mov	r15, r1
     644:	ec 0e       	add	r14, r28
     646:	fd 1e       	adc	r15, r29
     648:	ce 01       	movw	r24, r28
     64a:	01 96       	adiw	r24, 0x01	; 1
     64c:	b7 01       	movw	r22, r14
     64e:	0e 94 76 05 	call	0xaec	; 0xaec <__unpack_f>
     652:	8e 01       	movw	r16, r28
     654:	0f 5e       	subi	r16, 0xEF	; 239
     656:	1f 4f       	sbci	r17, 0xFF	; 255
     658:	ce 01       	movw	r24, r28
     65a:	05 96       	adiw	r24, 0x05	; 5
     65c:	b8 01       	movw	r22, r16
     65e:	0e 94 76 05 	call	0xaec	; 0xaec <__unpack_f>
     662:	29 85       	ldd	r18, Y+9	; 0x09
     664:	22 30       	cpi	r18, 0x02	; 2
     666:	08 f4       	brcc	.+2      	; 0x66a <__divsf3+0x48>
     668:	7e c0       	rjmp	.+252    	; 0x766 <__divsf3+0x144>
     66a:	39 89       	ldd	r19, Y+17	; 0x11
     66c:	32 30       	cpi	r19, 0x02	; 2
     66e:	10 f4       	brcc	.+4      	; 0x674 <__divsf3+0x52>
     670:	b8 01       	movw	r22, r16
     672:	7c c0       	rjmp	.+248    	; 0x76c <__divsf3+0x14a>
     674:	8a 85       	ldd	r24, Y+10	; 0x0a
     676:	9a 89       	ldd	r25, Y+18	; 0x12
     678:	89 27       	eor	r24, r25
     67a:	8a 87       	std	Y+10, r24	; 0x0a
     67c:	24 30       	cpi	r18, 0x04	; 4
     67e:	11 f0       	breq	.+4      	; 0x684 <__divsf3+0x62>
     680:	22 30       	cpi	r18, 0x02	; 2
     682:	31 f4       	brne	.+12     	; 0x690 <__divsf3+0x6e>
     684:	23 17       	cp	r18, r19
     686:	09 f0       	breq	.+2      	; 0x68a <__divsf3+0x68>
     688:	6e c0       	rjmp	.+220    	; 0x766 <__divsf3+0x144>
     68a:	60 ed       	ldi	r22, 0xD0	; 208
     68c:	70 e0       	ldi	r23, 0x00	; 0
     68e:	6e c0       	rjmp	.+220    	; 0x76c <__divsf3+0x14a>
     690:	34 30       	cpi	r19, 0x04	; 4
     692:	39 f4       	brne	.+14     	; 0x6a2 <__divsf3+0x80>
     694:	1d 86       	std	Y+13, r1	; 0x0d
     696:	1e 86       	std	Y+14, r1	; 0x0e
     698:	1f 86       	std	Y+15, r1	; 0x0f
     69a:	18 8a       	std	Y+16, r1	; 0x10
     69c:	1c 86       	std	Y+12, r1	; 0x0c
     69e:	1b 86       	std	Y+11, r1	; 0x0b
     6a0:	04 c0       	rjmp	.+8      	; 0x6aa <__divsf3+0x88>
     6a2:	32 30       	cpi	r19, 0x02	; 2
     6a4:	21 f4       	brne	.+8      	; 0x6ae <__divsf3+0x8c>
     6a6:	84 e0       	ldi	r24, 0x04	; 4
     6a8:	89 87       	std	Y+9, r24	; 0x09
     6aa:	b7 01       	movw	r22, r14
     6ac:	5f c0       	rjmp	.+190    	; 0x76c <__divsf3+0x14a>
     6ae:	2b 85       	ldd	r18, Y+11	; 0x0b
     6b0:	3c 85       	ldd	r19, Y+12	; 0x0c
     6b2:	8b 89       	ldd	r24, Y+19	; 0x13
     6b4:	9c 89       	ldd	r25, Y+20	; 0x14
     6b6:	28 1b       	sub	r18, r24
     6b8:	39 0b       	sbc	r19, r25
     6ba:	3c 87       	std	Y+12, r19	; 0x0c
     6bc:	2b 87       	std	Y+11, r18	; 0x0b
     6be:	ed 84       	ldd	r14, Y+13	; 0x0d
     6c0:	fe 84       	ldd	r15, Y+14	; 0x0e
     6c2:	0f 85       	ldd	r16, Y+15	; 0x0f
     6c4:	18 89       	ldd	r17, Y+16	; 0x10
     6c6:	ad 88       	ldd	r10, Y+21	; 0x15
     6c8:	be 88       	ldd	r11, Y+22	; 0x16
     6ca:	cf 88       	ldd	r12, Y+23	; 0x17
     6cc:	d8 8c       	ldd	r13, Y+24	; 0x18
     6ce:	ea 14       	cp	r14, r10
     6d0:	fb 04       	cpc	r15, r11
     6d2:	0c 05       	cpc	r16, r12
     6d4:	1d 05       	cpc	r17, r13
     6d6:	40 f4       	brcc	.+16     	; 0x6e8 <__divsf3+0xc6>
     6d8:	ee 0c       	add	r14, r14
     6da:	ff 1c       	adc	r15, r15
     6dc:	00 1f       	adc	r16, r16
     6de:	11 1f       	adc	r17, r17
     6e0:	21 50       	subi	r18, 0x01	; 1
     6e2:	30 40       	sbci	r19, 0x00	; 0
     6e4:	3c 87       	std	Y+12, r19	; 0x0c
     6e6:	2b 87       	std	Y+11, r18	; 0x0b
     6e8:	20 e0       	ldi	r18, 0x00	; 0
     6ea:	30 e0       	ldi	r19, 0x00	; 0
     6ec:	40 e0       	ldi	r20, 0x00	; 0
     6ee:	50 e0       	ldi	r21, 0x00	; 0
     6f0:	80 e0       	ldi	r24, 0x00	; 0
     6f2:	90 e0       	ldi	r25, 0x00	; 0
     6f4:	a0 e0       	ldi	r26, 0x00	; 0
     6f6:	b0 e4       	ldi	r27, 0x40	; 64
     6f8:	60 e0       	ldi	r22, 0x00	; 0
     6fa:	70 e0       	ldi	r23, 0x00	; 0
     6fc:	ea 14       	cp	r14, r10
     6fe:	fb 04       	cpc	r15, r11
     700:	0c 05       	cpc	r16, r12
     702:	1d 05       	cpc	r17, r13
     704:	40 f0       	brcs	.+16     	; 0x716 <__divsf3+0xf4>
     706:	28 2b       	or	r18, r24
     708:	39 2b       	or	r19, r25
     70a:	4a 2b       	or	r20, r26
     70c:	5b 2b       	or	r21, r27
     70e:	ea 18       	sub	r14, r10
     710:	fb 08       	sbc	r15, r11
     712:	0c 09       	sbc	r16, r12
     714:	1d 09       	sbc	r17, r13
     716:	b6 95       	lsr	r27
     718:	a7 95       	ror	r26
     71a:	97 95       	ror	r25
     71c:	87 95       	ror	r24
     71e:	ee 0c       	add	r14, r14
     720:	ff 1c       	adc	r15, r15
     722:	00 1f       	adc	r16, r16
     724:	11 1f       	adc	r17, r17
     726:	6f 5f       	subi	r22, 0xFF	; 255
     728:	7f 4f       	sbci	r23, 0xFF	; 255
     72a:	6f 31       	cpi	r22, 0x1F	; 31
     72c:	71 05       	cpc	r23, r1
     72e:	31 f7       	brne	.-52     	; 0x6fc <__divsf3+0xda>
     730:	da 01       	movw	r26, r20
     732:	c9 01       	movw	r24, r18
     734:	8f 77       	andi	r24, 0x7F	; 127
     736:	90 70       	andi	r25, 0x00	; 0
     738:	a0 70       	andi	r26, 0x00	; 0
     73a:	b0 70       	andi	r27, 0x00	; 0
     73c:	80 34       	cpi	r24, 0x40	; 64
     73e:	91 05       	cpc	r25, r1
     740:	a1 05       	cpc	r26, r1
     742:	b1 05       	cpc	r27, r1
     744:	61 f4       	brne	.+24     	; 0x75e <__divsf3+0x13c>
     746:	27 fd       	sbrc	r18, 7
     748:	0a c0       	rjmp	.+20     	; 0x75e <__divsf3+0x13c>
     74a:	e1 14       	cp	r14, r1
     74c:	f1 04       	cpc	r15, r1
     74e:	01 05       	cpc	r16, r1
     750:	11 05       	cpc	r17, r1
     752:	29 f0       	breq	.+10     	; 0x75e <__divsf3+0x13c>
     754:	20 5c       	subi	r18, 0xC0	; 192
     756:	3f 4f       	sbci	r19, 0xFF	; 255
     758:	4f 4f       	sbci	r20, 0xFF	; 255
     75a:	5f 4f       	sbci	r21, 0xFF	; 255
     75c:	20 78       	andi	r18, 0x80	; 128
     75e:	2d 87       	std	Y+13, r18	; 0x0d
     760:	3e 87       	std	Y+14, r19	; 0x0e
     762:	4f 87       	std	Y+15, r20	; 0x0f
     764:	58 8b       	std	Y+16, r21	; 0x10
     766:	be 01       	movw	r22, r28
     768:	67 5f       	subi	r22, 0xF7	; 247
     76a:	7f 4f       	sbci	r23, 0xFF	; 255
     76c:	cb 01       	movw	r24, r22
     76e:	0e 94 a1 04 	call	0x942	; 0x942 <__pack_f>
     772:	68 96       	adiw	r28, 0x18	; 24
     774:	ea e0       	ldi	r30, 0x0A	; 10
     776:	0c 94 63 1b 	jmp	0x36c6	; 0x36c6 <__epilogue_restores__+0x10>

0000077a <__gtsf2>:
     77a:	a8 e1       	ldi	r26, 0x18	; 24
     77c:	b0 e0       	ldi	r27, 0x00	; 0
     77e:	e3 ec       	ldi	r30, 0xC3	; 195
     780:	f3 e0       	ldi	r31, 0x03	; 3
     782:	0c 94 4b 1b 	jmp	0x3696	; 0x3696 <__prologue_saves__+0x18>
     786:	69 83       	std	Y+1, r22	; 0x01
     788:	7a 83       	std	Y+2, r23	; 0x02
     78a:	8b 83       	std	Y+3, r24	; 0x03
     78c:	9c 83       	std	Y+4, r25	; 0x04
     78e:	2d 83       	std	Y+5, r18	; 0x05
     790:	3e 83       	std	Y+6, r19	; 0x06
     792:	4f 83       	std	Y+7, r20	; 0x07
     794:	58 87       	std	Y+8, r21	; 0x08
     796:	89 e0       	ldi	r24, 0x09	; 9
     798:	e8 2e       	mov	r14, r24
     79a:	f1 2c       	mov	r15, r1
     79c:	ec 0e       	add	r14, r28
     79e:	fd 1e       	adc	r15, r29
     7a0:	ce 01       	movw	r24, r28
     7a2:	01 96       	adiw	r24, 0x01	; 1
     7a4:	b7 01       	movw	r22, r14
     7a6:	0e 94 76 05 	call	0xaec	; 0xaec <__unpack_f>
     7aa:	8e 01       	movw	r16, r28
     7ac:	0f 5e       	subi	r16, 0xEF	; 239
     7ae:	1f 4f       	sbci	r17, 0xFF	; 255
     7b0:	ce 01       	movw	r24, r28
     7b2:	05 96       	adiw	r24, 0x05	; 5
     7b4:	b8 01       	movw	r22, r16
     7b6:	0e 94 76 05 	call	0xaec	; 0xaec <__unpack_f>
     7ba:	89 85       	ldd	r24, Y+9	; 0x09
     7bc:	82 30       	cpi	r24, 0x02	; 2
     7be:	40 f0       	brcs	.+16     	; 0x7d0 <__gtsf2+0x56>
     7c0:	89 89       	ldd	r24, Y+17	; 0x11
     7c2:	82 30       	cpi	r24, 0x02	; 2
     7c4:	28 f0       	brcs	.+10     	; 0x7d0 <__gtsf2+0x56>
     7c6:	c7 01       	movw	r24, r14
     7c8:	b8 01       	movw	r22, r16
     7ca:	0e 94 ee 05 	call	0xbdc	; 0xbdc <__fpcmp_parts_f>
     7ce:	01 c0       	rjmp	.+2      	; 0x7d2 <__gtsf2+0x58>
     7d0:	8f ef       	ldi	r24, 0xFF	; 255
     7d2:	68 96       	adiw	r28, 0x18	; 24
     7d4:	e6 e0       	ldi	r30, 0x06	; 6
     7d6:	0c 94 67 1b 	jmp	0x36ce	; 0x36ce <__epilogue_restores__+0x18>

000007da <__gesf2>:
     7da:	a8 e1       	ldi	r26, 0x18	; 24
     7dc:	b0 e0       	ldi	r27, 0x00	; 0
     7de:	e3 ef       	ldi	r30, 0xF3	; 243
     7e0:	f3 e0       	ldi	r31, 0x03	; 3
     7e2:	0c 94 4b 1b 	jmp	0x3696	; 0x3696 <__prologue_saves__+0x18>
     7e6:	69 83       	std	Y+1, r22	; 0x01
     7e8:	7a 83       	std	Y+2, r23	; 0x02
     7ea:	8b 83       	std	Y+3, r24	; 0x03
     7ec:	9c 83       	std	Y+4, r25	; 0x04
     7ee:	2d 83       	std	Y+5, r18	; 0x05
     7f0:	3e 83       	std	Y+6, r19	; 0x06
     7f2:	4f 83       	std	Y+7, r20	; 0x07
     7f4:	58 87       	std	Y+8, r21	; 0x08
     7f6:	89 e0       	ldi	r24, 0x09	; 9
     7f8:	e8 2e       	mov	r14, r24
     7fa:	f1 2c       	mov	r15, r1
     7fc:	ec 0e       	add	r14, r28
     7fe:	fd 1e       	adc	r15, r29
     800:	ce 01       	movw	r24, r28
     802:	01 96       	adiw	r24, 0x01	; 1
     804:	b7 01       	movw	r22, r14
     806:	0e 94 76 05 	call	0xaec	; 0xaec <__unpack_f>
     80a:	8e 01       	movw	r16, r28
     80c:	0f 5e       	subi	r16, 0xEF	; 239
     80e:	1f 4f       	sbci	r17, 0xFF	; 255
     810:	ce 01       	movw	r24, r28
     812:	05 96       	adiw	r24, 0x05	; 5
     814:	b8 01       	movw	r22, r16
     816:	0e 94 76 05 	call	0xaec	; 0xaec <__unpack_f>
     81a:	89 85       	ldd	r24, Y+9	; 0x09
     81c:	82 30       	cpi	r24, 0x02	; 2
     81e:	40 f0       	brcs	.+16     	; 0x830 <__gesf2+0x56>
     820:	89 89       	ldd	r24, Y+17	; 0x11
     822:	82 30       	cpi	r24, 0x02	; 2
     824:	28 f0       	brcs	.+10     	; 0x830 <__gesf2+0x56>
     826:	c7 01       	movw	r24, r14
     828:	b8 01       	movw	r22, r16
     82a:	0e 94 ee 05 	call	0xbdc	; 0xbdc <__fpcmp_parts_f>
     82e:	01 c0       	rjmp	.+2      	; 0x832 <__gesf2+0x58>
     830:	8f ef       	ldi	r24, 0xFF	; 255
     832:	68 96       	adiw	r28, 0x18	; 24
     834:	e6 e0       	ldi	r30, 0x06	; 6
     836:	0c 94 67 1b 	jmp	0x36ce	; 0x36ce <__epilogue_restores__+0x18>

0000083a <__ltsf2>:
     83a:	a8 e1       	ldi	r26, 0x18	; 24
     83c:	b0 e0       	ldi	r27, 0x00	; 0
     83e:	e3 e2       	ldi	r30, 0x23	; 35
     840:	f4 e0       	ldi	r31, 0x04	; 4
     842:	0c 94 4b 1b 	jmp	0x3696	; 0x3696 <__prologue_saves__+0x18>
     846:	69 83       	std	Y+1, r22	; 0x01
     848:	7a 83       	std	Y+2, r23	; 0x02
     84a:	8b 83       	std	Y+3, r24	; 0x03
     84c:	9c 83       	std	Y+4, r25	; 0x04
     84e:	2d 83       	std	Y+5, r18	; 0x05
     850:	3e 83       	std	Y+6, r19	; 0x06
     852:	4f 83       	std	Y+7, r20	; 0x07
     854:	58 87       	std	Y+8, r21	; 0x08
     856:	89 e0       	ldi	r24, 0x09	; 9
     858:	e8 2e       	mov	r14, r24
     85a:	f1 2c       	mov	r15, r1
     85c:	ec 0e       	add	r14, r28
     85e:	fd 1e       	adc	r15, r29
     860:	ce 01       	movw	r24, r28
     862:	01 96       	adiw	r24, 0x01	; 1
     864:	b7 01       	movw	r22, r14
     866:	0e 94 76 05 	call	0xaec	; 0xaec <__unpack_f>
     86a:	8e 01       	movw	r16, r28
     86c:	0f 5e       	subi	r16, 0xEF	; 239
     86e:	1f 4f       	sbci	r17, 0xFF	; 255
     870:	ce 01       	movw	r24, r28
     872:	05 96       	adiw	r24, 0x05	; 5
     874:	b8 01       	movw	r22, r16
     876:	0e 94 76 05 	call	0xaec	; 0xaec <__unpack_f>
     87a:	89 85       	ldd	r24, Y+9	; 0x09
     87c:	82 30       	cpi	r24, 0x02	; 2
     87e:	40 f0       	brcs	.+16     	; 0x890 <__stack+0x31>
     880:	89 89       	ldd	r24, Y+17	; 0x11
     882:	82 30       	cpi	r24, 0x02	; 2
     884:	28 f0       	brcs	.+10     	; 0x890 <__stack+0x31>
     886:	c7 01       	movw	r24, r14
     888:	b8 01       	movw	r22, r16
     88a:	0e 94 ee 05 	call	0xbdc	; 0xbdc <__fpcmp_parts_f>
     88e:	01 c0       	rjmp	.+2      	; 0x892 <__stack+0x33>
     890:	81 e0       	ldi	r24, 0x01	; 1
     892:	68 96       	adiw	r28, 0x18	; 24
     894:	e6 e0       	ldi	r30, 0x06	; 6
     896:	0c 94 67 1b 	jmp	0x36ce	; 0x36ce <__epilogue_restores__+0x18>

0000089a <__fixsfsi>:
     89a:	ac e0       	ldi	r26, 0x0C	; 12
     89c:	b0 e0       	ldi	r27, 0x00	; 0
     89e:	e3 e5       	ldi	r30, 0x53	; 83
     8a0:	f4 e0       	ldi	r31, 0x04	; 4
     8a2:	0c 94 4f 1b 	jmp	0x369e	; 0x369e <__prologue_saves__+0x20>
     8a6:	69 83       	std	Y+1, r22	; 0x01
     8a8:	7a 83       	std	Y+2, r23	; 0x02
     8aa:	8b 83       	std	Y+3, r24	; 0x03
     8ac:	9c 83       	std	Y+4, r25	; 0x04
     8ae:	ce 01       	movw	r24, r28
     8b0:	01 96       	adiw	r24, 0x01	; 1
     8b2:	be 01       	movw	r22, r28
     8b4:	6b 5f       	subi	r22, 0xFB	; 251
     8b6:	7f 4f       	sbci	r23, 0xFF	; 255
     8b8:	0e 94 76 05 	call	0xaec	; 0xaec <__unpack_f>
     8bc:	8d 81       	ldd	r24, Y+5	; 0x05
     8be:	82 30       	cpi	r24, 0x02	; 2
     8c0:	61 f1       	breq	.+88     	; 0x91a <__fixsfsi+0x80>
     8c2:	82 30       	cpi	r24, 0x02	; 2
     8c4:	50 f1       	brcs	.+84     	; 0x91a <__fixsfsi+0x80>
     8c6:	84 30       	cpi	r24, 0x04	; 4
     8c8:	21 f4       	brne	.+8      	; 0x8d2 <__fixsfsi+0x38>
     8ca:	8e 81       	ldd	r24, Y+6	; 0x06
     8cc:	88 23       	and	r24, r24
     8ce:	51 f1       	breq	.+84     	; 0x924 <__fixsfsi+0x8a>
     8d0:	2e c0       	rjmp	.+92     	; 0x92e <__fixsfsi+0x94>
     8d2:	2f 81       	ldd	r18, Y+7	; 0x07
     8d4:	38 85       	ldd	r19, Y+8	; 0x08
     8d6:	37 fd       	sbrc	r19, 7
     8d8:	20 c0       	rjmp	.+64     	; 0x91a <__fixsfsi+0x80>
     8da:	6e 81       	ldd	r22, Y+6	; 0x06
     8dc:	2f 31       	cpi	r18, 0x1F	; 31
     8de:	31 05       	cpc	r19, r1
     8e0:	1c f0       	brlt	.+6      	; 0x8e8 <__fixsfsi+0x4e>
     8e2:	66 23       	and	r22, r22
     8e4:	f9 f0       	breq	.+62     	; 0x924 <__fixsfsi+0x8a>
     8e6:	23 c0       	rjmp	.+70     	; 0x92e <__fixsfsi+0x94>
     8e8:	8e e1       	ldi	r24, 0x1E	; 30
     8ea:	90 e0       	ldi	r25, 0x00	; 0
     8ec:	82 1b       	sub	r24, r18
     8ee:	93 0b       	sbc	r25, r19
     8f0:	29 85       	ldd	r18, Y+9	; 0x09
     8f2:	3a 85       	ldd	r19, Y+10	; 0x0a
     8f4:	4b 85       	ldd	r20, Y+11	; 0x0b
     8f6:	5c 85       	ldd	r21, Y+12	; 0x0c
     8f8:	04 c0       	rjmp	.+8      	; 0x902 <__fixsfsi+0x68>
     8fa:	56 95       	lsr	r21
     8fc:	47 95       	ror	r20
     8fe:	37 95       	ror	r19
     900:	27 95       	ror	r18
     902:	8a 95       	dec	r24
     904:	d2 f7       	brpl	.-12     	; 0x8fa <__fixsfsi+0x60>
     906:	66 23       	and	r22, r22
     908:	b1 f0       	breq	.+44     	; 0x936 <__fixsfsi+0x9c>
     90a:	50 95       	com	r21
     90c:	40 95       	com	r20
     90e:	30 95       	com	r19
     910:	21 95       	neg	r18
     912:	3f 4f       	sbci	r19, 0xFF	; 255
     914:	4f 4f       	sbci	r20, 0xFF	; 255
     916:	5f 4f       	sbci	r21, 0xFF	; 255
     918:	0e c0       	rjmp	.+28     	; 0x936 <__fixsfsi+0x9c>
     91a:	20 e0       	ldi	r18, 0x00	; 0
     91c:	30 e0       	ldi	r19, 0x00	; 0
     91e:	40 e0       	ldi	r20, 0x00	; 0
     920:	50 e0       	ldi	r21, 0x00	; 0
     922:	09 c0       	rjmp	.+18     	; 0x936 <__fixsfsi+0x9c>
     924:	2f ef       	ldi	r18, 0xFF	; 255
     926:	3f ef       	ldi	r19, 0xFF	; 255
     928:	4f ef       	ldi	r20, 0xFF	; 255
     92a:	5f e7       	ldi	r21, 0x7F	; 127
     92c:	04 c0       	rjmp	.+8      	; 0x936 <__fixsfsi+0x9c>
     92e:	20 e0       	ldi	r18, 0x00	; 0
     930:	30 e0       	ldi	r19, 0x00	; 0
     932:	40 e0       	ldi	r20, 0x00	; 0
     934:	50 e8       	ldi	r21, 0x80	; 128
     936:	b9 01       	movw	r22, r18
     938:	ca 01       	movw	r24, r20
     93a:	2c 96       	adiw	r28, 0x0c	; 12
     93c:	e2 e0       	ldi	r30, 0x02	; 2
     93e:	0c 94 6b 1b 	jmp	0x36d6	; 0x36d6 <__epilogue_restores__+0x20>

00000942 <__pack_f>:
     942:	df 92       	push	r13
     944:	ef 92       	push	r14
     946:	ff 92       	push	r15
     948:	0f 93       	push	r16
     94a:	1f 93       	push	r17
     94c:	fc 01       	movw	r30, r24
     94e:	e4 80       	ldd	r14, Z+4	; 0x04
     950:	f5 80       	ldd	r15, Z+5	; 0x05
     952:	06 81       	ldd	r16, Z+6	; 0x06
     954:	17 81       	ldd	r17, Z+7	; 0x07
     956:	d1 80       	ldd	r13, Z+1	; 0x01
     958:	80 81       	ld	r24, Z
     95a:	82 30       	cpi	r24, 0x02	; 2
     95c:	48 f4       	brcc	.+18     	; 0x970 <__pack_f+0x2e>
     95e:	80 e0       	ldi	r24, 0x00	; 0
     960:	90 e0       	ldi	r25, 0x00	; 0
     962:	a0 e1       	ldi	r26, 0x10	; 16
     964:	b0 e0       	ldi	r27, 0x00	; 0
     966:	e8 2a       	or	r14, r24
     968:	f9 2a       	or	r15, r25
     96a:	0a 2b       	or	r16, r26
     96c:	1b 2b       	or	r17, r27
     96e:	a5 c0       	rjmp	.+330    	; 0xaba <__pack_f+0x178>
     970:	84 30       	cpi	r24, 0x04	; 4
     972:	09 f4       	brne	.+2      	; 0x976 <__pack_f+0x34>
     974:	9f c0       	rjmp	.+318    	; 0xab4 <__pack_f+0x172>
     976:	82 30       	cpi	r24, 0x02	; 2
     978:	21 f4       	brne	.+8      	; 0x982 <__pack_f+0x40>
     97a:	ee 24       	eor	r14, r14
     97c:	ff 24       	eor	r15, r15
     97e:	87 01       	movw	r16, r14
     980:	05 c0       	rjmp	.+10     	; 0x98c <__pack_f+0x4a>
     982:	e1 14       	cp	r14, r1
     984:	f1 04       	cpc	r15, r1
     986:	01 05       	cpc	r16, r1
     988:	11 05       	cpc	r17, r1
     98a:	19 f4       	brne	.+6      	; 0x992 <__pack_f+0x50>
     98c:	e0 e0       	ldi	r30, 0x00	; 0
     98e:	f0 e0       	ldi	r31, 0x00	; 0
     990:	96 c0       	rjmp	.+300    	; 0xabe <__pack_f+0x17c>
     992:	62 81       	ldd	r22, Z+2	; 0x02
     994:	73 81       	ldd	r23, Z+3	; 0x03
     996:	9f ef       	ldi	r25, 0xFF	; 255
     998:	62 38       	cpi	r22, 0x82	; 130
     99a:	79 07       	cpc	r23, r25
     99c:	0c f0       	brlt	.+2      	; 0x9a0 <__pack_f+0x5e>
     99e:	5b c0       	rjmp	.+182    	; 0xa56 <__pack_f+0x114>
     9a0:	22 e8       	ldi	r18, 0x82	; 130
     9a2:	3f ef       	ldi	r19, 0xFF	; 255
     9a4:	26 1b       	sub	r18, r22
     9a6:	37 0b       	sbc	r19, r23
     9a8:	2a 31       	cpi	r18, 0x1A	; 26
     9aa:	31 05       	cpc	r19, r1
     9ac:	2c f0       	brlt	.+10     	; 0x9b8 <__pack_f+0x76>
     9ae:	20 e0       	ldi	r18, 0x00	; 0
     9b0:	30 e0       	ldi	r19, 0x00	; 0
     9b2:	40 e0       	ldi	r20, 0x00	; 0
     9b4:	50 e0       	ldi	r21, 0x00	; 0
     9b6:	2a c0       	rjmp	.+84     	; 0xa0c <__pack_f+0xca>
     9b8:	b8 01       	movw	r22, r16
     9ba:	a7 01       	movw	r20, r14
     9bc:	02 2e       	mov	r0, r18
     9be:	04 c0       	rjmp	.+8      	; 0x9c8 <__pack_f+0x86>
     9c0:	76 95       	lsr	r23
     9c2:	67 95       	ror	r22
     9c4:	57 95       	ror	r21
     9c6:	47 95       	ror	r20
     9c8:	0a 94       	dec	r0
     9ca:	d2 f7       	brpl	.-12     	; 0x9c0 <__pack_f+0x7e>
     9cc:	81 e0       	ldi	r24, 0x01	; 1
     9ce:	90 e0       	ldi	r25, 0x00	; 0
     9d0:	a0 e0       	ldi	r26, 0x00	; 0
     9d2:	b0 e0       	ldi	r27, 0x00	; 0
     9d4:	04 c0       	rjmp	.+8      	; 0x9de <__pack_f+0x9c>
     9d6:	88 0f       	add	r24, r24
     9d8:	99 1f       	adc	r25, r25
     9da:	aa 1f       	adc	r26, r26
     9dc:	bb 1f       	adc	r27, r27
     9de:	2a 95       	dec	r18
     9e0:	d2 f7       	brpl	.-12     	; 0x9d6 <__pack_f+0x94>
     9e2:	01 97       	sbiw	r24, 0x01	; 1
     9e4:	a1 09       	sbc	r26, r1
     9e6:	b1 09       	sbc	r27, r1
     9e8:	8e 21       	and	r24, r14
     9ea:	9f 21       	and	r25, r15
     9ec:	a0 23       	and	r26, r16
     9ee:	b1 23       	and	r27, r17
     9f0:	00 97       	sbiw	r24, 0x00	; 0
     9f2:	a1 05       	cpc	r26, r1
     9f4:	b1 05       	cpc	r27, r1
     9f6:	21 f0       	breq	.+8      	; 0xa00 <__pack_f+0xbe>
     9f8:	81 e0       	ldi	r24, 0x01	; 1
     9fa:	90 e0       	ldi	r25, 0x00	; 0
     9fc:	a0 e0       	ldi	r26, 0x00	; 0
     9fe:	b0 e0       	ldi	r27, 0x00	; 0
     a00:	9a 01       	movw	r18, r20
     a02:	ab 01       	movw	r20, r22
     a04:	28 2b       	or	r18, r24
     a06:	39 2b       	or	r19, r25
     a08:	4a 2b       	or	r20, r26
     a0a:	5b 2b       	or	r21, r27
     a0c:	da 01       	movw	r26, r20
     a0e:	c9 01       	movw	r24, r18
     a10:	8f 77       	andi	r24, 0x7F	; 127
     a12:	90 70       	andi	r25, 0x00	; 0
     a14:	a0 70       	andi	r26, 0x00	; 0
     a16:	b0 70       	andi	r27, 0x00	; 0
     a18:	80 34       	cpi	r24, 0x40	; 64
     a1a:	91 05       	cpc	r25, r1
     a1c:	a1 05       	cpc	r26, r1
     a1e:	b1 05       	cpc	r27, r1
     a20:	39 f4       	brne	.+14     	; 0xa30 <__pack_f+0xee>
     a22:	27 ff       	sbrs	r18, 7
     a24:	09 c0       	rjmp	.+18     	; 0xa38 <__pack_f+0xf6>
     a26:	20 5c       	subi	r18, 0xC0	; 192
     a28:	3f 4f       	sbci	r19, 0xFF	; 255
     a2a:	4f 4f       	sbci	r20, 0xFF	; 255
     a2c:	5f 4f       	sbci	r21, 0xFF	; 255
     a2e:	04 c0       	rjmp	.+8      	; 0xa38 <__pack_f+0xf6>
     a30:	21 5c       	subi	r18, 0xC1	; 193
     a32:	3f 4f       	sbci	r19, 0xFF	; 255
     a34:	4f 4f       	sbci	r20, 0xFF	; 255
     a36:	5f 4f       	sbci	r21, 0xFF	; 255
     a38:	e0 e0       	ldi	r30, 0x00	; 0
     a3a:	f0 e0       	ldi	r31, 0x00	; 0
     a3c:	20 30       	cpi	r18, 0x00	; 0
     a3e:	a0 e0       	ldi	r26, 0x00	; 0
     a40:	3a 07       	cpc	r19, r26
     a42:	a0 e0       	ldi	r26, 0x00	; 0
     a44:	4a 07       	cpc	r20, r26
     a46:	a0 e4       	ldi	r26, 0x40	; 64
     a48:	5a 07       	cpc	r21, r26
     a4a:	10 f0       	brcs	.+4      	; 0xa50 <__pack_f+0x10e>
     a4c:	e1 e0       	ldi	r30, 0x01	; 1
     a4e:	f0 e0       	ldi	r31, 0x00	; 0
     a50:	79 01       	movw	r14, r18
     a52:	8a 01       	movw	r16, r20
     a54:	27 c0       	rjmp	.+78     	; 0xaa4 <__pack_f+0x162>
     a56:	60 38       	cpi	r22, 0x80	; 128
     a58:	71 05       	cpc	r23, r1
     a5a:	64 f5       	brge	.+88     	; 0xab4 <__pack_f+0x172>
     a5c:	fb 01       	movw	r30, r22
     a5e:	e1 58       	subi	r30, 0x81	; 129
     a60:	ff 4f       	sbci	r31, 0xFF	; 255
     a62:	d8 01       	movw	r26, r16
     a64:	c7 01       	movw	r24, r14
     a66:	8f 77       	andi	r24, 0x7F	; 127
     a68:	90 70       	andi	r25, 0x00	; 0
     a6a:	a0 70       	andi	r26, 0x00	; 0
     a6c:	b0 70       	andi	r27, 0x00	; 0
     a6e:	80 34       	cpi	r24, 0x40	; 64
     a70:	91 05       	cpc	r25, r1
     a72:	a1 05       	cpc	r26, r1
     a74:	b1 05       	cpc	r27, r1
     a76:	39 f4       	brne	.+14     	; 0xa86 <__pack_f+0x144>
     a78:	e7 fe       	sbrs	r14, 7
     a7a:	0d c0       	rjmp	.+26     	; 0xa96 <__pack_f+0x154>
     a7c:	80 e4       	ldi	r24, 0x40	; 64
     a7e:	90 e0       	ldi	r25, 0x00	; 0
     a80:	a0 e0       	ldi	r26, 0x00	; 0
     a82:	b0 e0       	ldi	r27, 0x00	; 0
     a84:	04 c0       	rjmp	.+8      	; 0xa8e <__pack_f+0x14c>
     a86:	8f e3       	ldi	r24, 0x3F	; 63
     a88:	90 e0       	ldi	r25, 0x00	; 0
     a8a:	a0 e0       	ldi	r26, 0x00	; 0
     a8c:	b0 e0       	ldi	r27, 0x00	; 0
     a8e:	e8 0e       	add	r14, r24
     a90:	f9 1e       	adc	r15, r25
     a92:	0a 1f       	adc	r16, r26
     a94:	1b 1f       	adc	r17, r27
     a96:	17 ff       	sbrs	r17, 7
     a98:	05 c0       	rjmp	.+10     	; 0xaa4 <__pack_f+0x162>
     a9a:	16 95       	lsr	r17
     a9c:	07 95       	ror	r16
     a9e:	f7 94       	ror	r15
     aa0:	e7 94       	ror	r14
     aa2:	31 96       	adiw	r30, 0x01	; 1
     aa4:	87 e0       	ldi	r24, 0x07	; 7
     aa6:	16 95       	lsr	r17
     aa8:	07 95       	ror	r16
     aaa:	f7 94       	ror	r15
     aac:	e7 94       	ror	r14
     aae:	8a 95       	dec	r24
     ab0:	d1 f7       	brne	.-12     	; 0xaa6 <__pack_f+0x164>
     ab2:	05 c0       	rjmp	.+10     	; 0xabe <__pack_f+0x17c>
     ab4:	ee 24       	eor	r14, r14
     ab6:	ff 24       	eor	r15, r15
     ab8:	87 01       	movw	r16, r14
     aba:	ef ef       	ldi	r30, 0xFF	; 255
     abc:	f0 e0       	ldi	r31, 0x00	; 0
     abe:	6e 2f       	mov	r22, r30
     ac0:	67 95       	ror	r22
     ac2:	66 27       	eor	r22, r22
     ac4:	67 95       	ror	r22
     ac6:	90 2f       	mov	r25, r16
     ac8:	9f 77       	andi	r25, 0x7F	; 127
     aca:	d7 94       	ror	r13
     acc:	dd 24       	eor	r13, r13
     ace:	d7 94       	ror	r13
     ad0:	8e 2f       	mov	r24, r30
     ad2:	86 95       	lsr	r24
     ad4:	49 2f       	mov	r20, r25
     ad6:	46 2b       	or	r20, r22
     ad8:	58 2f       	mov	r21, r24
     ada:	5d 29       	or	r21, r13
     adc:	b7 01       	movw	r22, r14
     ade:	ca 01       	movw	r24, r20
     ae0:	1f 91       	pop	r17
     ae2:	0f 91       	pop	r16
     ae4:	ff 90       	pop	r15
     ae6:	ef 90       	pop	r14
     ae8:	df 90       	pop	r13
     aea:	08 95       	ret

00000aec <__unpack_f>:
     aec:	fc 01       	movw	r30, r24
     aee:	db 01       	movw	r26, r22
     af0:	40 81       	ld	r20, Z
     af2:	51 81       	ldd	r21, Z+1	; 0x01
     af4:	22 81       	ldd	r18, Z+2	; 0x02
     af6:	62 2f       	mov	r22, r18
     af8:	6f 77       	andi	r22, 0x7F	; 127
     afa:	70 e0       	ldi	r23, 0x00	; 0
     afc:	22 1f       	adc	r18, r18
     afe:	22 27       	eor	r18, r18
     b00:	22 1f       	adc	r18, r18
     b02:	93 81       	ldd	r25, Z+3	; 0x03
     b04:	89 2f       	mov	r24, r25
     b06:	88 0f       	add	r24, r24
     b08:	82 2b       	or	r24, r18
     b0a:	28 2f       	mov	r18, r24
     b0c:	30 e0       	ldi	r19, 0x00	; 0
     b0e:	99 1f       	adc	r25, r25
     b10:	99 27       	eor	r25, r25
     b12:	99 1f       	adc	r25, r25
     b14:	11 96       	adiw	r26, 0x01	; 1
     b16:	9c 93       	st	X, r25
     b18:	11 97       	sbiw	r26, 0x01	; 1
     b1a:	21 15       	cp	r18, r1
     b1c:	31 05       	cpc	r19, r1
     b1e:	a9 f5       	brne	.+106    	; 0xb8a <__unpack_f+0x9e>
     b20:	41 15       	cp	r20, r1
     b22:	51 05       	cpc	r21, r1
     b24:	61 05       	cpc	r22, r1
     b26:	71 05       	cpc	r23, r1
     b28:	11 f4       	brne	.+4      	; 0xb2e <__unpack_f+0x42>
     b2a:	82 e0       	ldi	r24, 0x02	; 2
     b2c:	37 c0       	rjmp	.+110    	; 0xb9c <__unpack_f+0xb0>
     b2e:	82 e8       	ldi	r24, 0x82	; 130
     b30:	9f ef       	ldi	r25, 0xFF	; 255
     b32:	13 96       	adiw	r26, 0x03	; 3
     b34:	9c 93       	st	X, r25
     b36:	8e 93       	st	-X, r24
     b38:	12 97       	sbiw	r26, 0x02	; 2
     b3a:	9a 01       	movw	r18, r20
     b3c:	ab 01       	movw	r20, r22
     b3e:	67 e0       	ldi	r22, 0x07	; 7
     b40:	22 0f       	add	r18, r18
     b42:	33 1f       	adc	r19, r19
     b44:	44 1f       	adc	r20, r20
     b46:	55 1f       	adc	r21, r21
     b48:	6a 95       	dec	r22
     b4a:	d1 f7       	brne	.-12     	; 0xb40 <__unpack_f+0x54>
     b4c:	83 e0       	ldi	r24, 0x03	; 3
     b4e:	8c 93       	st	X, r24
     b50:	0d c0       	rjmp	.+26     	; 0xb6c <__unpack_f+0x80>
     b52:	22 0f       	add	r18, r18
     b54:	33 1f       	adc	r19, r19
     b56:	44 1f       	adc	r20, r20
     b58:	55 1f       	adc	r21, r21
     b5a:	12 96       	adiw	r26, 0x02	; 2
     b5c:	8d 91       	ld	r24, X+
     b5e:	9c 91       	ld	r25, X
     b60:	13 97       	sbiw	r26, 0x03	; 3
     b62:	01 97       	sbiw	r24, 0x01	; 1
     b64:	13 96       	adiw	r26, 0x03	; 3
     b66:	9c 93       	st	X, r25
     b68:	8e 93       	st	-X, r24
     b6a:	12 97       	sbiw	r26, 0x02	; 2
     b6c:	20 30       	cpi	r18, 0x00	; 0
     b6e:	80 e0       	ldi	r24, 0x00	; 0
     b70:	38 07       	cpc	r19, r24
     b72:	80 e0       	ldi	r24, 0x00	; 0
     b74:	48 07       	cpc	r20, r24
     b76:	80 e4       	ldi	r24, 0x40	; 64
     b78:	58 07       	cpc	r21, r24
     b7a:	58 f3       	brcs	.-42     	; 0xb52 <__unpack_f+0x66>
     b7c:	14 96       	adiw	r26, 0x04	; 4
     b7e:	2d 93       	st	X+, r18
     b80:	3d 93       	st	X+, r19
     b82:	4d 93       	st	X+, r20
     b84:	5c 93       	st	X, r21
     b86:	17 97       	sbiw	r26, 0x07	; 7
     b88:	08 95       	ret
     b8a:	2f 3f       	cpi	r18, 0xFF	; 255
     b8c:	31 05       	cpc	r19, r1
     b8e:	79 f4       	brne	.+30     	; 0xbae <__unpack_f+0xc2>
     b90:	41 15       	cp	r20, r1
     b92:	51 05       	cpc	r21, r1
     b94:	61 05       	cpc	r22, r1
     b96:	71 05       	cpc	r23, r1
     b98:	19 f4       	brne	.+6      	; 0xba0 <__unpack_f+0xb4>
     b9a:	84 e0       	ldi	r24, 0x04	; 4
     b9c:	8c 93       	st	X, r24
     b9e:	08 95       	ret
     ba0:	64 ff       	sbrs	r22, 4
     ba2:	03 c0       	rjmp	.+6      	; 0xbaa <__unpack_f+0xbe>
     ba4:	81 e0       	ldi	r24, 0x01	; 1
     ba6:	8c 93       	st	X, r24
     ba8:	12 c0       	rjmp	.+36     	; 0xbce <__unpack_f+0xe2>
     baa:	1c 92       	st	X, r1
     bac:	10 c0       	rjmp	.+32     	; 0xbce <__unpack_f+0xe2>
     bae:	2f 57       	subi	r18, 0x7F	; 127
     bb0:	30 40       	sbci	r19, 0x00	; 0
     bb2:	13 96       	adiw	r26, 0x03	; 3
     bb4:	3c 93       	st	X, r19
     bb6:	2e 93       	st	-X, r18
     bb8:	12 97       	sbiw	r26, 0x02	; 2
     bba:	83 e0       	ldi	r24, 0x03	; 3
     bbc:	8c 93       	st	X, r24
     bbe:	87 e0       	ldi	r24, 0x07	; 7
     bc0:	44 0f       	add	r20, r20
     bc2:	55 1f       	adc	r21, r21
     bc4:	66 1f       	adc	r22, r22
     bc6:	77 1f       	adc	r23, r23
     bc8:	8a 95       	dec	r24
     bca:	d1 f7       	brne	.-12     	; 0xbc0 <__unpack_f+0xd4>
     bcc:	70 64       	ori	r23, 0x40	; 64
     bce:	14 96       	adiw	r26, 0x04	; 4
     bd0:	4d 93       	st	X+, r20
     bd2:	5d 93       	st	X+, r21
     bd4:	6d 93       	st	X+, r22
     bd6:	7c 93       	st	X, r23
     bd8:	17 97       	sbiw	r26, 0x07	; 7
     bda:	08 95       	ret

00000bdc <__fpcmp_parts_f>:
     bdc:	1f 93       	push	r17
     bde:	dc 01       	movw	r26, r24
     be0:	fb 01       	movw	r30, r22
     be2:	9c 91       	ld	r25, X
     be4:	92 30       	cpi	r25, 0x02	; 2
     be6:	08 f4       	brcc	.+2      	; 0xbea <__fpcmp_parts_f+0xe>
     be8:	47 c0       	rjmp	.+142    	; 0xc78 <__fpcmp_parts_f+0x9c>
     bea:	80 81       	ld	r24, Z
     bec:	82 30       	cpi	r24, 0x02	; 2
     bee:	08 f4       	brcc	.+2      	; 0xbf2 <__fpcmp_parts_f+0x16>
     bf0:	43 c0       	rjmp	.+134    	; 0xc78 <__fpcmp_parts_f+0x9c>
     bf2:	94 30       	cpi	r25, 0x04	; 4
     bf4:	51 f4       	brne	.+20     	; 0xc0a <__fpcmp_parts_f+0x2e>
     bf6:	11 96       	adiw	r26, 0x01	; 1
     bf8:	1c 91       	ld	r17, X
     bfa:	84 30       	cpi	r24, 0x04	; 4
     bfc:	99 f5       	brne	.+102    	; 0xc64 <__fpcmp_parts_f+0x88>
     bfe:	81 81       	ldd	r24, Z+1	; 0x01
     c00:	68 2f       	mov	r22, r24
     c02:	70 e0       	ldi	r23, 0x00	; 0
     c04:	61 1b       	sub	r22, r17
     c06:	71 09       	sbc	r23, r1
     c08:	3f c0       	rjmp	.+126    	; 0xc88 <__fpcmp_parts_f+0xac>
     c0a:	84 30       	cpi	r24, 0x04	; 4
     c0c:	21 f0       	breq	.+8      	; 0xc16 <__fpcmp_parts_f+0x3a>
     c0e:	92 30       	cpi	r25, 0x02	; 2
     c10:	31 f4       	brne	.+12     	; 0xc1e <__fpcmp_parts_f+0x42>
     c12:	82 30       	cpi	r24, 0x02	; 2
     c14:	b9 f1       	breq	.+110    	; 0xc84 <__fpcmp_parts_f+0xa8>
     c16:	81 81       	ldd	r24, Z+1	; 0x01
     c18:	88 23       	and	r24, r24
     c1a:	89 f1       	breq	.+98     	; 0xc7e <__fpcmp_parts_f+0xa2>
     c1c:	2d c0       	rjmp	.+90     	; 0xc78 <__fpcmp_parts_f+0x9c>
     c1e:	11 96       	adiw	r26, 0x01	; 1
     c20:	1c 91       	ld	r17, X
     c22:	11 97       	sbiw	r26, 0x01	; 1
     c24:	82 30       	cpi	r24, 0x02	; 2
     c26:	f1 f0       	breq	.+60     	; 0xc64 <__fpcmp_parts_f+0x88>
     c28:	81 81       	ldd	r24, Z+1	; 0x01
     c2a:	18 17       	cp	r17, r24
     c2c:	d9 f4       	brne	.+54     	; 0xc64 <__fpcmp_parts_f+0x88>
     c2e:	12 96       	adiw	r26, 0x02	; 2
     c30:	2d 91       	ld	r18, X+
     c32:	3c 91       	ld	r19, X
     c34:	13 97       	sbiw	r26, 0x03	; 3
     c36:	82 81       	ldd	r24, Z+2	; 0x02
     c38:	93 81       	ldd	r25, Z+3	; 0x03
     c3a:	82 17       	cp	r24, r18
     c3c:	93 07       	cpc	r25, r19
     c3e:	94 f0       	brlt	.+36     	; 0xc64 <__fpcmp_parts_f+0x88>
     c40:	28 17       	cp	r18, r24
     c42:	39 07       	cpc	r19, r25
     c44:	bc f0       	brlt	.+46     	; 0xc74 <__fpcmp_parts_f+0x98>
     c46:	14 96       	adiw	r26, 0x04	; 4
     c48:	8d 91       	ld	r24, X+
     c4a:	9d 91       	ld	r25, X+
     c4c:	0d 90       	ld	r0, X+
     c4e:	bc 91       	ld	r27, X
     c50:	a0 2d       	mov	r26, r0
     c52:	24 81       	ldd	r18, Z+4	; 0x04
     c54:	35 81       	ldd	r19, Z+5	; 0x05
     c56:	46 81       	ldd	r20, Z+6	; 0x06
     c58:	57 81       	ldd	r21, Z+7	; 0x07
     c5a:	28 17       	cp	r18, r24
     c5c:	39 07       	cpc	r19, r25
     c5e:	4a 07       	cpc	r20, r26
     c60:	5b 07       	cpc	r21, r27
     c62:	18 f4       	brcc	.+6      	; 0xc6a <__fpcmp_parts_f+0x8e>
     c64:	11 23       	and	r17, r17
     c66:	41 f0       	breq	.+16     	; 0xc78 <__fpcmp_parts_f+0x9c>
     c68:	0a c0       	rjmp	.+20     	; 0xc7e <__fpcmp_parts_f+0xa2>
     c6a:	82 17       	cp	r24, r18
     c6c:	93 07       	cpc	r25, r19
     c6e:	a4 07       	cpc	r26, r20
     c70:	b5 07       	cpc	r27, r21
     c72:	40 f4       	brcc	.+16     	; 0xc84 <__fpcmp_parts_f+0xa8>
     c74:	11 23       	and	r17, r17
     c76:	19 f0       	breq	.+6      	; 0xc7e <__fpcmp_parts_f+0xa2>
     c78:	61 e0       	ldi	r22, 0x01	; 1
     c7a:	70 e0       	ldi	r23, 0x00	; 0
     c7c:	05 c0       	rjmp	.+10     	; 0xc88 <__fpcmp_parts_f+0xac>
     c7e:	6f ef       	ldi	r22, 0xFF	; 255
     c80:	7f ef       	ldi	r23, 0xFF	; 255
     c82:	02 c0       	rjmp	.+4      	; 0xc88 <__fpcmp_parts_f+0xac>
     c84:	60 e0       	ldi	r22, 0x00	; 0
     c86:	70 e0       	ldi	r23, 0x00	; 0
     c88:	cb 01       	movw	r24, r22
     c8a:	1f 91       	pop	r17
     c8c:	08 95       	ret

00000c8e <MOTOR_voidCWMotion>:
#include "DC_MOTOR_interface.h"
#include "DC_MOTOR_configer.h"

///////////////////////////////////////////////////////////////
void MOTOR_voidCWMotion(void)
{
     c8e:	df 93       	push	r29
     c90:	cf 93       	push	r28
     c92:	cd b7       	in	r28, 0x3d	; 61
     c94:	de b7       	in	r29, 0x3e	; 62
	DIO_u8SetPinValue(MOTOR_PORT, MOTOR_IN2, DIO_LOW);
     c96:	82 e0       	ldi	r24, 0x02	; 2
     c98:	65 e0       	ldi	r22, 0x05	; 5
     c9a:	40 e0       	ldi	r20, 0x00	; 0
     c9c:	0e 94 c8 07 	call	0xf90	; 0xf90 <DIO_u8SetPinValue>
	DIO_u8SetPinValue(MOTOR_PORT, MOTOR_IN1, DIO_HIGH);
     ca0:	82 e0       	ldi	r24, 0x02	; 2
     ca2:	64 e0       	ldi	r22, 0x04	; 4
     ca4:	41 e0       	ldi	r20, 0x01	; 1
     ca6:	0e 94 c8 07 	call	0xf90	; 0xf90 <DIO_u8SetPinValue>
}
     caa:	cf 91       	pop	r28
     cac:	df 91       	pop	r29
     cae:	08 95       	ret

00000cb0 <MOTOR_voidCCWMotion>:
///////////////////////////////////////////////////////////////
void MOTOR_voidCCWMotion(void)
{
     cb0:	df 93       	push	r29
     cb2:	cf 93       	push	r28
     cb4:	cd b7       	in	r28, 0x3d	; 61
     cb6:	de b7       	in	r29, 0x3e	; 62
	DIO_u8SetPinValue(MOTOR_PORT, MOTOR_IN1, DIO_LOW);
     cb8:	82 e0       	ldi	r24, 0x02	; 2
     cba:	64 e0       	ldi	r22, 0x04	; 4
     cbc:	40 e0       	ldi	r20, 0x00	; 0
     cbe:	0e 94 c8 07 	call	0xf90	; 0xf90 <DIO_u8SetPinValue>
	DIO_u8SetPinValue(MOTOR_PORT, MOTOR_IN2, DIO_HIGH);
     cc2:	82 e0       	ldi	r24, 0x02	; 2
     cc4:	65 e0       	ldi	r22, 0x05	; 5
     cc6:	41 e0       	ldi	r20, 0x01	; 1
     cc8:	0e 94 c8 07 	call	0xf90	; 0xf90 <DIO_u8SetPinValue>
}
     ccc:	cf 91       	pop	r28
     cce:	df 91       	pop	r29
     cd0:	08 95       	ret

00000cd2 <MOTOR_voidStopMotion>:
///////////////////////////////////////////////////////////////
void MOTOR_voidStopMotion(void)
{
     cd2:	df 93       	push	r29
     cd4:	cf 93       	push	r28
     cd6:	cd b7       	in	r28, 0x3d	; 61
     cd8:	de b7       	in	r29, 0x3e	; 62
	DIO_u8SetPinValue(MOTOR_PORT, MOTOR_IN1, DIO_LOW);
     cda:	82 e0       	ldi	r24, 0x02	; 2
     cdc:	64 e0       	ldi	r22, 0x04	; 4
     cde:	40 e0       	ldi	r20, 0x00	; 0
     ce0:	0e 94 c8 07 	call	0xf90	; 0xf90 <DIO_u8SetPinValue>
	DIO_u8SetPinValue(MOTOR_PORT, MOTOR_IN2, DIO_LOW);
     ce4:	82 e0       	ldi	r24, 0x02	; 2
     ce6:	65 e0       	ldi	r22, 0x05	; 5
     ce8:	40 e0       	ldi	r20, 0x00	; 0
     cea:	0e 94 c8 07 	call	0xf90	; 0xf90 <DIO_u8SetPinValue>
}
     cee:	cf 91       	pop	r28
     cf0:	df 91       	pop	r29
     cf2:	08 95       	ret

00000cf4 <DIO_voidInit>:
//delay 
#include <util/delay.h>

/*Initiate all pins as input (if u want change it do that from DIO_configer.h)*/
void DIO_voidInit         (void)
{
     cf4:	df 93       	push	r29
     cf6:	cf 93       	push	r28
     cf8:	cd b7       	in	r28, 0x3d	; 61
     cfa:	de b7       	in	r29, 0x3e	; 62
	DIO_u8_DDRA_REG = Conc(DIO_u8_PA7_INTIAL_DIRECTION,DIO_u8_PA6_INTIAL_DIRECTION,DIO_u8_PA5_INTIAL_DIRECTION,DIO_u8_PA4_INTIAL_DIRECTION,
     cfc:	ea e3       	ldi	r30, 0x3A	; 58
     cfe:	f0 e0       	ldi	r31, 0x00	; 0
     d00:	8f ef       	ldi	r24, 0xFF	; 255
     d02:	80 83       	st	Z, r24
						   DIO_u8_PA3_INTIAL_DIRECTION,DIO_u8_PA2_INTIAL_DIRECTION,DIO_u8_PA1_INTIAL_DIRECTION,DIO_u8_PA0_INTIAL_DIRECTION);

	DIO_u8_DDRB_REG = Conc(DIO_u8_PB7_INTIAL_DIRECTION,DIO_u8_PB6_INTIAL_DIRECTION,DIO_u8_PB5_INTIAL_DIRECTION,DIO_u8_PB4_INTIAL_DIRECTION,
     d04:	e7 e3       	ldi	r30, 0x37	; 55
     d06:	f0 e0       	ldi	r31, 0x00	; 0
     d08:	8f ef       	ldi	r24, 0xFF	; 255
     d0a:	80 83       	st	Z, r24
						   DIO_u8_PB3_INTIAL_DIRECTION,DIO_u8_PB2_INTIAL_DIRECTION,DIO_u8_PB1_INTIAL_DIRECTION,DIO_u8_PB0_INTIAL_DIRECTION);

	DIO_u8_DDRC_REG = Conc(DIO_u8_PC7_INTIAL_DIRECTION,DIO_u8_PC6_INTIAL_DIRECTION,DIO_u8_PC5_INTIAL_DIRECTION,DIO_u8_PC4_INTIAL_DIRECTION,
     d0c:	e4 e3       	ldi	r30, 0x34	; 52
     d0e:	f0 e0       	ldi	r31, 0x00	; 0
     d10:	8f ef       	ldi	r24, 0xFF	; 255
     d12:	80 83       	st	Z, r24
						   DIO_u8_PC3_INTIAL_DIRECTION,DIO_u8_PC2_INTIAL_DIRECTION,DIO_u8_PC1_INTIAL_DIRECTION,DIO_u8_PC0_INTIAL_DIRECTION);

	DIO_u8_DDRD_REG = Conc(DIO_u8_PD7_INTIAL_DIRECTION,DIO_u8_PD6_INTIAL_DIRECTION,DIO_u8_PD5_INTIAL_DIRECTION,DIO_u8_PD4_INTIAL_DIRECTION,
     d14:	e1 e3       	ldi	r30, 0x31	; 49
     d16:	f0 e0       	ldi	r31, 0x00	; 0
     d18:	8f e0       	ldi	r24, 0x0F	; 15
     d1a:	80 83       	st	Z, r24
						   DIO_u8_PD3_INTIAL_DIRECTION,DIO_u8_PD2_INTIAL_DIRECTION,DIO_u8_PD1_INTIAL_DIRECTION,DIO_u8_PD0_INTIAL_DIRECTION);						   

	DIO_u8_PORTA_REG = Conc(DIO_u8_PA7_INTIAL_VALUE,DIO_u8_PA6_INTIAL_VALUE,DIO_u8_PA5_INTIAL_VALUE,DIO_u8_PA4_INTIAL_VALUE,
     d1c:	eb e3       	ldi	r30, 0x3B	; 59
     d1e:	f0 e0       	ldi	r31, 0x00	; 0
     d20:	10 82       	st	Z, r1
						   DIO_u8_PA3_INTIAL_VALUE,DIO_u8_PA2_INTIAL_VALUE,DIO_u8_PA1_INTIAL_VALUE,DIO_u8_PA0_INTIAL_VALUE);
											                    
	DIO_u8_PORTB_REG = Conc(DIO_u8_PB7_INTIAL_VALUE,DIO_u8_PB6_INTIAL_VALUE,DIO_u8_PB5_INTIAL_VALUE,DIO_u8_PB4_INTIAL_VALUE,
     d22:	e8 e3       	ldi	r30, 0x38	; 56
     d24:	f0 e0       	ldi	r31, 0x00	; 0
     d26:	10 82       	st	Z, r1
						   DIO_u8_PB3_INTIAL_VALUE,DIO_u8_PB2_INTIAL_VALUE,DIO_u8_PB1_INTIAL_VALUE,DIO_u8_PB0_INTIAL_VALUE);
											 
	DIO_u8_PORTC_REG = Conc(DIO_u8_PC7_INTIAL_VALUE,DIO_u8_PC6_INTIAL_VALUE,DIO_u8_PC5_INTIAL_VALUE,DIO_u8_PC4_INTIAL_VALUE,
     d28:	e5 e3       	ldi	r30, 0x35	; 53
     d2a:	f0 e0       	ldi	r31, 0x00	; 0
     d2c:	10 82       	st	Z, r1
						   DIO_u8_PC3_INTIAL_VALUE,DIO_u8_PC2_INTIAL_VALUE,DIO_u8_PC1_INTIAL_VALUE,DIO_u8_PC0_INTIAL_VALUE);
											 
	DIO_u8_PORTD_REG = Conc(DIO_u8_PD7_INTIAL_VALUE,DIO_u8_PD6_INTIAL_VALUE,DIO_u8_PD5_INTIAL_VALUE,DIO_u8_PD4_INTIAL_VALUE,
     d2e:	e2 e3       	ldi	r30, 0x32	; 50
     d30:	f0 e0       	ldi	r31, 0x00	; 0
     d32:	80 ef       	ldi	r24, 0xF0	; 240
     d34:	80 83       	st	Z, r24
						   DIO_u8_PD3_INTIAL_VALUE,DIO_u8_PD2_INTIAL_VALUE,DIO_u8_PD1_INTIAL_VALUE,DIO_u8_PD0_INTIAL_VALUE);
}
     d36:	cf 91       	pop	r28
     d38:	df 91       	pop	r29
     d3a:	08 95       	ret

00000d3c <DIO_u8SetPinDirection>:



/* IO Pins */
u8    DIO_u8SetPinDirection (u8 Copy_u8PortId ,u8 Copy_u8PinId ,u8 Copy_u8PinDirection )
{
     d3c:	df 93       	push	r29
     d3e:	cf 93       	push	r28
     d40:	cd b7       	in	r28, 0x3d	; 61
     d42:	de b7       	in	r29, 0x3e	; 62
     d44:	2e 97       	sbiw	r28, 0x0e	; 14
     d46:	0f b6       	in	r0, 0x3f	; 63
     d48:	f8 94       	cli
     d4a:	de bf       	out	0x3e, r29	; 62
     d4c:	0f be       	out	0x3f, r0	; 63
     d4e:	cd bf       	out	0x3d, r28	; 61
     d50:	8a 83       	std	Y+2, r24	; 0x02
     d52:	6b 83       	std	Y+3, r22	; 0x03
     d54:	4c 83       	std	Y+4, r20	; 0x04
	u8 Local_u8ErrorState = STD_TYPES_OK;
     d56:	81 e0       	ldi	r24, 0x01	; 1
     d58:	89 83       	std	Y+1, r24	; 0x01
	if((Copy_u8PortId <= DIO_u8_PORTD) && (Copy_u8PinId <= DIO_u8_PIN7) && ((Copy_u8PinDirection == DIO_u8_OUTPUT) || (Copy_u8PinDirection == DIO_u8_INPUT)))		
     d5a:	8a 81       	ldd	r24, Y+2	; 0x02
     d5c:	84 30       	cpi	r24, 0x04	; 4
     d5e:	08 f0       	brcs	.+2      	; 0xd62 <DIO_u8SetPinDirection+0x26>
     d60:	0c c1       	rjmp	.+536    	; 0xf7a <DIO_u8SetPinDirection+0x23e>
     d62:	8b 81       	ldd	r24, Y+3	; 0x03
     d64:	88 30       	cpi	r24, 0x08	; 8
     d66:	08 f0       	brcs	.+2      	; 0xd6a <DIO_u8SetPinDirection+0x2e>
     d68:	08 c1       	rjmp	.+528    	; 0xf7a <DIO_u8SetPinDirection+0x23e>
     d6a:	8c 81       	ldd	r24, Y+4	; 0x04
     d6c:	81 30       	cpi	r24, 0x01	; 1
     d6e:	21 f0       	breq	.+8      	; 0xd78 <DIO_u8SetPinDirection+0x3c>
     d70:	8c 81       	ldd	r24, Y+4	; 0x04
     d72:	88 23       	and	r24, r24
     d74:	09 f0       	breq	.+2      	; 0xd78 <DIO_u8SetPinDirection+0x3c>
     d76:	01 c1       	rjmp	.+514    	; 0xf7a <DIO_u8SetPinDirection+0x23e>
	{
		switch (Copy_u8PortId)
     d78:	8a 81       	ldd	r24, Y+2	; 0x02
     d7a:	28 2f       	mov	r18, r24
     d7c:	30 e0       	ldi	r19, 0x00	; 0
     d7e:	3e 87       	std	Y+14, r19	; 0x0e
     d80:	2d 87       	std	Y+13, r18	; 0x0d
     d82:	8d 85       	ldd	r24, Y+13	; 0x0d
     d84:	9e 85       	ldd	r25, Y+14	; 0x0e
     d86:	81 30       	cpi	r24, 0x01	; 1
     d88:	91 05       	cpc	r25, r1
     d8a:	09 f4       	brne	.+2      	; 0xd8e <DIO_u8SetPinDirection+0x52>
     d8c:	4f c0       	rjmp	.+158    	; 0xe2c <DIO_u8SetPinDirection+0xf0>
     d8e:	2d 85       	ldd	r18, Y+13	; 0x0d
     d90:	3e 85       	ldd	r19, Y+14	; 0x0e
     d92:	22 30       	cpi	r18, 0x02	; 2
     d94:	31 05       	cpc	r19, r1
     d96:	2c f4       	brge	.+10     	; 0xda2 <DIO_u8SetPinDirection+0x66>
     d98:	8d 85       	ldd	r24, Y+13	; 0x0d
     d9a:	9e 85       	ldd	r25, Y+14	; 0x0e
     d9c:	00 97       	sbiw	r24, 0x00	; 0
     d9e:	71 f0       	breq	.+28     	; 0xdbc <DIO_u8SetPinDirection+0x80>
     da0:	ed c0       	rjmp	.+474    	; 0xf7c <DIO_u8SetPinDirection+0x240>
     da2:	2d 85       	ldd	r18, Y+13	; 0x0d
     da4:	3e 85       	ldd	r19, Y+14	; 0x0e
     da6:	22 30       	cpi	r18, 0x02	; 2
     da8:	31 05       	cpc	r19, r1
     daa:	09 f4       	brne	.+2      	; 0xdae <DIO_u8SetPinDirection+0x72>
     dac:	77 c0       	rjmp	.+238    	; 0xe9c <DIO_u8SetPinDirection+0x160>
     dae:	8d 85       	ldd	r24, Y+13	; 0x0d
     db0:	9e 85       	ldd	r25, Y+14	; 0x0e
     db2:	83 30       	cpi	r24, 0x03	; 3
     db4:	91 05       	cpc	r25, r1
     db6:	09 f4       	brne	.+2      	; 0xdba <DIO_u8SetPinDirection+0x7e>
     db8:	a9 c0       	rjmp	.+338    	; 0xf0c <DIO_u8SetPinDirection+0x1d0>
     dba:	e0 c0       	rjmp	.+448    	; 0xf7c <DIO_u8SetPinDirection+0x240>
		{
			case DIO_u8_PORTA:
				switch (Copy_u8PinDirection)
     dbc:	8c 81       	ldd	r24, Y+4	; 0x04
     dbe:	28 2f       	mov	r18, r24
     dc0:	30 e0       	ldi	r19, 0x00	; 0
     dc2:	3c 87       	std	Y+12, r19	; 0x0c
     dc4:	2b 87       	std	Y+11, r18	; 0x0b
     dc6:	8b 85       	ldd	r24, Y+11	; 0x0b
     dc8:	9c 85       	ldd	r25, Y+12	; 0x0c
     dca:	00 97       	sbiw	r24, 0x00	; 0
     dcc:	d1 f0       	breq	.+52     	; 0xe02 <DIO_u8SetPinDirection+0xc6>
     dce:	2b 85       	ldd	r18, Y+11	; 0x0b
     dd0:	3c 85       	ldd	r19, Y+12	; 0x0c
     dd2:	21 30       	cpi	r18, 0x01	; 1
     dd4:	31 05       	cpc	r19, r1
     dd6:	09 f0       	breq	.+2      	; 0xdda <DIO_u8SetPinDirection+0x9e>
     dd8:	d1 c0       	rjmp	.+418    	; 0xf7c <DIO_u8SetPinDirection+0x240>
				{
					case DIO_u8_OUTPUT:SET_BIT(DIO_u8_DDRA_REG,Copy_u8PinId);break;
     dda:	aa e3       	ldi	r26, 0x3A	; 58
     ddc:	b0 e0       	ldi	r27, 0x00	; 0
     dde:	ea e3       	ldi	r30, 0x3A	; 58
     de0:	f0 e0       	ldi	r31, 0x00	; 0
     de2:	80 81       	ld	r24, Z
     de4:	48 2f       	mov	r20, r24
     de6:	8b 81       	ldd	r24, Y+3	; 0x03
     de8:	28 2f       	mov	r18, r24
     dea:	30 e0       	ldi	r19, 0x00	; 0
     dec:	81 e0       	ldi	r24, 0x01	; 1
     dee:	90 e0       	ldi	r25, 0x00	; 0
     df0:	02 2e       	mov	r0, r18
     df2:	02 c0       	rjmp	.+4      	; 0xdf8 <DIO_u8SetPinDirection+0xbc>
     df4:	88 0f       	add	r24, r24
     df6:	99 1f       	adc	r25, r25
     df8:	0a 94       	dec	r0
     dfa:	e2 f7       	brpl	.-8      	; 0xdf4 <DIO_u8SetPinDirection+0xb8>
     dfc:	84 2b       	or	r24, r20
     dfe:	8c 93       	st	X, r24
     e00:	bd c0       	rjmp	.+378    	; 0xf7c <DIO_u8SetPinDirection+0x240>
					case DIO_u8_INPUT: CLR_BIT(DIO_u8_DDRA_REG,Copy_u8PinId);break;
     e02:	aa e3       	ldi	r26, 0x3A	; 58
     e04:	b0 e0       	ldi	r27, 0x00	; 0
     e06:	ea e3       	ldi	r30, 0x3A	; 58
     e08:	f0 e0       	ldi	r31, 0x00	; 0
     e0a:	80 81       	ld	r24, Z
     e0c:	48 2f       	mov	r20, r24
     e0e:	8b 81       	ldd	r24, Y+3	; 0x03
     e10:	28 2f       	mov	r18, r24
     e12:	30 e0       	ldi	r19, 0x00	; 0
     e14:	81 e0       	ldi	r24, 0x01	; 1
     e16:	90 e0       	ldi	r25, 0x00	; 0
     e18:	02 2e       	mov	r0, r18
     e1a:	02 c0       	rjmp	.+4      	; 0xe20 <DIO_u8SetPinDirection+0xe4>
     e1c:	88 0f       	add	r24, r24
     e1e:	99 1f       	adc	r25, r25
     e20:	0a 94       	dec	r0
     e22:	e2 f7       	brpl	.-8      	; 0xe1c <DIO_u8SetPinDirection+0xe0>
     e24:	80 95       	com	r24
     e26:	84 23       	and	r24, r20
     e28:	8c 93       	st	X, r24
     e2a:	a8 c0       	rjmp	.+336    	; 0xf7c <DIO_u8SetPinDirection+0x240>
				}
			break;
			case DIO_u8_PORTB:
				switch (Copy_u8PinDirection)
     e2c:	8c 81       	ldd	r24, Y+4	; 0x04
     e2e:	28 2f       	mov	r18, r24
     e30:	30 e0       	ldi	r19, 0x00	; 0
     e32:	3a 87       	std	Y+10, r19	; 0x0a
     e34:	29 87       	std	Y+9, r18	; 0x09
     e36:	89 85       	ldd	r24, Y+9	; 0x09
     e38:	9a 85       	ldd	r25, Y+10	; 0x0a
     e3a:	00 97       	sbiw	r24, 0x00	; 0
     e3c:	d1 f0       	breq	.+52     	; 0xe72 <DIO_u8SetPinDirection+0x136>
     e3e:	29 85       	ldd	r18, Y+9	; 0x09
     e40:	3a 85       	ldd	r19, Y+10	; 0x0a
     e42:	21 30       	cpi	r18, 0x01	; 1
     e44:	31 05       	cpc	r19, r1
     e46:	09 f0       	breq	.+2      	; 0xe4a <DIO_u8SetPinDirection+0x10e>
     e48:	99 c0       	rjmp	.+306    	; 0xf7c <DIO_u8SetPinDirection+0x240>
				{
					case DIO_u8_OUTPUT:SET_BIT(DIO_u8_DDRB_REG,Copy_u8PinId);break;
     e4a:	a7 e3       	ldi	r26, 0x37	; 55
     e4c:	b0 e0       	ldi	r27, 0x00	; 0
     e4e:	e7 e3       	ldi	r30, 0x37	; 55
     e50:	f0 e0       	ldi	r31, 0x00	; 0
     e52:	80 81       	ld	r24, Z
     e54:	48 2f       	mov	r20, r24
     e56:	8b 81       	ldd	r24, Y+3	; 0x03
     e58:	28 2f       	mov	r18, r24
     e5a:	30 e0       	ldi	r19, 0x00	; 0
     e5c:	81 e0       	ldi	r24, 0x01	; 1
     e5e:	90 e0       	ldi	r25, 0x00	; 0
     e60:	02 2e       	mov	r0, r18
     e62:	02 c0       	rjmp	.+4      	; 0xe68 <DIO_u8SetPinDirection+0x12c>
     e64:	88 0f       	add	r24, r24
     e66:	99 1f       	adc	r25, r25
     e68:	0a 94       	dec	r0
     e6a:	e2 f7       	brpl	.-8      	; 0xe64 <DIO_u8SetPinDirection+0x128>
     e6c:	84 2b       	or	r24, r20
     e6e:	8c 93       	st	X, r24
     e70:	85 c0       	rjmp	.+266    	; 0xf7c <DIO_u8SetPinDirection+0x240>
					case DIO_u8_INPUT: CLR_BIT(DIO_u8_DDRB_REG,Copy_u8PinId);break;
     e72:	a7 e3       	ldi	r26, 0x37	; 55
     e74:	b0 e0       	ldi	r27, 0x00	; 0
     e76:	e7 e3       	ldi	r30, 0x37	; 55
     e78:	f0 e0       	ldi	r31, 0x00	; 0
     e7a:	80 81       	ld	r24, Z
     e7c:	48 2f       	mov	r20, r24
     e7e:	8b 81       	ldd	r24, Y+3	; 0x03
     e80:	28 2f       	mov	r18, r24
     e82:	30 e0       	ldi	r19, 0x00	; 0
     e84:	81 e0       	ldi	r24, 0x01	; 1
     e86:	90 e0       	ldi	r25, 0x00	; 0
     e88:	02 2e       	mov	r0, r18
     e8a:	02 c0       	rjmp	.+4      	; 0xe90 <DIO_u8SetPinDirection+0x154>
     e8c:	88 0f       	add	r24, r24
     e8e:	99 1f       	adc	r25, r25
     e90:	0a 94       	dec	r0
     e92:	e2 f7       	brpl	.-8      	; 0xe8c <DIO_u8SetPinDirection+0x150>
     e94:	80 95       	com	r24
     e96:	84 23       	and	r24, r20
     e98:	8c 93       	st	X, r24
     e9a:	70 c0       	rjmp	.+224    	; 0xf7c <DIO_u8SetPinDirection+0x240>
				}
			break;
			case DIO_u8_PORTC:
				switch (Copy_u8PinDirection)
     e9c:	8c 81       	ldd	r24, Y+4	; 0x04
     e9e:	28 2f       	mov	r18, r24
     ea0:	30 e0       	ldi	r19, 0x00	; 0
     ea2:	38 87       	std	Y+8, r19	; 0x08
     ea4:	2f 83       	std	Y+7, r18	; 0x07
     ea6:	8f 81       	ldd	r24, Y+7	; 0x07
     ea8:	98 85       	ldd	r25, Y+8	; 0x08
     eaa:	00 97       	sbiw	r24, 0x00	; 0
     eac:	d1 f0       	breq	.+52     	; 0xee2 <DIO_u8SetPinDirection+0x1a6>
     eae:	2f 81       	ldd	r18, Y+7	; 0x07
     eb0:	38 85       	ldd	r19, Y+8	; 0x08
     eb2:	21 30       	cpi	r18, 0x01	; 1
     eb4:	31 05       	cpc	r19, r1
     eb6:	09 f0       	breq	.+2      	; 0xeba <DIO_u8SetPinDirection+0x17e>
     eb8:	61 c0       	rjmp	.+194    	; 0xf7c <DIO_u8SetPinDirection+0x240>
				{
					case DIO_u8_OUTPUT:SET_BIT(DIO_u8_DDRC_REG,Copy_u8PinId);break;
     eba:	a4 e3       	ldi	r26, 0x34	; 52
     ebc:	b0 e0       	ldi	r27, 0x00	; 0
     ebe:	e4 e3       	ldi	r30, 0x34	; 52
     ec0:	f0 e0       	ldi	r31, 0x00	; 0
     ec2:	80 81       	ld	r24, Z
     ec4:	48 2f       	mov	r20, r24
     ec6:	8b 81       	ldd	r24, Y+3	; 0x03
     ec8:	28 2f       	mov	r18, r24
     eca:	30 e0       	ldi	r19, 0x00	; 0
     ecc:	81 e0       	ldi	r24, 0x01	; 1
     ece:	90 e0       	ldi	r25, 0x00	; 0
     ed0:	02 2e       	mov	r0, r18
     ed2:	02 c0       	rjmp	.+4      	; 0xed8 <DIO_u8SetPinDirection+0x19c>
     ed4:	88 0f       	add	r24, r24
     ed6:	99 1f       	adc	r25, r25
     ed8:	0a 94       	dec	r0
     eda:	e2 f7       	brpl	.-8      	; 0xed4 <DIO_u8SetPinDirection+0x198>
     edc:	84 2b       	or	r24, r20
     ede:	8c 93       	st	X, r24
     ee0:	4d c0       	rjmp	.+154    	; 0xf7c <DIO_u8SetPinDirection+0x240>
					case DIO_u8_INPUT: CLR_BIT(DIO_u8_DDRC_REG,Copy_u8PinId);break;
     ee2:	a4 e3       	ldi	r26, 0x34	; 52
     ee4:	b0 e0       	ldi	r27, 0x00	; 0
     ee6:	e4 e3       	ldi	r30, 0x34	; 52
     ee8:	f0 e0       	ldi	r31, 0x00	; 0
     eea:	80 81       	ld	r24, Z
     eec:	48 2f       	mov	r20, r24
     eee:	8b 81       	ldd	r24, Y+3	; 0x03
     ef0:	28 2f       	mov	r18, r24
     ef2:	30 e0       	ldi	r19, 0x00	; 0
     ef4:	81 e0       	ldi	r24, 0x01	; 1
     ef6:	90 e0       	ldi	r25, 0x00	; 0
     ef8:	02 2e       	mov	r0, r18
     efa:	02 c0       	rjmp	.+4      	; 0xf00 <DIO_u8SetPinDirection+0x1c4>
     efc:	88 0f       	add	r24, r24
     efe:	99 1f       	adc	r25, r25
     f00:	0a 94       	dec	r0
     f02:	e2 f7       	brpl	.-8      	; 0xefc <DIO_u8SetPinDirection+0x1c0>
     f04:	80 95       	com	r24
     f06:	84 23       	and	r24, r20
     f08:	8c 93       	st	X, r24
     f0a:	38 c0       	rjmp	.+112    	; 0xf7c <DIO_u8SetPinDirection+0x240>
				}
			break;
			case DIO_u8_PORTD:
				switch (Copy_u8PinDirection)
     f0c:	8c 81       	ldd	r24, Y+4	; 0x04
     f0e:	28 2f       	mov	r18, r24
     f10:	30 e0       	ldi	r19, 0x00	; 0
     f12:	3e 83       	std	Y+6, r19	; 0x06
     f14:	2d 83       	std	Y+5, r18	; 0x05
     f16:	8d 81       	ldd	r24, Y+5	; 0x05
     f18:	9e 81       	ldd	r25, Y+6	; 0x06
     f1a:	00 97       	sbiw	r24, 0x00	; 0
     f1c:	c9 f0       	breq	.+50     	; 0xf50 <DIO_u8SetPinDirection+0x214>
     f1e:	2d 81       	ldd	r18, Y+5	; 0x05
     f20:	3e 81       	ldd	r19, Y+6	; 0x06
     f22:	21 30       	cpi	r18, 0x01	; 1
     f24:	31 05       	cpc	r19, r1
     f26:	51 f5       	brne	.+84     	; 0xf7c <DIO_u8SetPinDirection+0x240>
				{
					case DIO_u8_OUTPUT:SET_BIT(DIO_u8_DDRD_REG,Copy_u8PinId);break;
     f28:	a1 e3       	ldi	r26, 0x31	; 49
     f2a:	b0 e0       	ldi	r27, 0x00	; 0
     f2c:	e1 e3       	ldi	r30, 0x31	; 49
     f2e:	f0 e0       	ldi	r31, 0x00	; 0
     f30:	80 81       	ld	r24, Z
     f32:	48 2f       	mov	r20, r24
     f34:	8b 81       	ldd	r24, Y+3	; 0x03
     f36:	28 2f       	mov	r18, r24
     f38:	30 e0       	ldi	r19, 0x00	; 0
     f3a:	81 e0       	ldi	r24, 0x01	; 1
     f3c:	90 e0       	ldi	r25, 0x00	; 0
     f3e:	02 2e       	mov	r0, r18
     f40:	02 c0       	rjmp	.+4      	; 0xf46 <DIO_u8SetPinDirection+0x20a>
     f42:	88 0f       	add	r24, r24
     f44:	99 1f       	adc	r25, r25
     f46:	0a 94       	dec	r0
     f48:	e2 f7       	brpl	.-8      	; 0xf42 <DIO_u8SetPinDirection+0x206>
     f4a:	84 2b       	or	r24, r20
     f4c:	8c 93       	st	X, r24
     f4e:	16 c0       	rjmp	.+44     	; 0xf7c <DIO_u8SetPinDirection+0x240>
					case DIO_u8_INPUT: CLR_BIT(DIO_u8_DDRD_REG,Copy_u8PinId);break;
     f50:	a1 e3       	ldi	r26, 0x31	; 49
     f52:	b0 e0       	ldi	r27, 0x00	; 0
     f54:	e1 e3       	ldi	r30, 0x31	; 49
     f56:	f0 e0       	ldi	r31, 0x00	; 0
     f58:	80 81       	ld	r24, Z
     f5a:	48 2f       	mov	r20, r24
     f5c:	8b 81       	ldd	r24, Y+3	; 0x03
     f5e:	28 2f       	mov	r18, r24
     f60:	30 e0       	ldi	r19, 0x00	; 0
     f62:	81 e0       	ldi	r24, 0x01	; 1
     f64:	90 e0       	ldi	r25, 0x00	; 0
     f66:	02 2e       	mov	r0, r18
     f68:	02 c0       	rjmp	.+4      	; 0xf6e <DIO_u8SetPinDirection+0x232>
     f6a:	88 0f       	add	r24, r24
     f6c:	99 1f       	adc	r25, r25
     f6e:	0a 94       	dec	r0
     f70:	e2 f7       	brpl	.-8      	; 0xf6a <DIO_u8SetPinDirection+0x22e>
     f72:	80 95       	com	r24
     f74:	84 23       	and	r24, r20
     f76:	8c 93       	st	X, r24
     f78:	01 c0       	rjmp	.+2      	; 0xf7c <DIO_u8SetPinDirection+0x240>
			break;			
		}
	}
	else
	{
		Local_u8ErrorState = STD_TYPES_NOK;
     f7a:	19 82       	std	Y+1, r1	; 0x01
	}
	
	return Local_u8ErrorState;
     f7c:	89 81       	ldd	r24, Y+1	; 0x01
}
     f7e:	2e 96       	adiw	r28, 0x0e	; 14
     f80:	0f b6       	in	r0, 0x3f	; 63
     f82:	f8 94       	cli
     f84:	de bf       	out	0x3e, r29	; 62
     f86:	0f be       	out	0x3f, r0	; 63
     f88:	cd bf       	out	0x3d, r28	; 61
     f8a:	cf 91       	pop	r28
     f8c:	df 91       	pop	r29
     f8e:	08 95       	ret

00000f90 <DIO_u8SetPinValue>:
//////////////////////
u8    DIO_u8SetPinValue     (u8 Copy_u8PortId ,u8 Copy_u8PinId ,u8 Copy_u8PinValue)
{
     f90:	df 93       	push	r29
     f92:	cf 93       	push	r28
     f94:	cd b7       	in	r28, 0x3d	; 61
     f96:	de b7       	in	r29, 0x3e	; 62
     f98:	2e 97       	sbiw	r28, 0x0e	; 14
     f9a:	0f b6       	in	r0, 0x3f	; 63
     f9c:	f8 94       	cli
     f9e:	de bf       	out	0x3e, r29	; 62
     fa0:	0f be       	out	0x3f, r0	; 63
     fa2:	cd bf       	out	0x3d, r28	; 61
     fa4:	8a 83       	std	Y+2, r24	; 0x02
     fa6:	6b 83       	std	Y+3, r22	; 0x03
     fa8:	4c 83       	std	Y+4, r20	; 0x04
		u8 Local_u8ErrorState = STD_TYPES_OK;
     faa:	81 e0       	ldi	r24, 0x01	; 1
     fac:	89 83       	std	Y+1, r24	; 0x01
	if(Copy_u8PinId <= DIO_u8_PIN7)
     fae:	8b 81       	ldd	r24, Y+3	; 0x03
     fb0:	88 30       	cpi	r24, 0x08	; 8
     fb2:	08 f0       	brcs	.+2      	; 0xfb6 <DIO_u8SetPinValue+0x26>
     fb4:	08 c1       	rjmp	.+528    	; 0x11c6 <DIO_u8SetPinValue+0x236>
	{
		switch (Copy_u8PortId)
     fb6:	8a 81       	ldd	r24, Y+2	; 0x02
     fb8:	28 2f       	mov	r18, r24
     fba:	30 e0       	ldi	r19, 0x00	; 0
     fbc:	3e 87       	std	Y+14, r19	; 0x0e
     fbe:	2d 87       	std	Y+13, r18	; 0x0d
     fc0:	8d 85       	ldd	r24, Y+13	; 0x0d
     fc2:	9e 85       	ldd	r25, Y+14	; 0x0e
     fc4:	81 30       	cpi	r24, 0x01	; 1
     fc6:	91 05       	cpc	r25, r1
     fc8:	09 f4       	brne	.+2      	; 0xfcc <DIO_u8SetPinValue+0x3c>
     fca:	50 c0       	rjmp	.+160    	; 0x106c <DIO_u8SetPinValue+0xdc>
     fcc:	2d 85       	ldd	r18, Y+13	; 0x0d
     fce:	3e 85       	ldd	r19, Y+14	; 0x0e
     fd0:	22 30       	cpi	r18, 0x02	; 2
     fd2:	31 05       	cpc	r19, r1
     fd4:	2c f4       	brge	.+10     	; 0xfe0 <DIO_u8SetPinValue+0x50>
     fd6:	8d 85       	ldd	r24, Y+13	; 0x0d
     fd8:	9e 85       	ldd	r25, Y+14	; 0x0e
     fda:	00 97       	sbiw	r24, 0x00	; 0
     fdc:	71 f0       	breq	.+28     	; 0xffa <DIO_u8SetPinValue+0x6a>
     fde:	f1 c0       	rjmp	.+482    	; 0x11c2 <DIO_u8SetPinValue+0x232>
     fe0:	2d 85       	ldd	r18, Y+13	; 0x0d
     fe2:	3e 85       	ldd	r19, Y+14	; 0x0e
     fe4:	22 30       	cpi	r18, 0x02	; 2
     fe6:	31 05       	cpc	r19, r1
     fe8:	09 f4       	brne	.+2      	; 0xfec <DIO_u8SetPinValue+0x5c>
     fea:	79 c0       	rjmp	.+242    	; 0x10de <DIO_u8SetPinValue+0x14e>
     fec:	8d 85       	ldd	r24, Y+13	; 0x0d
     fee:	9e 85       	ldd	r25, Y+14	; 0x0e
     ff0:	83 30       	cpi	r24, 0x03	; 3
     ff2:	91 05       	cpc	r25, r1
     ff4:	09 f4       	brne	.+2      	; 0xff8 <DIO_u8SetPinValue+0x68>
     ff6:	ac c0       	rjmp	.+344    	; 0x1150 <DIO_u8SetPinValue+0x1c0>
     ff8:	e4 c0       	rjmp	.+456    	; 0x11c2 <DIO_u8SetPinValue+0x232>
		{
			case DIO_u8_PORTA:
				switch (Copy_u8PinValue)
     ffa:	8c 81       	ldd	r24, Y+4	; 0x04
     ffc:	28 2f       	mov	r18, r24
     ffe:	30 e0       	ldi	r19, 0x00	; 0
    1000:	3c 87       	std	Y+12, r19	; 0x0c
    1002:	2b 87       	std	Y+11, r18	; 0x0b
    1004:	8b 85       	ldd	r24, Y+11	; 0x0b
    1006:	9c 85       	ldd	r25, Y+12	; 0x0c
    1008:	00 97       	sbiw	r24, 0x00	; 0
    100a:	c9 f0       	breq	.+50     	; 0x103e <DIO_u8SetPinValue+0xae>
    100c:	2b 85       	ldd	r18, Y+11	; 0x0b
    100e:	3c 85       	ldd	r19, Y+12	; 0x0c
    1010:	21 30       	cpi	r18, 0x01	; 1
    1012:	31 05       	cpc	r19, r1
    1014:	49 f5       	brne	.+82     	; 0x1068 <DIO_u8SetPinValue+0xd8>
				{
					case DIO_HIGH:SET_BIT(DIO_u8_PORTA_REG,Copy_u8PinId);break;
    1016:	ab e3       	ldi	r26, 0x3B	; 59
    1018:	b0 e0       	ldi	r27, 0x00	; 0
    101a:	eb e3       	ldi	r30, 0x3B	; 59
    101c:	f0 e0       	ldi	r31, 0x00	; 0
    101e:	80 81       	ld	r24, Z
    1020:	48 2f       	mov	r20, r24
    1022:	8b 81       	ldd	r24, Y+3	; 0x03
    1024:	28 2f       	mov	r18, r24
    1026:	30 e0       	ldi	r19, 0x00	; 0
    1028:	81 e0       	ldi	r24, 0x01	; 1
    102a:	90 e0       	ldi	r25, 0x00	; 0
    102c:	02 2e       	mov	r0, r18
    102e:	02 c0       	rjmp	.+4      	; 0x1034 <DIO_u8SetPinValue+0xa4>
    1030:	88 0f       	add	r24, r24
    1032:	99 1f       	adc	r25, r25
    1034:	0a 94       	dec	r0
    1036:	e2 f7       	brpl	.-8      	; 0x1030 <DIO_u8SetPinValue+0xa0>
    1038:	84 2b       	or	r24, r20
    103a:	8c 93       	st	X, r24
    103c:	c5 c0       	rjmp	.+394    	; 0x11c8 <DIO_u8SetPinValue+0x238>
					case DIO_LOW: CLR_BIT(DIO_u8_PORTA_REG,Copy_u8PinId);break;
    103e:	ab e3       	ldi	r26, 0x3B	; 59
    1040:	b0 e0       	ldi	r27, 0x00	; 0
    1042:	eb e3       	ldi	r30, 0x3B	; 59
    1044:	f0 e0       	ldi	r31, 0x00	; 0
    1046:	80 81       	ld	r24, Z
    1048:	48 2f       	mov	r20, r24
    104a:	8b 81       	ldd	r24, Y+3	; 0x03
    104c:	28 2f       	mov	r18, r24
    104e:	30 e0       	ldi	r19, 0x00	; 0
    1050:	81 e0       	ldi	r24, 0x01	; 1
    1052:	90 e0       	ldi	r25, 0x00	; 0
    1054:	02 2e       	mov	r0, r18
    1056:	02 c0       	rjmp	.+4      	; 0x105c <DIO_u8SetPinValue+0xcc>
    1058:	88 0f       	add	r24, r24
    105a:	99 1f       	adc	r25, r25
    105c:	0a 94       	dec	r0
    105e:	e2 f7       	brpl	.-8      	; 0x1058 <DIO_u8SetPinValue+0xc8>
    1060:	80 95       	com	r24
    1062:	84 23       	and	r24, r20
    1064:	8c 93       	st	X, r24
    1066:	b0 c0       	rjmp	.+352    	; 0x11c8 <DIO_u8SetPinValue+0x238>
					default : Local_u8ErrorState = STD_TYPES_NOK;
    1068:	19 82       	std	Y+1, r1	; 0x01
    106a:	ae c0       	rjmp	.+348    	; 0x11c8 <DIO_u8SetPinValue+0x238>
				}
			break;
			case DIO_u8_PORTB:
				switch (Copy_u8PinValue)
    106c:	8c 81       	ldd	r24, Y+4	; 0x04
    106e:	28 2f       	mov	r18, r24
    1070:	30 e0       	ldi	r19, 0x00	; 0
    1072:	3a 87       	std	Y+10, r19	; 0x0a
    1074:	29 87       	std	Y+9, r18	; 0x09
    1076:	89 85       	ldd	r24, Y+9	; 0x09
    1078:	9a 85       	ldd	r25, Y+10	; 0x0a
    107a:	00 97       	sbiw	r24, 0x00	; 0
    107c:	c9 f0       	breq	.+50     	; 0x10b0 <DIO_u8SetPinValue+0x120>
    107e:	29 85       	ldd	r18, Y+9	; 0x09
    1080:	3a 85       	ldd	r19, Y+10	; 0x0a
    1082:	21 30       	cpi	r18, 0x01	; 1
    1084:	31 05       	cpc	r19, r1
    1086:	49 f5       	brne	.+82     	; 0x10da <DIO_u8SetPinValue+0x14a>
				{
					case DIO_HIGH:SET_BIT(DIO_u8_PORTB_REG,Copy_u8PinId);break;
    1088:	a8 e3       	ldi	r26, 0x38	; 56
    108a:	b0 e0       	ldi	r27, 0x00	; 0
    108c:	e8 e3       	ldi	r30, 0x38	; 56
    108e:	f0 e0       	ldi	r31, 0x00	; 0
    1090:	80 81       	ld	r24, Z
    1092:	48 2f       	mov	r20, r24
    1094:	8b 81       	ldd	r24, Y+3	; 0x03
    1096:	28 2f       	mov	r18, r24
    1098:	30 e0       	ldi	r19, 0x00	; 0
    109a:	81 e0       	ldi	r24, 0x01	; 1
    109c:	90 e0       	ldi	r25, 0x00	; 0
    109e:	02 2e       	mov	r0, r18
    10a0:	02 c0       	rjmp	.+4      	; 0x10a6 <DIO_u8SetPinValue+0x116>
    10a2:	88 0f       	add	r24, r24
    10a4:	99 1f       	adc	r25, r25
    10a6:	0a 94       	dec	r0
    10a8:	e2 f7       	brpl	.-8      	; 0x10a2 <DIO_u8SetPinValue+0x112>
    10aa:	84 2b       	or	r24, r20
    10ac:	8c 93       	st	X, r24
    10ae:	8c c0       	rjmp	.+280    	; 0x11c8 <DIO_u8SetPinValue+0x238>
					case DIO_LOW: CLR_BIT(DIO_u8_PORTB_REG,Copy_u8PinId);break;
    10b0:	a8 e3       	ldi	r26, 0x38	; 56
    10b2:	b0 e0       	ldi	r27, 0x00	; 0
    10b4:	e8 e3       	ldi	r30, 0x38	; 56
    10b6:	f0 e0       	ldi	r31, 0x00	; 0
    10b8:	80 81       	ld	r24, Z
    10ba:	48 2f       	mov	r20, r24
    10bc:	8b 81       	ldd	r24, Y+3	; 0x03
    10be:	28 2f       	mov	r18, r24
    10c0:	30 e0       	ldi	r19, 0x00	; 0
    10c2:	81 e0       	ldi	r24, 0x01	; 1
    10c4:	90 e0       	ldi	r25, 0x00	; 0
    10c6:	02 2e       	mov	r0, r18
    10c8:	02 c0       	rjmp	.+4      	; 0x10ce <DIO_u8SetPinValue+0x13e>
    10ca:	88 0f       	add	r24, r24
    10cc:	99 1f       	adc	r25, r25
    10ce:	0a 94       	dec	r0
    10d0:	e2 f7       	brpl	.-8      	; 0x10ca <DIO_u8SetPinValue+0x13a>
    10d2:	80 95       	com	r24
    10d4:	84 23       	and	r24, r20
    10d6:	8c 93       	st	X, r24
    10d8:	77 c0       	rjmp	.+238    	; 0x11c8 <DIO_u8SetPinValue+0x238>
					default : Local_u8ErrorState = STD_TYPES_NOK;
    10da:	19 82       	std	Y+1, r1	; 0x01
    10dc:	75 c0       	rjmp	.+234    	; 0x11c8 <DIO_u8SetPinValue+0x238>
				}		
			break;
			case DIO_u8_PORTC:
				switch (Copy_u8PinValue)
    10de:	8c 81       	ldd	r24, Y+4	; 0x04
    10e0:	28 2f       	mov	r18, r24
    10e2:	30 e0       	ldi	r19, 0x00	; 0
    10e4:	38 87       	std	Y+8, r19	; 0x08
    10e6:	2f 83       	std	Y+7, r18	; 0x07
    10e8:	8f 81       	ldd	r24, Y+7	; 0x07
    10ea:	98 85       	ldd	r25, Y+8	; 0x08
    10ec:	00 97       	sbiw	r24, 0x00	; 0
    10ee:	c9 f0       	breq	.+50     	; 0x1122 <DIO_u8SetPinValue+0x192>
    10f0:	2f 81       	ldd	r18, Y+7	; 0x07
    10f2:	38 85       	ldd	r19, Y+8	; 0x08
    10f4:	21 30       	cpi	r18, 0x01	; 1
    10f6:	31 05       	cpc	r19, r1
    10f8:	49 f5       	brne	.+82     	; 0x114c <DIO_u8SetPinValue+0x1bc>
				{
					case DIO_HIGH:SET_BIT(DIO_u8_PORTC_REG,Copy_u8PinId);break;
    10fa:	a5 e3       	ldi	r26, 0x35	; 53
    10fc:	b0 e0       	ldi	r27, 0x00	; 0
    10fe:	e5 e3       	ldi	r30, 0x35	; 53
    1100:	f0 e0       	ldi	r31, 0x00	; 0
    1102:	80 81       	ld	r24, Z
    1104:	48 2f       	mov	r20, r24
    1106:	8b 81       	ldd	r24, Y+3	; 0x03
    1108:	28 2f       	mov	r18, r24
    110a:	30 e0       	ldi	r19, 0x00	; 0
    110c:	81 e0       	ldi	r24, 0x01	; 1
    110e:	90 e0       	ldi	r25, 0x00	; 0
    1110:	02 2e       	mov	r0, r18
    1112:	02 c0       	rjmp	.+4      	; 0x1118 <DIO_u8SetPinValue+0x188>
    1114:	88 0f       	add	r24, r24
    1116:	99 1f       	adc	r25, r25
    1118:	0a 94       	dec	r0
    111a:	e2 f7       	brpl	.-8      	; 0x1114 <DIO_u8SetPinValue+0x184>
    111c:	84 2b       	or	r24, r20
    111e:	8c 93       	st	X, r24
    1120:	53 c0       	rjmp	.+166    	; 0x11c8 <DIO_u8SetPinValue+0x238>
					case DIO_LOW: CLR_BIT(DIO_u8_PORTC_REG,Copy_u8PinId);break;
    1122:	a5 e3       	ldi	r26, 0x35	; 53
    1124:	b0 e0       	ldi	r27, 0x00	; 0
    1126:	e5 e3       	ldi	r30, 0x35	; 53
    1128:	f0 e0       	ldi	r31, 0x00	; 0
    112a:	80 81       	ld	r24, Z
    112c:	48 2f       	mov	r20, r24
    112e:	8b 81       	ldd	r24, Y+3	; 0x03
    1130:	28 2f       	mov	r18, r24
    1132:	30 e0       	ldi	r19, 0x00	; 0
    1134:	81 e0       	ldi	r24, 0x01	; 1
    1136:	90 e0       	ldi	r25, 0x00	; 0
    1138:	02 2e       	mov	r0, r18
    113a:	02 c0       	rjmp	.+4      	; 0x1140 <DIO_u8SetPinValue+0x1b0>
    113c:	88 0f       	add	r24, r24
    113e:	99 1f       	adc	r25, r25
    1140:	0a 94       	dec	r0
    1142:	e2 f7       	brpl	.-8      	; 0x113c <DIO_u8SetPinValue+0x1ac>
    1144:	80 95       	com	r24
    1146:	84 23       	and	r24, r20
    1148:	8c 93       	st	X, r24
    114a:	3e c0       	rjmp	.+124    	; 0x11c8 <DIO_u8SetPinValue+0x238>
					default : Local_u8ErrorState = STD_TYPES_NOK;
    114c:	19 82       	std	Y+1, r1	; 0x01
    114e:	3c c0       	rjmp	.+120    	; 0x11c8 <DIO_u8SetPinValue+0x238>
				}		
			break;
			case DIO_u8_PORTD:
				switch (Copy_u8PinValue)
    1150:	8c 81       	ldd	r24, Y+4	; 0x04
    1152:	28 2f       	mov	r18, r24
    1154:	30 e0       	ldi	r19, 0x00	; 0
    1156:	3e 83       	std	Y+6, r19	; 0x06
    1158:	2d 83       	std	Y+5, r18	; 0x05
    115a:	8d 81       	ldd	r24, Y+5	; 0x05
    115c:	9e 81       	ldd	r25, Y+6	; 0x06
    115e:	00 97       	sbiw	r24, 0x00	; 0
    1160:	c9 f0       	breq	.+50     	; 0x1194 <DIO_u8SetPinValue+0x204>
    1162:	2d 81       	ldd	r18, Y+5	; 0x05
    1164:	3e 81       	ldd	r19, Y+6	; 0x06
    1166:	21 30       	cpi	r18, 0x01	; 1
    1168:	31 05       	cpc	r19, r1
    116a:	49 f5       	brne	.+82     	; 0x11be <DIO_u8SetPinValue+0x22e>
				{
					case DIO_HIGH:SET_BIT(DIO_u8_PORTD_REG,Copy_u8PinId);break;
    116c:	a2 e3       	ldi	r26, 0x32	; 50
    116e:	b0 e0       	ldi	r27, 0x00	; 0
    1170:	e2 e3       	ldi	r30, 0x32	; 50
    1172:	f0 e0       	ldi	r31, 0x00	; 0
    1174:	80 81       	ld	r24, Z
    1176:	48 2f       	mov	r20, r24
    1178:	8b 81       	ldd	r24, Y+3	; 0x03
    117a:	28 2f       	mov	r18, r24
    117c:	30 e0       	ldi	r19, 0x00	; 0
    117e:	81 e0       	ldi	r24, 0x01	; 1
    1180:	90 e0       	ldi	r25, 0x00	; 0
    1182:	02 2e       	mov	r0, r18
    1184:	02 c0       	rjmp	.+4      	; 0x118a <DIO_u8SetPinValue+0x1fa>
    1186:	88 0f       	add	r24, r24
    1188:	99 1f       	adc	r25, r25
    118a:	0a 94       	dec	r0
    118c:	e2 f7       	brpl	.-8      	; 0x1186 <DIO_u8SetPinValue+0x1f6>
    118e:	84 2b       	or	r24, r20
    1190:	8c 93       	st	X, r24
    1192:	1a c0       	rjmp	.+52     	; 0x11c8 <DIO_u8SetPinValue+0x238>
					case DIO_LOW: CLR_BIT(DIO_u8_PORTD_REG,Copy_u8PinId);break;
    1194:	a2 e3       	ldi	r26, 0x32	; 50
    1196:	b0 e0       	ldi	r27, 0x00	; 0
    1198:	e2 e3       	ldi	r30, 0x32	; 50
    119a:	f0 e0       	ldi	r31, 0x00	; 0
    119c:	80 81       	ld	r24, Z
    119e:	48 2f       	mov	r20, r24
    11a0:	8b 81       	ldd	r24, Y+3	; 0x03
    11a2:	28 2f       	mov	r18, r24
    11a4:	30 e0       	ldi	r19, 0x00	; 0
    11a6:	81 e0       	ldi	r24, 0x01	; 1
    11a8:	90 e0       	ldi	r25, 0x00	; 0
    11aa:	02 2e       	mov	r0, r18
    11ac:	02 c0       	rjmp	.+4      	; 0x11b2 <DIO_u8SetPinValue+0x222>
    11ae:	88 0f       	add	r24, r24
    11b0:	99 1f       	adc	r25, r25
    11b2:	0a 94       	dec	r0
    11b4:	e2 f7       	brpl	.-8      	; 0x11ae <DIO_u8SetPinValue+0x21e>
    11b6:	80 95       	com	r24
    11b8:	84 23       	and	r24, r20
    11ba:	8c 93       	st	X, r24
    11bc:	05 c0       	rjmp	.+10     	; 0x11c8 <DIO_u8SetPinValue+0x238>
					default : Local_u8ErrorState = STD_TYPES_NOK;
    11be:	19 82       	std	Y+1, r1	; 0x01
    11c0:	03 c0       	rjmp	.+6      	; 0x11c8 <DIO_u8SetPinValue+0x238>
				}		
			break;
			default :
				Local_u8ErrorState = STD_TYPES_NOK;
    11c2:	19 82       	std	Y+1, r1	; 0x01
    11c4:	01 c0       	rjmp	.+2      	; 0x11c8 <DIO_u8SetPinValue+0x238>
		}
			
	}
	else
	{
		Local_u8ErrorState = STD_TYPES_NOK;
    11c6:	19 82       	std	Y+1, r1	; 0x01
	}
	return Local_u8ErrorState;
    11c8:	89 81       	ldd	r24, Y+1	; 0x01
	
}
    11ca:	2e 96       	adiw	r28, 0x0e	; 14
    11cc:	0f b6       	in	r0, 0x3f	; 63
    11ce:	f8 94       	cli
    11d0:	de bf       	out	0x3e, r29	; 62
    11d2:	0f be       	out	0x3f, r0	; 63
    11d4:	cd bf       	out	0x3d, r28	; 61
    11d6:	cf 91       	pop	r28
    11d8:	df 91       	pop	r29
    11da:	08 95       	ret

000011dc <DIO_u8GetPinValue>:
//////////////////////
u8  DIO_u8GetPinValue     (u8 Copy_u8PortId, u8 Copy_u8PinId ,u8 * Copy_pu8ReturnedPinValue)
{
    11dc:	df 93       	push	r29
    11de:	cf 93       	push	r28
    11e0:	cd b7       	in	r28, 0x3d	; 61
    11e2:	de b7       	in	r29, 0x3e	; 62
    11e4:	28 97       	sbiw	r28, 0x08	; 8
    11e6:	0f b6       	in	r0, 0x3f	; 63
    11e8:	f8 94       	cli
    11ea:	de bf       	out	0x3e, r29	; 62
    11ec:	0f be       	out	0x3f, r0	; 63
    11ee:	cd bf       	out	0x3d, r28	; 61
    11f0:	8b 83       	std	Y+3, r24	; 0x03
    11f2:	6c 83       	std	Y+4, r22	; 0x04
    11f4:	5e 83       	std	Y+6, r21	; 0x06
    11f6:	4d 83       	std	Y+5, r20	; 0x05
	u8 Local_u8ErrorState = STD_TYPES_OK;
    11f8:	81 e0       	ldi	r24, 0x01	; 1
    11fa:	8a 83       	std	Y+2, r24	; 0x02
	u8 Local_u8PinValue;
	if((Copy_u8PortId <= DIO_u8_PORTD) && (Copy_u8PinId <= DIO_u8_PIN7) && (Copy_pu8ReturnedPinValue != NULL))
    11fc:	8b 81       	ldd	r24, Y+3	; 0x03
    11fe:	84 30       	cpi	r24, 0x04	; 4
    1200:	08 f0       	brcs	.+2      	; 0x1204 <DIO_u8GetPinValue+0x28>
    1202:	9f c0       	rjmp	.+318    	; 0x1342 <DIO_u8GetPinValue+0x166>
    1204:	8c 81       	ldd	r24, Y+4	; 0x04
    1206:	88 30       	cpi	r24, 0x08	; 8
    1208:	08 f0       	brcs	.+2      	; 0x120c <DIO_u8GetPinValue+0x30>
    120a:	9b c0       	rjmp	.+310    	; 0x1342 <DIO_u8GetPinValue+0x166>
    120c:	8d 81       	ldd	r24, Y+5	; 0x05
    120e:	9e 81       	ldd	r25, Y+6	; 0x06
    1210:	00 97       	sbiw	r24, 0x00	; 0
    1212:	09 f4       	brne	.+2      	; 0x1216 <DIO_u8GetPinValue+0x3a>
    1214:	96 c0       	rjmp	.+300    	; 0x1342 <DIO_u8GetPinValue+0x166>
	{
		switch (Copy_u8PortId)
    1216:	8b 81       	ldd	r24, Y+3	; 0x03
    1218:	28 2f       	mov	r18, r24
    121a:	30 e0       	ldi	r19, 0x00	; 0
    121c:	38 87       	std	Y+8, r19	; 0x08
    121e:	2f 83       	std	Y+7, r18	; 0x07
    1220:	4f 81       	ldd	r20, Y+7	; 0x07
    1222:	58 85       	ldd	r21, Y+8	; 0x08
    1224:	41 30       	cpi	r20, 0x01	; 1
    1226:	51 05       	cpc	r21, r1
    1228:	a9 f1       	breq	.+106    	; 0x1294 <DIO_u8GetPinValue+0xb8>
    122a:	8f 81       	ldd	r24, Y+7	; 0x07
    122c:	98 85       	ldd	r25, Y+8	; 0x08
    122e:	82 30       	cpi	r24, 0x02	; 2
    1230:	91 05       	cpc	r25, r1
    1232:	34 f4       	brge	.+12     	; 0x1240 <DIO_u8GetPinValue+0x64>
    1234:	2f 81       	ldd	r18, Y+7	; 0x07
    1236:	38 85       	ldd	r19, Y+8	; 0x08
    1238:	21 15       	cp	r18, r1
    123a:	31 05       	cpc	r19, r1
    123c:	71 f0       	breq	.+28     	; 0x125a <DIO_u8GetPinValue+0x7e>
    123e:	82 c0       	rjmp	.+260    	; 0x1344 <DIO_u8GetPinValue+0x168>
    1240:	4f 81       	ldd	r20, Y+7	; 0x07
    1242:	58 85       	ldd	r21, Y+8	; 0x08
    1244:	42 30       	cpi	r20, 0x02	; 2
    1246:	51 05       	cpc	r21, r1
    1248:	09 f4       	brne	.+2      	; 0x124c <DIO_u8GetPinValue+0x70>
    124a:	41 c0       	rjmp	.+130    	; 0x12ce <DIO_u8GetPinValue+0xf2>
    124c:	8f 81       	ldd	r24, Y+7	; 0x07
    124e:	98 85       	ldd	r25, Y+8	; 0x08
    1250:	83 30       	cpi	r24, 0x03	; 3
    1252:	91 05       	cpc	r25, r1
    1254:	09 f4       	brne	.+2      	; 0x1258 <DIO_u8GetPinValue+0x7c>
    1256:	58 c0       	rjmp	.+176    	; 0x1308 <DIO_u8GetPinValue+0x12c>
    1258:	75 c0       	rjmp	.+234    	; 0x1344 <DIO_u8GetPinValue+0x168>
		{
			case DIO_u8_PORTA:
				Local_u8PinValue = GET_BIT(DIO_u8_PINA_REG,Copy_u8PinId);
    125a:	e9 e3       	ldi	r30, 0x39	; 57
    125c:	f0 e0       	ldi	r31, 0x00	; 0
    125e:	80 81       	ld	r24, Z
    1260:	28 2f       	mov	r18, r24
    1262:	30 e0       	ldi	r19, 0x00	; 0
    1264:	8c 81       	ldd	r24, Y+4	; 0x04
    1266:	88 2f       	mov	r24, r24
    1268:	90 e0       	ldi	r25, 0x00	; 0
    126a:	a9 01       	movw	r20, r18
    126c:	02 c0       	rjmp	.+4      	; 0x1272 <DIO_u8GetPinValue+0x96>
    126e:	55 95       	asr	r21
    1270:	47 95       	ror	r20
    1272:	8a 95       	dec	r24
    1274:	e2 f7       	brpl	.-8      	; 0x126e <DIO_u8GetPinValue+0x92>
    1276:	ca 01       	movw	r24, r20
    1278:	81 70       	andi	r24, 0x01	; 1
    127a:	89 83       	std	Y+1, r24	; 0x01
				if(Local_u8PinValue == 0)
    127c:	89 81       	ldd	r24, Y+1	; 0x01
    127e:	88 23       	and	r24, r24
    1280:	21 f4       	brne	.+8      	; 0x128a <DIO_u8GetPinValue+0xae>
				{
					*Copy_pu8ReturnedPinValue = DIO_LOW;
    1282:	ed 81       	ldd	r30, Y+5	; 0x05
    1284:	fe 81       	ldd	r31, Y+6	; 0x06
    1286:	10 82       	st	Z, r1
    1288:	5d c0       	rjmp	.+186    	; 0x1344 <DIO_u8GetPinValue+0x168>
				}	
				else
				{
					*Copy_pu8ReturnedPinValue = DIO_HIGH;
    128a:	ed 81       	ldd	r30, Y+5	; 0x05
    128c:	fe 81       	ldd	r31, Y+6	; 0x06
    128e:	81 e0       	ldi	r24, 0x01	; 1
    1290:	80 83       	st	Z, r24
    1292:	58 c0       	rjmp	.+176    	; 0x1344 <DIO_u8GetPinValue+0x168>
				}
			break;
			case DIO_u8_PORTB:
				Local_u8PinValue = GET_BIT(DIO_u8_PINB_REG,Copy_u8PinId);
    1294:	e6 e3       	ldi	r30, 0x36	; 54
    1296:	f0 e0       	ldi	r31, 0x00	; 0
    1298:	80 81       	ld	r24, Z
    129a:	28 2f       	mov	r18, r24
    129c:	30 e0       	ldi	r19, 0x00	; 0
    129e:	8c 81       	ldd	r24, Y+4	; 0x04
    12a0:	88 2f       	mov	r24, r24
    12a2:	90 e0       	ldi	r25, 0x00	; 0
    12a4:	a9 01       	movw	r20, r18
    12a6:	02 c0       	rjmp	.+4      	; 0x12ac <DIO_u8GetPinValue+0xd0>
    12a8:	55 95       	asr	r21
    12aa:	47 95       	ror	r20
    12ac:	8a 95       	dec	r24
    12ae:	e2 f7       	brpl	.-8      	; 0x12a8 <DIO_u8GetPinValue+0xcc>
    12b0:	ca 01       	movw	r24, r20
    12b2:	81 70       	andi	r24, 0x01	; 1
    12b4:	89 83       	std	Y+1, r24	; 0x01
				if(Local_u8PinValue == 0)
    12b6:	89 81       	ldd	r24, Y+1	; 0x01
    12b8:	88 23       	and	r24, r24
    12ba:	21 f4       	brne	.+8      	; 0x12c4 <DIO_u8GetPinValue+0xe8>
				{
					*Copy_pu8ReturnedPinValue = DIO_LOW;
    12bc:	ed 81       	ldd	r30, Y+5	; 0x05
    12be:	fe 81       	ldd	r31, Y+6	; 0x06
    12c0:	10 82       	st	Z, r1
    12c2:	40 c0       	rjmp	.+128    	; 0x1344 <DIO_u8GetPinValue+0x168>
				}	
				else
				{
					*Copy_pu8ReturnedPinValue = DIO_HIGH;
    12c4:	ed 81       	ldd	r30, Y+5	; 0x05
    12c6:	fe 81       	ldd	r31, Y+6	; 0x06
    12c8:	81 e0       	ldi	r24, 0x01	; 1
    12ca:	80 83       	st	Z, r24
    12cc:	3b c0       	rjmp	.+118    	; 0x1344 <DIO_u8GetPinValue+0x168>
				}
			break;
			case DIO_u8_PORTC:
				Local_u8PinValue = GET_BIT(DIO_u8_PINC_REG,Copy_u8PinId);
    12ce:	e3 e3       	ldi	r30, 0x33	; 51
    12d0:	f0 e0       	ldi	r31, 0x00	; 0
    12d2:	80 81       	ld	r24, Z
    12d4:	28 2f       	mov	r18, r24
    12d6:	30 e0       	ldi	r19, 0x00	; 0
    12d8:	8c 81       	ldd	r24, Y+4	; 0x04
    12da:	88 2f       	mov	r24, r24
    12dc:	90 e0       	ldi	r25, 0x00	; 0
    12de:	a9 01       	movw	r20, r18
    12e0:	02 c0       	rjmp	.+4      	; 0x12e6 <DIO_u8GetPinValue+0x10a>
    12e2:	55 95       	asr	r21
    12e4:	47 95       	ror	r20
    12e6:	8a 95       	dec	r24
    12e8:	e2 f7       	brpl	.-8      	; 0x12e2 <DIO_u8GetPinValue+0x106>
    12ea:	ca 01       	movw	r24, r20
    12ec:	81 70       	andi	r24, 0x01	; 1
    12ee:	89 83       	std	Y+1, r24	; 0x01
				if(Local_u8PinValue == 0)
    12f0:	89 81       	ldd	r24, Y+1	; 0x01
    12f2:	88 23       	and	r24, r24
    12f4:	21 f4       	brne	.+8      	; 0x12fe <DIO_u8GetPinValue+0x122>
				{
					*Copy_pu8ReturnedPinValue = DIO_LOW;
    12f6:	ed 81       	ldd	r30, Y+5	; 0x05
    12f8:	fe 81       	ldd	r31, Y+6	; 0x06
    12fa:	10 82       	st	Z, r1
    12fc:	23 c0       	rjmp	.+70     	; 0x1344 <DIO_u8GetPinValue+0x168>
				}	
				else
				{
					*Copy_pu8ReturnedPinValue = DIO_HIGH;
    12fe:	ed 81       	ldd	r30, Y+5	; 0x05
    1300:	fe 81       	ldd	r31, Y+6	; 0x06
    1302:	81 e0       	ldi	r24, 0x01	; 1
    1304:	80 83       	st	Z, r24
    1306:	1e c0       	rjmp	.+60     	; 0x1344 <DIO_u8GetPinValue+0x168>
				}
			break;
			case DIO_u8_PORTD:
				Local_u8PinValue = GET_BIT(DIO_u8_PIND_REG,Copy_u8PinId);
    1308:	e0 e3       	ldi	r30, 0x30	; 48
    130a:	f0 e0       	ldi	r31, 0x00	; 0
    130c:	80 81       	ld	r24, Z
    130e:	28 2f       	mov	r18, r24
    1310:	30 e0       	ldi	r19, 0x00	; 0
    1312:	8c 81       	ldd	r24, Y+4	; 0x04
    1314:	88 2f       	mov	r24, r24
    1316:	90 e0       	ldi	r25, 0x00	; 0
    1318:	a9 01       	movw	r20, r18
    131a:	02 c0       	rjmp	.+4      	; 0x1320 <DIO_u8GetPinValue+0x144>
    131c:	55 95       	asr	r21
    131e:	47 95       	ror	r20
    1320:	8a 95       	dec	r24
    1322:	e2 f7       	brpl	.-8      	; 0x131c <DIO_u8GetPinValue+0x140>
    1324:	ca 01       	movw	r24, r20
    1326:	81 70       	andi	r24, 0x01	; 1
    1328:	89 83       	std	Y+1, r24	; 0x01
				if(Local_u8PinValue == 0)
    132a:	89 81       	ldd	r24, Y+1	; 0x01
    132c:	88 23       	and	r24, r24
    132e:	21 f4       	brne	.+8      	; 0x1338 <DIO_u8GetPinValue+0x15c>
				{
					*Copy_pu8ReturnedPinValue = DIO_LOW;
    1330:	ed 81       	ldd	r30, Y+5	; 0x05
    1332:	fe 81       	ldd	r31, Y+6	; 0x06
    1334:	10 82       	st	Z, r1
    1336:	06 c0       	rjmp	.+12     	; 0x1344 <DIO_u8GetPinValue+0x168>
				}	
				else
				{
					*Copy_pu8ReturnedPinValue = DIO_HIGH;
    1338:	ed 81       	ldd	r30, Y+5	; 0x05
    133a:	fe 81       	ldd	r31, Y+6	; 0x06
    133c:	81 e0       	ldi	r24, 0x01	; 1
    133e:	80 83       	st	Z, r24
    1340:	01 c0       	rjmp	.+2      	; 0x1344 <DIO_u8GetPinValue+0x168>
			break;
		}
	}
	else
	{
		Local_u8ErrorState = STD_TYPES_NOK;
    1342:	1a 82       	std	Y+2, r1	; 0x02
	}
	return Local_u8ErrorState;
    1344:	8a 81       	ldd	r24, Y+2	; 0x02
}
    1346:	28 96       	adiw	r28, 0x08	; 8
    1348:	0f b6       	in	r0, 0x3f	; 63
    134a:	f8 94       	cli
    134c:	de bf       	out	0x3e, r29	; 62
    134e:	0f be       	out	0x3f, r0	; 63
    1350:	cd bf       	out	0x3d, r28	; 61
    1352:	cf 91       	pop	r28
    1354:	df 91       	pop	r29
    1356:	08 95       	ret

00001358 <DIO_u8SetPortDirection>:
//////////////////////
/* IO Ports */
u8    DIO_u8SetPortDirection(u8 Copy_u8PortId ,u8 Copy_u8PinDirction )
{
    1358:	df 93       	push	r29
    135a:	cf 93       	push	r28
    135c:	cd b7       	in	r28, 0x3d	; 61
    135e:	de b7       	in	r29, 0x3e	; 62
    1360:	27 97       	sbiw	r28, 0x07	; 7
    1362:	0f b6       	in	r0, 0x3f	; 63
    1364:	f8 94       	cli
    1366:	de bf       	out	0x3e, r29	; 62
    1368:	0f be       	out	0x3f, r0	; 63
    136a:	cd bf       	out	0x3d, r28	; 61
    136c:	8b 83       	std	Y+3, r24	; 0x03
    136e:	6c 83       	std	Y+4, r22	; 0x04
		u8 Local_u8ErrorState = STD_TYPES_OK;
    1370:	81 e0       	ldi	r24, 0x01	; 1
    1372:	8a 83       	std	Y+2, r24	; 0x02

		if( (Copy_u8PortId <= DIO_u8_PORTD)  )
    1374:	8b 81       	ldd	r24, Y+3	; 0x03
    1376:	84 30       	cpi	r24, 0x04	; 4
    1378:	a8 f5       	brcc	.+106    	; 0x13e4 <DIO_u8SetPortDirection+0x8c>
		{
			switch(Copy_u8PortId)
    137a:	8b 81       	ldd	r24, Y+3	; 0x03
    137c:	28 2f       	mov	r18, r24
    137e:	30 e0       	ldi	r19, 0x00	; 0
    1380:	3f 83       	std	Y+7, r19	; 0x07
    1382:	2e 83       	std	Y+6, r18	; 0x06
    1384:	8e 81       	ldd	r24, Y+6	; 0x06
    1386:	9f 81       	ldd	r25, Y+7	; 0x07
    1388:	81 30       	cpi	r24, 0x01	; 1
    138a:	91 05       	cpc	r25, r1
    138c:	d1 f0       	breq	.+52     	; 0x13c2 <DIO_u8SetPortDirection+0x6a>
    138e:	2e 81       	ldd	r18, Y+6	; 0x06
    1390:	3f 81       	ldd	r19, Y+7	; 0x07
    1392:	22 30       	cpi	r18, 0x02	; 2
    1394:	31 05       	cpc	r19, r1
    1396:	2c f4       	brge	.+10     	; 0x13a2 <DIO_u8SetPortDirection+0x4a>
    1398:	8e 81       	ldd	r24, Y+6	; 0x06
    139a:	9f 81       	ldd	r25, Y+7	; 0x07
    139c:	00 97       	sbiw	r24, 0x00	; 0
    139e:	61 f0       	breq	.+24     	; 0x13b8 <DIO_u8SetPortDirection+0x60>
    13a0:	1e c0       	rjmp	.+60     	; 0x13de <DIO_u8SetPortDirection+0x86>
    13a2:	2e 81       	ldd	r18, Y+6	; 0x06
    13a4:	3f 81       	ldd	r19, Y+7	; 0x07
    13a6:	22 30       	cpi	r18, 0x02	; 2
    13a8:	31 05       	cpc	r19, r1
    13aa:	81 f0       	breq	.+32     	; 0x13cc <DIO_u8SetPortDirection+0x74>
    13ac:	8e 81       	ldd	r24, Y+6	; 0x06
    13ae:	9f 81       	ldd	r25, Y+7	; 0x07
    13b0:	83 30       	cpi	r24, 0x03	; 3
    13b2:	91 05       	cpc	r25, r1
    13b4:	81 f0       	breq	.+32     	; 0x13d6 <DIO_u8SetPortDirection+0x7e>
    13b6:	13 c0       	rjmp	.+38     	; 0x13de <DIO_u8SetPortDirection+0x86>
			{         case    DIO_u8_PORTA:  DIO_u8_PORTA_REG = Copy_u8PinDirction ;break;
    13b8:	eb e3       	ldi	r30, 0x3B	; 59
    13ba:	f0 e0       	ldi	r31, 0x00	; 0
    13bc:	8c 81       	ldd	r24, Y+4	; 0x04
    13be:	80 83       	st	Z, r24
    13c0:	0e c0       	rjmp	.+28     	; 0x13de <DIO_u8SetPortDirection+0x86>
		           	  case    DIO_u8_PORTB:  DIO_u8_PORTB_REG = Copy_u8PinDirction ;break;
    13c2:	e8 e3       	ldi	r30, 0x38	; 56
    13c4:	f0 e0       	ldi	r31, 0x00	; 0
    13c6:	8c 81       	ldd	r24, Y+4	; 0x04
    13c8:	80 83       	st	Z, r24
    13ca:	09 c0       	rjmp	.+18     	; 0x13de <DIO_u8SetPortDirection+0x86>
		              case    DIO_u8_PORTC:  DIO_u8_PORTC_REG = Copy_u8PinDirction ;break;
    13cc:	e5 e3       	ldi	r30, 0x35	; 53
    13ce:	f0 e0       	ldi	r31, 0x00	; 0
    13d0:	8c 81       	ldd	r24, Y+4	; 0x04
    13d2:	80 83       	st	Z, r24
    13d4:	04 c0       	rjmp	.+8      	; 0x13de <DIO_u8SetPortDirection+0x86>
		              case    DIO_u8_PORTD:  DIO_u8_PORTD_REG = Copy_u8PinDirction ;break;
    13d6:	e2 e3       	ldi	r30, 0x32	; 50
    13d8:	f0 e0       	ldi	r31, 0x00	; 0
    13da:	8c 81       	ldd	r24, Y+4	; 0x04
    13dc:	80 83       	st	Z, r24
		}


	return Local_u8ErrorState;
    13de:	9a 81       	ldd	r25, Y+2	; 0x02
    13e0:	9d 83       	std	Y+5, r25	; 0x05
    13e2:	03 c0       	rjmp	.+6      	; 0x13ea <DIO_u8SetPortDirection+0x92>
}else
{
		u8 Local_u8ErrorState = STD_TYPES_NOK;
    13e4:	19 82       	std	Y+1, r1	; 0x01

}
		return Local_u8ErrorState;
    13e6:	2a 81       	ldd	r18, Y+2	; 0x02
    13e8:	2d 83       	std	Y+5, r18	; 0x05
    13ea:	8d 81       	ldd	r24, Y+5	; 0x05
}
    13ec:	27 96       	adiw	r28, 0x07	; 7
    13ee:	0f b6       	in	r0, 0x3f	; 63
    13f0:	f8 94       	cli
    13f2:	de bf       	out	0x3e, r29	; 62
    13f4:	0f be       	out	0x3f, r0	; 63
    13f6:	cd bf       	out	0x3d, r28	; 61
    13f8:	cf 91       	pop	r28
    13fa:	df 91       	pop	r29
    13fc:	08 95       	ret

000013fe <DIO_u8SetPortValue>:
//////////////////////
u8  DIO_u8SetPortValue    (u8 Copy_u8PortId, u8 Copy_u8PortValue)
{
    13fe:	df 93       	push	r29
    1400:	cf 93       	push	r28
    1402:	00 d0       	rcall	.+0      	; 0x1404 <DIO_u8SetPortValue+0x6>
    1404:	00 d0       	rcall	.+0      	; 0x1406 <DIO_u8SetPortValue+0x8>
    1406:	0f 92       	push	r0
    1408:	cd b7       	in	r28, 0x3d	; 61
    140a:	de b7       	in	r29, 0x3e	; 62
    140c:	8a 83       	std	Y+2, r24	; 0x02
    140e:	6b 83       	std	Y+3, r22	; 0x03
	u8 Local_u8ErrorState = STD_TYPES_OK;
    1410:	81 e0       	ldi	r24, 0x01	; 1
    1412:	89 83       	std	Y+1, r24	; 0x01
	switch (Copy_u8PortId)
    1414:	8a 81       	ldd	r24, Y+2	; 0x02
    1416:	28 2f       	mov	r18, r24
    1418:	30 e0       	ldi	r19, 0x00	; 0
    141a:	3d 83       	std	Y+5, r19	; 0x05
    141c:	2c 83       	std	Y+4, r18	; 0x04
    141e:	8c 81       	ldd	r24, Y+4	; 0x04
    1420:	9d 81       	ldd	r25, Y+5	; 0x05
    1422:	81 30       	cpi	r24, 0x01	; 1
    1424:	91 05       	cpc	r25, r1
    1426:	d1 f0       	breq	.+52     	; 0x145c <DIO_u8SetPortValue+0x5e>
    1428:	2c 81       	ldd	r18, Y+4	; 0x04
    142a:	3d 81       	ldd	r19, Y+5	; 0x05
    142c:	22 30       	cpi	r18, 0x02	; 2
    142e:	31 05       	cpc	r19, r1
    1430:	2c f4       	brge	.+10     	; 0x143c <DIO_u8SetPortValue+0x3e>
    1432:	8c 81       	ldd	r24, Y+4	; 0x04
    1434:	9d 81       	ldd	r25, Y+5	; 0x05
    1436:	00 97       	sbiw	r24, 0x00	; 0
    1438:	61 f0       	breq	.+24     	; 0x1452 <DIO_u8SetPortValue+0x54>
    143a:	1f c0       	rjmp	.+62     	; 0x147a <DIO_u8SetPortValue+0x7c>
    143c:	2c 81       	ldd	r18, Y+4	; 0x04
    143e:	3d 81       	ldd	r19, Y+5	; 0x05
    1440:	22 30       	cpi	r18, 0x02	; 2
    1442:	31 05       	cpc	r19, r1
    1444:	81 f0       	breq	.+32     	; 0x1466 <DIO_u8SetPortValue+0x68>
    1446:	8c 81       	ldd	r24, Y+4	; 0x04
    1448:	9d 81       	ldd	r25, Y+5	; 0x05
    144a:	83 30       	cpi	r24, 0x03	; 3
    144c:	91 05       	cpc	r25, r1
    144e:	81 f0       	breq	.+32     	; 0x1470 <DIO_u8SetPortValue+0x72>
    1450:	14 c0       	rjmp	.+40     	; 0x147a <DIO_u8SetPortValue+0x7c>
	{
		case DIO_u8_PORTA:DIO_u8_PORTA_REG = Copy_u8PortValue;break;
    1452:	eb e3       	ldi	r30, 0x3B	; 59
    1454:	f0 e0       	ldi	r31, 0x00	; 0
    1456:	8b 81       	ldd	r24, Y+3	; 0x03
    1458:	80 83       	st	Z, r24
    145a:	10 c0       	rjmp	.+32     	; 0x147c <DIO_u8SetPortValue+0x7e>
		case DIO_u8_PORTB:DIO_u8_PORTB_REG = Copy_u8PortValue;break;
    145c:	e8 e3       	ldi	r30, 0x38	; 56
    145e:	f0 e0       	ldi	r31, 0x00	; 0
    1460:	8b 81       	ldd	r24, Y+3	; 0x03
    1462:	80 83       	st	Z, r24
    1464:	0b c0       	rjmp	.+22     	; 0x147c <DIO_u8SetPortValue+0x7e>
		case DIO_u8_PORTC:DIO_u8_PORTC_REG = Copy_u8PortValue;break;
    1466:	e5 e3       	ldi	r30, 0x35	; 53
    1468:	f0 e0       	ldi	r31, 0x00	; 0
    146a:	8b 81       	ldd	r24, Y+3	; 0x03
    146c:	80 83       	st	Z, r24
    146e:	06 c0       	rjmp	.+12     	; 0x147c <DIO_u8SetPortValue+0x7e>
		case DIO_u8_PORTD:DIO_u8_PORTD_REG = Copy_u8PortValue;break;
    1470:	e2 e3       	ldi	r30, 0x32	; 50
    1472:	f0 e0       	ldi	r31, 0x00	; 0
    1474:	8b 81       	ldd	r24, Y+3	; 0x03
    1476:	80 83       	st	Z, r24
    1478:	01 c0       	rjmp	.+2      	; 0x147c <DIO_u8SetPortValue+0x7e>
		default : Local_u8ErrorState = STD_TYPES_NOK;
    147a:	19 82       	std	Y+1, r1	; 0x01
	}
	return Local_u8ErrorState;
    147c:	89 81       	ldd	r24, Y+1	; 0x01
}
    147e:	0f 90       	pop	r0
    1480:	0f 90       	pop	r0
    1482:	0f 90       	pop	r0
    1484:	0f 90       	pop	r0
    1486:	0f 90       	pop	r0
    1488:	cf 91       	pop	r28
    148a:	df 91       	pop	r29
    148c:	08 95       	ret

0000148e <KPD_u8GetKeyState>:
const u8 KPD_Au8RowsPins[4]={KPD_u8_R1_PIN,KPD_u8_R2_PIN,KPD_u8_R3_PIN,KPD_u8_R4_PIN};
const u8 KPD_Au8ColsPins[4]={KPD_u8_C1_PIN,KPD_u8_C2_PIN,KPD_u8_C3_PIN,KPD_u8_C4_PIN};


u8 KPD_u8GetKeyState(u8 * Copy_pu8ReturnedKey)
{
    148e:	df 93       	push	r29
    1490:	cf 93       	push	r28
    1492:	cd b7       	in	r28, 0x3d	; 61
    1494:	de b7       	in	r29, 0x3e	; 62
    1496:	65 97       	sbiw	r28, 0x15	; 21
    1498:	0f b6       	in	r0, 0x3f	; 63
    149a:	f8 94       	cli
    149c:	de bf       	out	0x3e, r29	; 62
    149e:	0f be       	out	0x3f, r0	; 63
    14a0:	cd bf       	out	0x3d, r28	; 61
    14a2:	9d 8b       	std	Y+21, r25	; 0x15
    14a4:	8c 8b       	std	Y+20, r24	; 0x14
	u8 Local_u8ErrorState = STD_TYPES_OK;
    14a6:	81 e0       	ldi	r24, 0x01	; 1
    14a8:	8a 8b       	std	Y+18, r24	; 0x12
	u8 Local_u8RowsCounter, Local_u8ColsCounter ,Local_u8PinValue, Local_u8Flag = 0;
    14aa:	1f 86       	std	Y+15, r1	; 0x0f
	if(Copy_pu8ReturnedKey != 0)
    14ac:	8c 89       	ldd	r24, Y+20	; 0x14
    14ae:	9d 89       	ldd	r25, Y+21	; 0x15
    14b0:	00 97       	sbiw	r24, 0x00	; 0
    14b2:	09 f4       	brne	.+2      	; 0x14b6 <KPD_u8GetKeyState+0x28>
    14b4:	f0 c0       	rjmp	.+480    	; 0x1696 <KPD_u8GetKeyState+0x208>
	{
		*Copy_pu8ReturnedKey = KPD_u8_KEY_NOT_PRESSED;
    14b6:	ec 89       	ldd	r30, Y+20	; 0x14
    14b8:	fd 89       	ldd	r31, Y+21	; 0x15
    14ba:	8f ef       	ldi	r24, 0xFF	; 255
    14bc:	80 83       	st	Z, r24
		/* Activate Each Row => For loop on the pins of the rows */
		for(Local_u8RowsCounter = 0; Local_u8RowsCounter <= 3 ; Local_u8RowsCounter++)
    14be:	19 8a       	std	Y+17, r1	; 0x11
    14c0:	e5 c0       	rjmp	.+458    	; 0x168c <KPD_u8GetKeyState+0x1fe>
		{
			DIO_u8SetPinValue(KPD_u8_PORT,KPD_Au8RowsPins[Local_u8RowsCounter],DIO_LOW);
    14c2:	89 89       	ldd	r24, Y+17	; 0x11
    14c4:	88 2f       	mov	r24, r24
    14c6:	90 e0       	ldi	r25, 0x00	; 0
    14c8:	fc 01       	movw	r30, r24
    14ca:	e8 51       	subi	r30, 0x18	; 24
    14cc:	ff 4f       	sbci	r31, 0xFF	; 255
    14ce:	90 81       	ld	r25, Z
    14d0:	83 e0       	ldi	r24, 0x03	; 3
    14d2:	69 2f       	mov	r22, r25
    14d4:	40 e0       	ldi	r20, 0x00	; 0
    14d6:	0e 94 c8 07 	call	0xf90	; 0xf90 <DIO_u8SetPinValue>
			/* Check Which Input Pin Has Zero */
			for(Local_u8ColsCounter = 0; Local_u8ColsCounter <= 3 ; Local_u8ColsCounter++)
    14da:	18 8a       	std	Y+16, r1	; 0x10
    14dc:	c1 c0       	rjmp	.+386    	; 0x1660 <KPD_u8GetKeyState+0x1d2>
			{
				DIO_u8GetPinValue(KPD_u8_PORT,KPD_Au8ColsPins[Local_u8ColsCounter],&Local_u8PinValue);
    14de:	88 89       	ldd	r24, Y+16	; 0x10
    14e0:	88 2f       	mov	r24, r24
    14e2:	90 e0       	ldi	r25, 0x00	; 0
    14e4:	fc 01       	movw	r30, r24
    14e6:	e4 51       	subi	r30, 0x14	; 20
    14e8:	ff 4f       	sbci	r31, 0xFF	; 255
    14ea:	90 81       	ld	r25, Z
    14ec:	9e 01       	movw	r18, r28
    14ee:	2d 5e       	subi	r18, 0xED	; 237
    14f0:	3f 4f       	sbci	r19, 0xFF	; 255
    14f2:	83 e0       	ldi	r24, 0x03	; 3
    14f4:	69 2f       	mov	r22, r25
    14f6:	a9 01       	movw	r20, r18
    14f8:	0e 94 ee 08 	call	0x11dc	; 0x11dc <DIO_u8GetPinValue>
				if(Local_u8PinValue == DIO_LOW)/* Switch is Pressed */
    14fc:	8b 89       	ldd	r24, Y+19	; 0x13
    14fe:	88 23       	and	r24, r24
    1500:	09 f0       	breq	.+2      	; 0x1504 <KPD_u8GetKeyState+0x76>
    1502:	ab c0       	rjmp	.+342    	; 0x165a <KPD_u8GetKeyState+0x1cc>
    1504:	80 e0       	ldi	r24, 0x00	; 0
    1506:	90 e0       	ldi	r25, 0x00	; 0
    1508:	a0 ea       	ldi	r26, 0xA0	; 160
    150a:	b1 e4       	ldi	r27, 0x41	; 65
    150c:	8b 87       	std	Y+11, r24	; 0x0b
    150e:	9c 87       	std	Y+12, r25	; 0x0c
    1510:	ad 87       	std	Y+13, r26	; 0x0d
    1512:	be 87       	std	Y+14, r27	; 0x0e
 */
void
_delay_ms(double __ms)
{
	uint16_t __ticks;
	double __tmp = ((F_CPU) / 4e3) * __ms;
    1514:	6b 85       	ldd	r22, Y+11	; 0x0b
    1516:	7c 85       	ldd	r23, Y+12	; 0x0c
    1518:	8d 85       	ldd	r24, Y+13	; 0x0d
    151a:	9e 85       	ldd	r25, Y+14	; 0x0e
    151c:	20 e0       	ldi	r18, 0x00	; 0
    151e:	30 e0       	ldi	r19, 0x00	; 0
    1520:	4a ef       	ldi	r20, 0xFA	; 250
    1522:	54 e4       	ldi	r21, 0x44	; 68
    1524:	0e 94 17 02 	call	0x42e	; 0x42e <__mulsf3>
    1528:	dc 01       	movw	r26, r24
    152a:	cb 01       	movw	r24, r22
    152c:	8f 83       	std	Y+7, r24	; 0x07
    152e:	98 87       	std	Y+8, r25	; 0x08
    1530:	a9 87       	std	Y+9, r26	; 0x09
    1532:	ba 87       	std	Y+10, r27	; 0x0a
	if (__tmp < 1.0)
    1534:	6f 81       	ldd	r22, Y+7	; 0x07
    1536:	78 85       	ldd	r23, Y+8	; 0x08
    1538:	89 85       	ldd	r24, Y+9	; 0x09
    153a:	9a 85       	ldd	r25, Y+10	; 0x0a
    153c:	20 e0       	ldi	r18, 0x00	; 0
    153e:	30 e0       	ldi	r19, 0x00	; 0
    1540:	40 e8       	ldi	r20, 0x80	; 128
    1542:	5f e3       	ldi	r21, 0x3F	; 63
    1544:	0e 94 1d 04 	call	0x83a	; 0x83a <__ltsf2>
    1548:	88 23       	and	r24, r24
    154a:	2c f4       	brge	.+10     	; 0x1556 <KPD_u8GetKeyState+0xc8>
		__ticks = 1;
    154c:	81 e0       	ldi	r24, 0x01	; 1
    154e:	90 e0       	ldi	r25, 0x00	; 0
    1550:	9e 83       	std	Y+6, r25	; 0x06
    1552:	8d 83       	std	Y+5, r24	; 0x05
    1554:	3f c0       	rjmp	.+126    	; 0x15d4 <KPD_u8GetKeyState+0x146>
	else if (__tmp > 65535)
    1556:	6f 81       	ldd	r22, Y+7	; 0x07
    1558:	78 85       	ldd	r23, Y+8	; 0x08
    155a:	89 85       	ldd	r24, Y+9	; 0x09
    155c:	9a 85       	ldd	r25, Y+10	; 0x0a
    155e:	20 e0       	ldi	r18, 0x00	; 0
    1560:	3f ef       	ldi	r19, 0xFF	; 255
    1562:	4f e7       	ldi	r20, 0x7F	; 127
    1564:	57 e4       	ldi	r21, 0x47	; 71
    1566:	0e 94 bd 03 	call	0x77a	; 0x77a <__gtsf2>
    156a:	18 16       	cp	r1, r24
    156c:	4c f5       	brge	.+82     	; 0x15c0 <KPD_u8GetKeyState+0x132>
	{
		//	__ticks = requested delay in 1/10 ms
		__ticks = (uint16_t) (__ms * 10.0);
    156e:	6b 85       	ldd	r22, Y+11	; 0x0b
    1570:	7c 85       	ldd	r23, Y+12	; 0x0c
    1572:	8d 85       	ldd	r24, Y+13	; 0x0d
    1574:	9e 85       	ldd	r25, Y+14	; 0x0e
    1576:	20 e0       	ldi	r18, 0x00	; 0
    1578:	30 e0       	ldi	r19, 0x00	; 0
    157a:	40 e2       	ldi	r20, 0x20	; 32
    157c:	51 e4       	ldi	r21, 0x41	; 65
    157e:	0e 94 17 02 	call	0x42e	; 0x42e <__mulsf3>
    1582:	dc 01       	movw	r26, r24
    1584:	cb 01       	movw	r24, r22
    1586:	bc 01       	movw	r22, r24
    1588:	cd 01       	movw	r24, r26
    158a:	0e 94 41 00 	call	0x82	; 0x82 <__fixunssfsi>
    158e:	dc 01       	movw	r26, r24
    1590:	cb 01       	movw	r24, r22
    1592:	9e 83       	std	Y+6, r25	; 0x06
    1594:	8d 83       	std	Y+5, r24	; 0x05
    1596:	0f c0       	rjmp	.+30     	; 0x15b6 <KPD_u8GetKeyState+0x128>
    1598:	88 ec       	ldi	r24, 0xC8	; 200
    159a:	90 e0       	ldi	r25, 0x00	; 0
    159c:	9c 83       	std	Y+4, r25	; 0x04
    159e:	8b 83       	std	Y+3, r24	; 0x03
    milliseconds can be achieved.
 */
void
_delay_loop_2(uint16_t __count)
{
	__asm__ volatile (
    15a0:	8b 81       	ldd	r24, Y+3	; 0x03
    15a2:	9c 81       	ldd	r25, Y+4	; 0x04
    15a4:	01 97       	sbiw	r24, 0x01	; 1
    15a6:	f1 f7       	brne	.-4      	; 0x15a4 <KPD_u8GetKeyState+0x116>
    15a8:	9c 83       	std	Y+4, r25	; 0x04
    15aa:	8b 83       	std	Y+3, r24	; 0x03
		while(__ticks)
		{
			// wait 1/10 ms
			_delay_loop_2(((F_CPU) / 4e3) / 10);
			__ticks --;
    15ac:	8d 81       	ldd	r24, Y+5	; 0x05
    15ae:	9e 81       	ldd	r25, Y+6	; 0x06
    15b0:	01 97       	sbiw	r24, 0x01	; 1
    15b2:	9e 83       	std	Y+6, r25	; 0x06
    15b4:	8d 83       	std	Y+5, r24	; 0x05
		__ticks = 1;
	else if (__tmp > 65535)
	{
		//	__ticks = requested delay in 1/10 ms
		__ticks = (uint16_t) (__ms * 10.0);
		while(__ticks)
    15b6:	8d 81       	ldd	r24, Y+5	; 0x05
    15b8:	9e 81       	ldd	r25, Y+6	; 0x06
    15ba:	00 97       	sbiw	r24, 0x00	; 0
    15bc:	69 f7       	brne	.-38     	; 0x1598 <KPD_u8GetKeyState+0x10a>
    15be:	14 c0       	rjmp	.+40     	; 0x15e8 <KPD_u8GetKeyState+0x15a>
			__ticks --;
		}
		return;
	}
	else
		__ticks = (uint16_t)__tmp;
    15c0:	6f 81       	ldd	r22, Y+7	; 0x07
    15c2:	78 85       	ldd	r23, Y+8	; 0x08
    15c4:	89 85       	ldd	r24, Y+9	; 0x09
    15c6:	9a 85       	ldd	r25, Y+10	; 0x0a
    15c8:	0e 94 41 00 	call	0x82	; 0x82 <__fixunssfsi>
    15cc:	dc 01       	movw	r26, r24
    15ce:	cb 01       	movw	r24, r22
    15d0:	9e 83       	std	Y+6, r25	; 0x06
    15d2:	8d 83       	std	Y+5, r24	; 0x05
    15d4:	8d 81       	ldd	r24, Y+5	; 0x05
    15d6:	9e 81       	ldd	r25, Y+6	; 0x06
    15d8:	9a 83       	std	Y+2, r25	; 0x02
    15da:	89 83       	std	Y+1, r24	; 0x01
    15dc:	89 81       	ldd	r24, Y+1	; 0x01
    15de:	9a 81       	ldd	r25, Y+2	; 0x02
    15e0:	01 97       	sbiw	r24, 0x01	; 1
    15e2:	f1 f7       	brne	.-4      	; 0x15e0 <KPD_u8GetKeyState+0x152>
    15e4:	9a 83       	std	Y+2, r25	; 0x02
    15e6:	89 83       	std	Y+1, r24	; 0x01
				{
					/* Debouncing */
					_delay_ms(20);
					DIO_u8GetPinValue(KPD_u8_PORT,KPD_Au8ColsPins[Local_u8ColsCounter],&Local_u8PinValue);
    15e8:	88 89       	ldd	r24, Y+16	; 0x10
    15ea:	88 2f       	mov	r24, r24
    15ec:	90 e0       	ldi	r25, 0x00	; 0
    15ee:	fc 01       	movw	r30, r24
    15f0:	e4 51       	subi	r30, 0x14	; 20
    15f2:	ff 4f       	sbci	r31, 0xFF	; 255
    15f4:	90 81       	ld	r25, Z
    15f6:	9e 01       	movw	r18, r28
    15f8:	2d 5e       	subi	r18, 0xED	; 237
    15fa:	3f 4f       	sbci	r19, 0xFF	; 255
    15fc:	83 e0       	ldi	r24, 0x03	; 3
    15fe:	69 2f       	mov	r22, r25
    1600:	a9 01       	movw	r20, r18
    1602:	0e 94 ee 08 	call	0x11dc	; 0x11dc <DIO_u8GetPinValue>
    1606:	0f c0       	rjmp	.+30     	; 0x1626 <KPD_u8GetKeyState+0x198>
					/* Check if the Pin is still equal LOW */
					while(Local_u8PinValue == DIO_LOW)
					{
						DIO_u8GetPinValue(KPD_u8_PORT,KPD_Au8ColsPins[Local_u8ColsCounter],&Local_u8PinValue);
    1608:	88 89       	ldd	r24, Y+16	; 0x10
    160a:	88 2f       	mov	r24, r24
    160c:	90 e0       	ldi	r25, 0x00	; 0
    160e:	fc 01       	movw	r30, r24
    1610:	e4 51       	subi	r30, 0x14	; 20
    1612:	ff 4f       	sbci	r31, 0xFF	; 255
    1614:	90 81       	ld	r25, Z
    1616:	9e 01       	movw	r18, r28
    1618:	2d 5e       	subi	r18, 0xED	; 237
    161a:	3f 4f       	sbci	r19, 0xFF	; 255
    161c:	83 e0       	ldi	r24, 0x03	; 3
    161e:	69 2f       	mov	r22, r25
    1620:	a9 01       	movw	r20, r18
    1622:	0e 94 ee 08 	call	0x11dc	; 0x11dc <DIO_u8GetPinValue>
				{
					/* Debouncing */
					_delay_ms(20);
					DIO_u8GetPinValue(KPD_u8_PORT,KPD_Au8ColsPins[Local_u8ColsCounter],&Local_u8PinValue);
					/* Check if the Pin is still equal LOW */
					while(Local_u8PinValue == DIO_LOW)
    1626:	8b 89       	ldd	r24, Y+19	; 0x13
    1628:	88 23       	and	r24, r24
    162a:	71 f3       	breq	.-36     	; 0x1608 <KPD_u8GetKeyState+0x17a>
					{
						DIO_u8GetPinValue(KPD_u8_PORT,KPD_Au8ColsPins[Local_u8ColsCounter],&Local_u8PinValue);
					}
					*Copy_pu8ReturnedKey = KPD_Au8Keys[Local_u8RowsCounter][Local_u8ColsCounter];
    162c:	89 89       	ldd	r24, Y+17	; 0x11
    162e:	48 2f       	mov	r20, r24
    1630:	50 e0       	ldi	r21, 0x00	; 0
    1632:	88 89       	ldd	r24, Y+16	; 0x10
    1634:	28 2f       	mov	r18, r24
    1636:	30 e0       	ldi	r19, 0x00	; 0
    1638:	ca 01       	movw	r24, r20
    163a:	88 0f       	add	r24, r24
    163c:	99 1f       	adc	r25, r25
    163e:	88 0f       	add	r24, r24
    1640:	99 1f       	adc	r25, r25
    1642:	82 0f       	add	r24, r18
    1644:	93 1f       	adc	r25, r19
    1646:	fc 01       	movw	r30, r24
    1648:	e8 52       	subi	r30, 0x28	; 40
    164a:	ff 4f       	sbci	r31, 0xFF	; 255
    164c:	80 81       	ld	r24, Z
    164e:	ec 89       	ldd	r30, Y+20	; 0x14
    1650:	fd 89       	ldd	r31, Y+21	; 0x15
    1652:	80 83       	st	Z, r24
					Local_u8Flag = 1;
    1654:	81 e0       	ldi	r24, 0x01	; 1
    1656:	8f 87       	std	Y+15, r24	; 0x0f
    1658:	07 c0       	rjmp	.+14     	; 0x1668 <KPD_u8GetKeyState+0x1da>
		/* Activate Each Row => For loop on the pins of the rows */
		for(Local_u8RowsCounter = 0; Local_u8RowsCounter <= 3 ; Local_u8RowsCounter++)
		{
			DIO_u8SetPinValue(KPD_u8_PORT,KPD_Au8RowsPins[Local_u8RowsCounter],DIO_LOW);
			/* Check Which Input Pin Has Zero */
			for(Local_u8ColsCounter = 0; Local_u8ColsCounter <= 3 ; Local_u8ColsCounter++)
    165a:	88 89       	ldd	r24, Y+16	; 0x10
    165c:	8f 5f       	subi	r24, 0xFF	; 255
    165e:	88 8b       	std	Y+16, r24	; 0x10
    1660:	88 89       	ldd	r24, Y+16	; 0x10
    1662:	84 30       	cpi	r24, 0x04	; 4
    1664:	08 f4       	brcc	.+2      	; 0x1668 <KPD_u8GetKeyState+0x1da>
    1666:	3b cf       	rjmp	.-394    	; 0x14de <KPD_u8GetKeyState+0x50>
					Local_u8Flag = 1;
					break;						
				}
			}
			/* Deactivate Row */
			DIO_u8SetPinValue(KPD_u8_PORT,KPD_Au8RowsPins[Local_u8RowsCounter],DIO_HIGH);
    1668:	89 89       	ldd	r24, Y+17	; 0x11
    166a:	88 2f       	mov	r24, r24
    166c:	90 e0       	ldi	r25, 0x00	; 0
    166e:	fc 01       	movw	r30, r24
    1670:	e8 51       	subi	r30, 0x18	; 24
    1672:	ff 4f       	sbci	r31, 0xFF	; 255
    1674:	90 81       	ld	r25, Z
    1676:	83 e0       	ldi	r24, 0x03	; 3
    1678:	69 2f       	mov	r22, r25
    167a:	41 e0       	ldi	r20, 0x01	; 1
    167c:	0e 94 c8 07 	call	0xf90	; 0xf90 <DIO_u8SetPinValue>
			if(Local_u8Flag == 1)
    1680:	8f 85       	ldd	r24, Y+15	; 0x0f
    1682:	81 30       	cpi	r24, 0x01	; 1
    1684:	49 f0       	breq	.+18     	; 0x1698 <KPD_u8GetKeyState+0x20a>
	u8 Local_u8RowsCounter, Local_u8ColsCounter ,Local_u8PinValue, Local_u8Flag = 0;
	if(Copy_pu8ReturnedKey != 0)
	{
		*Copy_pu8ReturnedKey = KPD_u8_KEY_NOT_PRESSED;
		/* Activate Each Row => For loop on the pins of the rows */
		for(Local_u8RowsCounter = 0; Local_u8RowsCounter <= 3 ; Local_u8RowsCounter++)
    1686:	89 89       	ldd	r24, Y+17	; 0x11
    1688:	8f 5f       	subi	r24, 0xFF	; 255
    168a:	89 8b       	std	Y+17, r24	; 0x11
    168c:	89 89       	ldd	r24, Y+17	; 0x11
    168e:	84 30       	cpi	r24, 0x04	; 4
    1690:	08 f4       	brcc	.+2      	; 0x1694 <KPD_u8GetKeyState+0x206>
    1692:	17 cf       	rjmp	.-466    	; 0x14c2 <KPD_u8GetKeyState+0x34>
    1694:	01 c0       	rjmp	.+2      	; 0x1698 <KPD_u8GetKeyState+0x20a>
			}
		}
	}
	else
	{
		Local_u8ErrorState = STD_TYPES_NOK;
    1696:	1a 8a       	std	Y+18, r1	; 0x12
	}
	return Local_u8ErrorState;
    1698:	8a 89       	ldd	r24, Y+18	; 0x12
}
    169a:	65 96       	adiw	r28, 0x15	; 21
    169c:	0f b6       	in	r0, 0x3f	; 63
    169e:	f8 94       	cli
    16a0:	de bf       	out	0x3e, r29	; 62
    16a2:	0f be       	out	0x3f, r0	; 63
    16a4:	cd bf       	out	0x3d, r28	; 61
    16a6:	cf 91       	pop	r28
    16a8:	df 91       	pop	r29
    16aa:	08 95       	ret

000016ac <eval_expression>:
//////////////////////////////////////////////////////////////////////////////////////////////////////////////
//////////////////////////////////////////////////////////////////////////////////////////////////////////////
int eval_expression(u8 *str)
{
    16ac:	df 93       	push	r29
    16ae:	cf 93       	push	r28
    16b0:	cd b7       	in	r28, 0x3d	; 61
    16b2:	de b7       	in	r29, 0x3e	; 62
    16b4:	2f 97       	sbiw	r28, 0x0f	; 15
    16b6:	0f b6       	in	r0, 0x3f	; 63
    16b8:	f8 94       	cli
    16ba:	de bf       	out	0x3e, r29	; 62
    16bc:	0f be       	out	0x3f, r0	; 63
    16be:	cd bf       	out	0x3d, r28	; 61
    16c0:	9b 87       	std	Y+11, r25	; 0x0b
    16c2:	8a 87       	std	Y+10, r24	; 0x0a
	int num1 = 0;
    16c4:	19 86       	std	Y+9, r1	; 0x09
    16c6:	18 86       	std	Y+8, r1	; 0x08
   int num2 = 0;
    16c8:	1f 82       	std	Y+7, r1	; 0x07
    16ca:	1e 82       	std	Y+6, r1	; 0x06
   u8 operator ;
   int result = 0;
    16cc:	1c 82       	std	Y+4, r1	; 0x04
    16ce:	1b 82       	std	Y+3, r1	; 0x03
   int i = 0;
    16d0:	1a 82       	std	Y+2, r1	; 0x02
    16d2:	19 82       	std	Y+1, r1	; 0x01
    16d4:	c6 c0       	rjmp	.+396    	; 0x1862 <eval_expression+0x1b6>

   while (str[i] != 0xff)
   {
       if (str[i] >= '0' && str[i] <= '9')
    16d6:	29 81       	ldd	r18, Y+1	; 0x01
    16d8:	3a 81       	ldd	r19, Y+2	; 0x02
    16da:	8a 85       	ldd	r24, Y+10	; 0x0a
    16dc:	9b 85       	ldd	r25, Y+11	; 0x0b
    16de:	fc 01       	movw	r30, r24
    16e0:	e2 0f       	add	r30, r18
    16e2:	f3 1f       	adc	r31, r19
    16e4:	80 81       	ld	r24, Z
    16e6:	80 33       	cpi	r24, 0x30	; 48
    16e8:	38 f1       	brcs	.+78     	; 0x1738 <eval_expression+0x8c>
    16ea:	29 81       	ldd	r18, Y+1	; 0x01
    16ec:	3a 81       	ldd	r19, Y+2	; 0x02
    16ee:	8a 85       	ldd	r24, Y+10	; 0x0a
    16f0:	9b 85       	ldd	r25, Y+11	; 0x0b
    16f2:	fc 01       	movw	r30, r24
    16f4:	e2 0f       	add	r30, r18
    16f6:	f3 1f       	adc	r31, r19
    16f8:	80 81       	ld	r24, Z
    16fa:	8a 33       	cpi	r24, 0x3A	; 58
    16fc:	e8 f4       	brcc	.+58     	; 0x1738 <eval_expression+0x8c>
       {
           // Accumulate digits to form a number
           num2 = (num2 * 10) + (str[i] - '0');
    16fe:	8e 81       	ldd	r24, Y+6	; 0x06
    1700:	9f 81       	ldd	r25, Y+7	; 0x07
    1702:	9c 01       	movw	r18, r24
    1704:	22 0f       	add	r18, r18
    1706:	33 1f       	adc	r19, r19
    1708:	c9 01       	movw	r24, r18
    170a:	88 0f       	add	r24, r24
    170c:	99 1f       	adc	r25, r25
    170e:	88 0f       	add	r24, r24
    1710:	99 1f       	adc	r25, r25
    1712:	a9 01       	movw	r20, r18
    1714:	48 0f       	add	r20, r24
    1716:	59 1f       	adc	r21, r25
    1718:	29 81       	ldd	r18, Y+1	; 0x01
    171a:	3a 81       	ldd	r19, Y+2	; 0x02
    171c:	8a 85       	ldd	r24, Y+10	; 0x0a
    171e:	9b 85       	ldd	r25, Y+11	; 0x0b
    1720:	fc 01       	movw	r30, r24
    1722:	e2 0f       	add	r30, r18
    1724:	f3 1f       	adc	r31, r19
    1726:	80 81       	ld	r24, Z
    1728:	88 2f       	mov	r24, r24
    172a:	90 e0       	ldi	r25, 0x00	; 0
    172c:	c0 97       	sbiw	r24, 0x30	; 48
    172e:	84 0f       	add	r24, r20
    1730:	95 1f       	adc	r25, r21
    1732:	9f 83       	std	Y+7, r25	; 0x07
    1734:	8e 83       	std	Y+6, r24	; 0x06
    1736:	90 c0       	rjmp	.+288    	; 0x1858 <eval_expression+0x1ac>
       }
       else if (str[i] == '+' || str[i] == '-' || str[i] == '*' || str[i] == '/')
    1738:	29 81       	ldd	r18, Y+1	; 0x01
    173a:	3a 81       	ldd	r19, Y+2	; 0x02
    173c:	8a 85       	ldd	r24, Y+10	; 0x0a
    173e:	9b 85       	ldd	r25, Y+11	; 0x0b
    1740:	fc 01       	movw	r30, r24
    1742:	e2 0f       	add	r30, r18
    1744:	f3 1f       	adc	r31, r19
    1746:	80 81       	ld	r24, Z
    1748:	8b 32       	cpi	r24, 0x2B	; 43
    174a:	f9 f0       	breq	.+62     	; 0x178a <eval_expression+0xde>
    174c:	29 81       	ldd	r18, Y+1	; 0x01
    174e:	3a 81       	ldd	r19, Y+2	; 0x02
    1750:	8a 85       	ldd	r24, Y+10	; 0x0a
    1752:	9b 85       	ldd	r25, Y+11	; 0x0b
    1754:	fc 01       	movw	r30, r24
    1756:	e2 0f       	add	r30, r18
    1758:	f3 1f       	adc	r31, r19
    175a:	80 81       	ld	r24, Z
    175c:	8d 32       	cpi	r24, 0x2D	; 45
    175e:	a9 f0       	breq	.+42     	; 0x178a <eval_expression+0xde>
    1760:	29 81       	ldd	r18, Y+1	; 0x01
    1762:	3a 81       	ldd	r19, Y+2	; 0x02
    1764:	8a 85       	ldd	r24, Y+10	; 0x0a
    1766:	9b 85       	ldd	r25, Y+11	; 0x0b
    1768:	fc 01       	movw	r30, r24
    176a:	e2 0f       	add	r30, r18
    176c:	f3 1f       	adc	r31, r19
    176e:	80 81       	ld	r24, Z
    1770:	8a 32       	cpi	r24, 0x2A	; 42
    1772:	59 f0       	breq	.+22     	; 0x178a <eval_expression+0xde>
    1774:	29 81       	ldd	r18, Y+1	; 0x01
    1776:	3a 81       	ldd	r19, Y+2	; 0x02
    1778:	8a 85       	ldd	r24, Y+10	; 0x0a
    177a:	9b 85       	ldd	r25, Y+11	; 0x0b
    177c:	fc 01       	movw	r30, r24
    177e:	e2 0f       	add	r30, r18
    1780:	f3 1f       	adc	r31, r19
    1782:	80 81       	ld	r24, Z
    1784:	8f 32       	cpi	r24, 0x2F	; 47
    1786:	09 f0       	breq	.+2      	; 0x178a <eval_expression+0xde>
    1788:	67 c0       	rjmp	.+206    	; 0x1858 <eval_expression+0x1ac>
       {
       	result = num2;
    178a:	8e 81       	ldd	r24, Y+6	; 0x06
    178c:	9f 81       	ldd	r25, Y+7	; 0x07
    178e:	9c 83       	std	Y+4, r25	; 0x04
    1790:	8b 83       	std	Y+3, r24	; 0x03
           // Evaluate the previous operator and operand
           switch (operator)
    1792:	8d 81       	ldd	r24, Y+5	; 0x05
    1794:	28 2f       	mov	r18, r24
    1796:	30 e0       	ldi	r19, 0x00	; 0
    1798:	3f 87       	std	Y+15, r19	; 0x0f
    179a:	2e 87       	std	Y+14, r18	; 0x0e
    179c:	4e 85       	ldd	r20, Y+14	; 0x0e
    179e:	5f 85       	ldd	r21, Y+15	; 0x0f
    17a0:	4b 32       	cpi	r20, 0x2B	; 43
    17a2:	51 05       	cpc	r21, r1
    17a4:	b1 f0       	breq	.+44     	; 0x17d2 <eval_expression+0x126>
    17a6:	8e 85       	ldd	r24, Y+14	; 0x0e
    17a8:	9f 85       	ldd	r25, Y+15	; 0x0f
    17aa:	8c 32       	cpi	r24, 0x2C	; 44
    17ac:	91 05       	cpc	r25, r1
    17ae:	34 f4       	brge	.+12     	; 0x17bc <eval_expression+0x110>
    17b0:	2e 85       	ldd	r18, Y+14	; 0x0e
    17b2:	3f 85       	ldd	r19, Y+15	; 0x0f
    17b4:	2a 32       	cpi	r18, 0x2A	; 42
    17b6:	31 05       	cpc	r19, r1
    17b8:	f1 f0       	breq	.+60     	; 0x17f6 <eval_expression+0x14a>
    17ba:	3f c0       	rjmp	.+126    	; 0x183a <eval_expression+0x18e>
    17bc:	4e 85       	ldd	r20, Y+14	; 0x0e
    17be:	5f 85       	ldd	r21, Y+15	; 0x0f
    17c0:	4d 32       	cpi	r20, 0x2D	; 45
    17c2:	51 05       	cpc	r21, r1
    17c4:	79 f0       	breq	.+30     	; 0x17e4 <eval_expression+0x138>
    17c6:	8e 85       	ldd	r24, Y+14	; 0x0e
    17c8:	9f 85       	ldd	r25, Y+15	; 0x0f
    17ca:	8f 32       	cpi	r24, 0x2F	; 47
    17cc:	91 05       	cpc	r25, r1
    17ce:	11 f1       	breq	.+68     	; 0x1814 <eval_expression+0x168>
    17d0:	34 c0       	rjmp	.+104    	; 0x183a <eval_expression+0x18e>
           {
           case '+':
               result += num1;
    17d2:	8b 81       	ldd	r24, Y+3	; 0x03
    17d4:	9c 81       	ldd	r25, Y+4	; 0x04
    17d6:	28 85       	ldd	r18, Y+8	; 0x08
    17d8:	39 85       	ldd	r19, Y+9	; 0x09
    17da:	82 0f       	add	r24, r18
    17dc:	93 1f       	adc	r25, r19
    17de:	9c 83       	std	Y+4, r25	; 0x04
    17e0:	8b 83       	std	Y+3, r24	; 0x03
    17e2:	2b c0       	rjmp	.+86     	; 0x183a <eval_expression+0x18e>
               break;
           case '-':
               result -= num1;
    17e4:	8b 81       	ldd	r24, Y+3	; 0x03
    17e6:	9c 81       	ldd	r25, Y+4	; 0x04
    17e8:	28 85       	ldd	r18, Y+8	; 0x08
    17ea:	39 85       	ldd	r19, Y+9	; 0x09
    17ec:	82 1b       	sub	r24, r18
    17ee:	93 0b       	sbc	r25, r19
    17f0:	9c 83       	std	Y+4, r25	; 0x04
    17f2:	8b 83       	std	Y+3, r24	; 0x03
    17f4:	22 c0       	rjmp	.+68     	; 0x183a <eval_expression+0x18e>
               break;
           case '*':
               result *= num1;
    17f6:	8b 81       	ldd	r24, Y+3	; 0x03
    17f8:	9c 81       	ldd	r25, Y+4	; 0x04
    17fa:	28 85       	ldd	r18, Y+8	; 0x08
    17fc:	39 85       	ldd	r19, Y+9	; 0x09
    17fe:	ac 01       	movw	r20, r24
    1800:	42 9f       	mul	r20, r18
    1802:	c0 01       	movw	r24, r0
    1804:	43 9f       	mul	r20, r19
    1806:	90 0d       	add	r25, r0
    1808:	52 9f       	mul	r21, r18
    180a:	90 0d       	add	r25, r0
    180c:	11 24       	eor	r1, r1
    180e:	9c 83       	std	Y+4, r25	; 0x04
    1810:	8b 83       	std	Y+3, r24	; 0x03
    1812:	13 c0       	rjmp	.+38     	; 0x183a <eval_expression+0x18e>
               break;
           case '/':
        	   if( num1 == 0 )
    1814:	88 85       	ldd	r24, Y+8	; 0x08
    1816:	99 85       	ldd	r25, Y+9	; 0x09
    1818:	00 97       	sbiw	r24, 0x00	; 0
    181a:	29 f4       	brne	.+10     	; 0x1826 <eval_expression+0x17a>
        	   {
        		   result = KPD_u8_DIVIDED_BY_ZERO;
    181c:	8f ef       	ldi	r24, 0xFF	; 255
    181e:	9f e0       	ldi	r25, 0x0F	; 15
    1820:	9c 83       	std	Y+4, r25	; 0x04
    1822:	8b 83       	std	Y+3, r24	; 0x03
    1824:	0a c0       	rjmp	.+20     	; 0x183a <eval_expression+0x18e>
        	   }
        	   else
        	   {
        		   result /= num1;
    1826:	8b 81       	ldd	r24, Y+3	; 0x03
    1828:	9c 81       	ldd	r25, Y+4	; 0x04
    182a:	28 85       	ldd	r18, Y+8	; 0x08
    182c:	39 85       	ldd	r19, Y+9	; 0x09
    182e:	b9 01       	movw	r22, r18
    1830:	0e 94 18 1b 	call	0x3630	; 0x3630 <__divmodhi4>
    1834:	cb 01       	movw	r24, r22
    1836:	9c 83       	std	Y+4, r25	; 0x04
    1838:	8b 83       	std	Y+3, r24	; 0x03

               break;
           }

           // Store the new operator and operand
           operator = str[i];
    183a:	29 81       	ldd	r18, Y+1	; 0x01
    183c:	3a 81       	ldd	r19, Y+2	; 0x02
    183e:	8a 85       	ldd	r24, Y+10	; 0x0a
    1840:	9b 85       	ldd	r25, Y+11	; 0x0b
    1842:	fc 01       	movw	r30, r24
    1844:	e2 0f       	add	r30, r18
    1846:	f3 1f       	adc	r31, r19
    1848:	80 81       	ld	r24, Z
    184a:	8d 83       	std	Y+5, r24	; 0x05
           num1 = num2;
    184c:	8e 81       	ldd	r24, Y+6	; 0x06
    184e:	9f 81       	ldd	r25, Y+7	; 0x07
    1850:	99 87       	std	Y+9, r25	; 0x09
    1852:	88 87       	std	Y+8, r24	; 0x08
           num2 = 0;
    1854:	1f 82       	std	Y+7, r1	; 0x07
    1856:	1e 82       	std	Y+6, r1	; 0x06
       }

       i++;
    1858:	89 81       	ldd	r24, Y+1	; 0x01
    185a:	9a 81       	ldd	r25, Y+2	; 0x02
    185c:	01 96       	adiw	r24, 0x01	; 1
    185e:	9a 83       	std	Y+2, r25	; 0x02
    1860:	89 83       	std	Y+1, r24	; 0x01
   int num2 = 0;
   u8 operator ;
   int result = 0;
   int i = 0;

   while (str[i] != 0xff)
    1862:	29 81       	ldd	r18, Y+1	; 0x01
    1864:	3a 81       	ldd	r19, Y+2	; 0x02
    1866:	8a 85       	ldd	r24, Y+10	; 0x0a
    1868:	9b 85       	ldd	r25, Y+11	; 0x0b
    186a:	fc 01       	movw	r30, r24
    186c:	e2 0f       	add	r30, r18
    186e:	f3 1f       	adc	r31, r19
    1870:	80 81       	ld	r24, Z
    1872:	8f 3f       	cpi	r24, 0xFF	; 255
    1874:	09 f0       	breq	.+2      	; 0x1878 <eval_expression+0x1cc>
    1876:	2f cf       	rjmp	.-418    	; 0x16d6 <eval_expression+0x2a>

       i++;
   }

   // Evaluate the final operator and operand
   switch (operator)
    1878:	8d 81       	ldd	r24, Y+5	; 0x05
    187a:	28 2f       	mov	r18, r24
    187c:	30 e0       	ldi	r19, 0x00	; 0
    187e:	3d 87       	std	Y+13, r19	; 0x0d
    1880:	2c 87       	std	Y+12, r18	; 0x0c
    1882:	4c 85       	ldd	r20, Y+12	; 0x0c
    1884:	5d 85       	ldd	r21, Y+13	; 0x0d
    1886:	4b 32       	cpi	r20, 0x2B	; 43
    1888:	51 05       	cpc	r21, r1
    188a:	b1 f0       	breq	.+44     	; 0x18b8 <eval_expression+0x20c>
    188c:	8c 85       	ldd	r24, Y+12	; 0x0c
    188e:	9d 85       	ldd	r25, Y+13	; 0x0d
    1890:	8c 32       	cpi	r24, 0x2C	; 44
    1892:	91 05       	cpc	r25, r1
    1894:	34 f4       	brge	.+12     	; 0x18a2 <eval_expression+0x1f6>
    1896:	2c 85       	ldd	r18, Y+12	; 0x0c
    1898:	3d 85       	ldd	r19, Y+13	; 0x0d
    189a:	2a 32       	cpi	r18, 0x2A	; 42
    189c:	31 05       	cpc	r19, r1
    189e:	f1 f0       	breq	.+60     	; 0x18dc <eval_expression+0x230>
    18a0:	3f c0       	rjmp	.+126    	; 0x1920 <eval_expression+0x274>
    18a2:	4c 85       	ldd	r20, Y+12	; 0x0c
    18a4:	5d 85       	ldd	r21, Y+13	; 0x0d
    18a6:	4d 32       	cpi	r20, 0x2D	; 45
    18a8:	51 05       	cpc	r21, r1
    18aa:	79 f0       	breq	.+30     	; 0x18ca <eval_expression+0x21e>
    18ac:	8c 85       	ldd	r24, Y+12	; 0x0c
    18ae:	9d 85       	ldd	r25, Y+13	; 0x0d
    18b0:	8f 32       	cpi	r24, 0x2F	; 47
    18b2:	91 05       	cpc	r25, r1
    18b4:	11 f1       	breq	.+68     	; 0x18fa <eval_expression+0x24e>
    18b6:	34 c0       	rjmp	.+104    	; 0x1920 <eval_expression+0x274>
   {
   case '+':
       result += num2;
    18b8:	8b 81       	ldd	r24, Y+3	; 0x03
    18ba:	9c 81       	ldd	r25, Y+4	; 0x04
    18bc:	2e 81       	ldd	r18, Y+6	; 0x06
    18be:	3f 81       	ldd	r19, Y+7	; 0x07
    18c0:	82 0f       	add	r24, r18
    18c2:	93 1f       	adc	r25, r19
    18c4:	9c 83       	std	Y+4, r25	; 0x04
    18c6:	8b 83       	std	Y+3, r24	; 0x03
    18c8:	2b c0       	rjmp	.+86     	; 0x1920 <eval_expression+0x274>
       break;
   case '-':
       result -= num2;
    18ca:	8b 81       	ldd	r24, Y+3	; 0x03
    18cc:	9c 81       	ldd	r25, Y+4	; 0x04
    18ce:	2e 81       	ldd	r18, Y+6	; 0x06
    18d0:	3f 81       	ldd	r19, Y+7	; 0x07
    18d2:	82 1b       	sub	r24, r18
    18d4:	93 0b       	sbc	r25, r19
    18d6:	9c 83       	std	Y+4, r25	; 0x04
    18d8:	8b 83       	std	Y+3, r24	; 0x03
    18da:	22 c0       	rjmp	.+68     	; 0x1920 <eval_expression+0x274>
       break;
   case '*':
       result *= num2;
    18dc:	8b 81       	ldd	r24, Y+3	; 0x03
    18de:	9c 81       	ldd	r25, Y+4	; 0x04
    18e0:	2e 81       	ldd	r18, Y+6	; 0x06
    18e2:	3f 81       	ldd	r19, Y+7	; 0x07
    18e4:	ac 01       	movw	r20, r24
    18e6:	42 9f       	mul	r20, r18
    18e8:	c0 01       	movw	r24, r0
    18ea:	43 9f       	mul	r20, r19
    18ec:	90 0d       	add	r25, r0
    18ee:	52 9f       	mul	r21, r18
    18f0:	90 0d       	add	r25, r0
    18f2:	11 24       	eor	r1, r1
    18f4:	9c 83       	std	Y+4, r25	; 0x04
    18f6:	8b 83       	std	Y+3, r24	; 0x03
    18f8:	13 c0       	rjmp	.+38     	; 0x1920 <eval_expression+0x274>
       break;
   case '/':
	   if( num2 == 0 )
    18fa:	8e 81       	ldd	r24, Y+6	; 0x06
    18fc:	9f 81       	ldd	r25, Y+7	; 0x07
    18fe:	00 97       	sbiw	r24, 0x00	; 0
    1900:	29 f4       	brne	.+10     	; 0x190c <eval_expression+0x260>
	          	   {
		   	   	   	   result = KPD_u8_DIVIDED_BY_ZERO;
    1902:	8f ef       	ldi	r24, 0xFF	; 255
    1904:	9f e0       	ldi	r25, 0x0F	; 15
    1906:	9c 83       	std	Y+4, r25	; 0x04
    1908:	8b 83       	std	Y+3, r24	; 0x03
    190a:	0a c0       	rjmp	.+20     	; 0x1920 <eval_expression+0x274>
	          	   }
	          	   else
	          	   {
	          		   result /= num2;
    190c:	8b 81       	ldd	r24, Y+3	; 0x03
    190e:	9c 81       	ldd	r25, Y+4	; 0x04
    1910:	2e 81       	ldd	r18, Y+6	; 0x06
    1912:	3f 81       	ldd	r19, Y+7	; 0x07
    1914:	b9 01       	movw	r22, r18
    1916:	0e 94 18 1b 	call	0x3630	; 0x3630 <__divmodhi4>
    191a:	cb 01       	movw	r24, r22
    191c:	9c 83       	std	Y+4, r25	; 0x04
    191e:	8b 83       	std	Y+3, r24	; 0x03
	          	   }

       break;
   }

   return result;
    1920:	8b 81       	ldd	r24, Y+3	; 0x03
    1922:	9c 81       	ldd	r25, Y+4	; 0x04
}
    1924:	2f 96       	adiw	r28, 0x0f	; 15
    1926:	0f b6       	in	r0, 0x3f	; 63
    1928:	f8 94       	cli
    192a:	de bf       	out	0x3e, r29	; 62
    192c:	0f be       	out	0x3f, r0	; 63
    192e:	cd bf       	out	0x3d, r28	; 61
    1930:	cf 91       	pop	r28
    1932:	df 91       	pop	r29
    1934:	08 95       	ret

00001936 <Pass_intPassword>:
//////////////////////////////////////////////////////////////////////////////////////////////////////////////
//////////////////////////////////////////////////////////////////////////////////////////////////////////////
int Pass_intPassword (u8 *str)
{
    1936:	df 93       	push	r29
    1938:	cf 93       	push	r28
    193a:	00 d0       	rcall	.+0      	; 0x193c <Pass_intPassword+0x6>
    193c:	00 d0       	rcall	.+0      	; 0x193e <Pass_intPassword+0x8>
    193e:	00 d0       	rcall	.+0      	; 0x1940 <Pass_intPassword+0xa>
    1940:	cd b7       	in	r28, 0x3d	; 61
    1942:	de b7       	in	r29, 0x3e	; 62
    1944:	9e 83       	std	Y+6, r25	; 0x06
    1946:	8d 83       	std	Y+5, r24	; 0x05

     int num2 = 0;
    1948:	1c 82       	std	Y+4, r1	; 0x04
    194a:	1b 82       	std	Y+3, r1	; 0x03
     int i = 0;
    194c:	1a 82       	std	Y+2, r1	; 0x02
    194e:	19 82       	std	Y+1, r1	; 0x01
    1950:	35 c0       	rjmp	.+106    	; 0x19bc <Pass_intPassword+0x86>

   while (str[i] != KPD_u8_KEY_NOT_PRESSED)
   {
       if (str[i] >= '0' && str[i] <= '9')
    1952:	29 81       	ldd	r18, Y+1	; 0x01
    1954:	3a 81       	ldd	r19, Y+2	; 0x02
    1956:	8d 81       	ldd	r24, Y+5	; 0x05
    1958:	9e 81       	ldd	r25, Y+6	; 0x06
    195a:	fc 01       	movw	r30, r24
    195c:	e2 0f       	add	r30, r18
    195e:	f3 1f       	adc	r31, r19
    1960:	80 81       	ld	r24, Z
    1962:	80 33       	cpi	r24, 0x30	; 48
    1964:	30 f1       	brcs	.+76     	; 0x19b2 <Pass_intPassword+0x7c>
    1966:	29 81       	ldd	r18, Y+1	; 0x01
    1968:	3a 81       	ldd	r19, Y+2	; 0x02
    196a:	8d 81       	ldd	r24, Y+5	; 0x05
    196c:	9e 81       	ldd	r25, Y+6	; 0x06
    196e:	fc 01       	movw	r30, r24
    1970:	e2 0f       	add	r30, r18
    1972:	f3 1f       	adc	r31, r19
    1974:	80 81       	ld	r24, Z
    1976:	8a 33       	cpi	r24, 0x3A	; 58
    1978:	e0 f4       	brcc	.+56     	; 0x19b2 <Pass_intPassword+0x7c>
       {
           num2 = (num2 * 10) + (str[i] - '0');
    197a:	8b 81       	ldd	r24, Y+3	; 0x03
    197c:	9c 81       	ldd	r25, Y+4	; 0x04
    197e:	9c 01       	movw	r18, r24
    1980:	22 0f       	add	r18, r18
    1982:	33 1f       	adc	r19, r19
    1984:	c9 01       	movw	r24, r18
    1986:	88 0f       	add	r24, r24
    1988:	99 1f       	adc	r25, r25
    198a:	88 0f       	add	r24, r24
    198c:	99 1f       	adc	r25, r25
    198e:	a9 01       	movw	r20, r18
    1990:	48 0f       	add	r20, r24
    1992:	59 1f       	adc	r21, r25
    1994:	29 81       	ldd	r18, Y+1	; 0x01
    1996:	3a 81       	ldd	r19, Y+2	; 0x02
    1998:	8d 81       	ldd	r24, Y+5	; 0x05
    199a:	9e 81       	ldd	r25, Y+6	; 0x06
    199c:	fc 01       	movw	r30, r24
    199e:	e2 0f       	add	r30, r18
    19a0:	f3 1f       	adc	r31, r19
    19a2:	80 81       	ld	r24, Z
    19a4:	88 2f       	mov	r24, r24
    19a6:	90 e0       	ldi	r25, 0x00	; 0
    19a8:	c0 97       	sbiw	r24, 0x30	; 48
    19aa:	84 0f       	add	r24, r20
    19ac:	95 1f       	adc	r25, r21
    19ae:	9c 83       	std	Y+4, r25	; 0x04
    19b0:	8b 83       	std	Y+3, r24	; 0x03
       }


        i++;
    19b2:	89 81       	ldd	r24, Y+1	; 0x01
    19b4:	9a 81       	ldd	r25, Y+2	; 0x02
    19b6:	01 96       	adiw	r24, 0x01	; 1
    19b8:	9a 83       	std	Y+2, r25	; 0x02
    19ba:	89 83       	std	Y+1, r24	; 0x01
{

     int num2 = 0;
     int i = 0;

   while (str[i] != KPD_u8_KEY_NOT_PRESSED)
    19bc:	29 81       	ldd	r18, Y+1	; 0x01
    19be:	3a 81       	ldd	r19, Y+2	; 0x02
    19c0:	8d 81       	ldd	r24, Y+5	; 0x05
    19c2:	9e 81       	ldd	r25, Y+6	; 0x06
    19c4:	fc 01       	movw	r30, r24
    19c6:	e2 0f       	add	r30, r18
    19c8:	f3 1f       	adc	r31, r19
    19ca:	80 81       	ld	r24, Z
    19cc:	8f 3f       	cpi	r24, 0xFF	; 255
    19ce:	09 f6       	brne	.-126    	; 0x1952 <Pass_intPassword+0x1c>


        i++;
   }

   return num2;
    19d0:	8b 81       	ldd	r24, Y+3	; 0x03
    19d2:	9c 81       	ldd	r25, Y+4	; 0x04
}
    19d4:	26 96       	adiw	r28, 0x06	; 6
    19d6:	0f b6       	in	r0, 0x3f	; 63
    19d8:	f8 94       	cli
    19da:	de bf       	out	0x3e, r29	; 62
    19dc:	0f be       	out	0x3f, r0	; 63
    19de:	cd bf       	out	0x3d, r28	; 61
    19e0:	cf 91       	pop	r28
    19e2:	df 91       	pop	r29
    19e4:	08 95       	ret

000019e6 <LCD_voidInit>:
#include "LCD_private.h"
#include "LCD_configer.h"

//////////////////////////////////////////////////////////////////////////////////////////////
void LCD_voidInit(void)
{
    19e6:	df 93       	push	r29
    19e8:	cf 93       	push	r28
    19ea:	cd b7       	in	r28, 0x3d	; 61
    19ec:	de b7       	in	r29, 0x3e	; 62
    19ee:	e8 97       	sbiw	r28, 0x38	; 56
    19f0:	0f b6       	in	r0, 0x3f	; 63
    19f2:	f8 94       	cli
    19f4:	de bf       	out	0x3e, r29	; 62
    19f6:	0f be       	out	0x3f, r0	; 63
    19f8:	cd bf       	out	0x3d, r28	; 61
    19fa:	80 e0       	ldi	r24, 0x00	; 0
    19fc:	90 e0       	ldi	r25, 0x00	; 0
    19fe:	ac e0       	ldi	r26, 0x0C	; 12
    1a00:	b2 e4       	ldi	r27, 0x42	; 66
    1a02:	8d ab       	std	Y+53, r24	; 0x35
    1a04:	9e ab       	std	Y+54, r25	; 0x36
    1a06:	af ab       	std	Y+55, r26	; 0x37
    1a08:	b8 af       	std	Y+56, r27	; 0x38
 */
void
_delay_ms(double __ms)
{
	uint16_t __ticks;
	double __tmp = ((F_CPU) / 4e3) * __ms;
    1a0a:	6d a9       	ldd	r22, Y+53	; 0x35
    1a0c:	7e a9       	ldd	r23, Y+54	; 0x36
    1a0e:	8f a9       	ldd	r24, Y+55	; 0x37
    1a10:	98 ad       	ldd	r25, Y+56	; 0x38
    1a12:	20 e0       	ldi	r18, 0x00	; 0
    1a14:	30 e0       	ldi	r19, 0x00	; 0
    1a16:	4a ef       	ldi	r20, 0xFA	; 250
    1a18:	54 e4       	ldi	r21, 0x44	; 68
    1a1a:	0e 94 17 02 	call	0x42e	; 0x42e <__mulsf3>
    1a1e:	dc 01       	movw	r26, r24
    1a20:	cb 01       	movw	r24, r22
    1a22:	89 ab       	std	Y+49, r24	; 0x31
    1a24:	9a ab       	std	Y+50, r25	; 0x32
    1a26:	ab ab       	std	Y+51, r26	; 0x33
    1a28:	bc ab       	std	Y+52, r27	; 0x34
	if (__tmp < 1.0)
    1a2a:	69 a9       	ldd	r22, Y+49	; 0x31
    1a2c:	7a a9       	ldd	r23, Y+50	; 0x32
    1a2e:	8b a9       	ldd	r24, Y+51	; 0x33
    1a30:	9c a9       	ldd	r25, Y+52	; 0x34
    1a32:	20 e0       	ldi	r18, 0x00	; 0
    1a34:	30 e0       	ldi	r19, 0x00	; 0
    1a36:	40 e8       	ldi	r20, 0x80	; 128
    1a38:	5f e3       	ldi	r21, 0x3F	; 63
    1a3a:	0e 94 1d 04 	call	0x83a	; 0x83a <__ltsf2>
    1a3e:	88 23       	and	r24, r24
    1a40:	2c f4       	brge	.+10     	; 0x1a4c <LCD_voidInit+0x66>
		__ticks = 1;
    1a42:	81 e0       	ldi	r24, 0x01	; 1
    1a44:	90 e0       	ldi	r25, 0x00	; 0
    1a46:	98 ab       	std	Y+48, r25	; 0x30
    1a48:	8f a7       	std	Y+47, r24	; 0x2f
    1a4a:	3f c0       	rjmp	.+126    	; 0x1aca <LCD_voidInit+0xe4>
	else if (__tmp > 65535)
    1a4c:	69 a9       	ldd	r22, Y+49	; 0x31
    1a4e:	7a a9       	ldd	r23, Y+50	; 0x32
    1a50:	8b a9       	ldd	r24, Y+51	; 0x33
    1a52:	9c a9       	ldd	r25, Y+52	; 0x34
    1a54:	20 e0       	ldi	r18, 0x00	; 0
    1a56:	3f ef       	ldi	r19, 0xFF	; 255
    1a58:	4f e7       	ldi	r20, 0x7F	; 127
    1a5a:	57 e4       	ldi	r21, 0x47	; 71
    1a5c:	0e 94 bd 03 	call	0x77a	; 0x77a <__gtsf2>
    1a60:	18 16       	cp	r1, r24
    1a62:	4c f5       	brge	.+82     	; 0x1ab6 <LCD_voidInit+0xd0>
	{
		//	__ticks = requested delay in 1/10 ms
		__ticks = (uint16_t) (__ms * 10.0);
    1a64:	6d a9       	ldd	r22, Y+53	; 0x35
    1a66:	7e a9       	ldd	r23, Y+54	; 0x36
    1a68:	8f a9       	ldd	r24, Y+55	; 0x37
    1a6a:	98 ad       	ldd	r25, Y+56	; 0x38
    1a6c:	20 e0       	ldi	r18, 0x00	; 0
    1a6e:	30 e0       	ldi	r19, 0x00	; 0
    1a70:	40 e2       	ldi	r20, 0x20	; 32
    1a72:	51 e4       	ldi	r21, 0x41	; 65
    1a74:	0e 94 17 02 	call	0x42e	; 0x42e <__mulsf3>
    1a78:	dc 01       	movw	r26, r24
    1a7a:	cb 01       	movw	r24, r22
    1a7c:	bc 01       	movw	r22, r24
    1a7e:	cd 01       	movw	r24, r26
    1a80:	0e 94 41 00 	call	0x82	; 0x82 <__fixunssfsi>
    1a84:	dc 01       	movw	r26, r24
    1a86:	cb 01       	movw	r24, r22
    1a88:	98 ab       	std	Y+48, r25	; 0x30
    1a8a:	8f a7       	std	Y+47, r24	; 0x2f
    1a8c:	0f c0       	rjmp	.+30     	; 0x1aac <LCD_voidInit+0xc6>
    1a8e:	88 ec       	ldi	r24, 0xC8	; 200
    1a90:	90 e0       	ldi	r25, 0x00	; 0
    1a92:	9e a7       	std	Y+46, r25	; 0x2e
    1a94:	8d a7       	std	Y+45, r24	; 0x2d
    1a96:	8d a5       	ldd	r24, Y+45	; 0x2d
    1a98:	9e a5       	ldd	r25, Y+46	; 0x2e
    1a9a:	01 97       	sbiw	r24, 0x01	; 1
    1a9c:	f1 f7       	brne	.-4      	; 0x1a9a <LCD_voidInit+0xb4>
    1a9e:	9e a7       	std	Y+46, r25	; 0x2e
    1aa0:	8d a7       	std	Y+45, r24	; 0x2d
		while(__ticks)
		{
			// wait 1/10 ms
			_delay_loop_2(((F_CPU) / 4e3) / 10);
			__ticks --;
    1aa2:	8f a5       	ldd	r24, Y+47	; 0x2f
    1aa4:	98 a9       	ldd	r25, Y+48	; 0x30
    1aa6:	01 97       	sbiw	r24, 0x01	; 1
    1aa8:	98 ab       	std	Y+48, r25	; 0x30
    1aaa:	8f a7       	std	Y+47, r24	; 0x2f
		__ticks = 1;
	else if (__tmp > 65535)
	{
		//	__ticks = requested delay in 1/10 ms
		__ticks = (uint16_t) (__ms * 10.0);
		while(__ticks)
    1aac:	8f a5       	ldd	r24, Y+47	; 0x2f
    1aae:	98 a9       	ldd	r25, Y+48	; 0x30
    1ab0:	00 97       	sbiw	r24, 0x00	; 0
    1ab2:	69 f7       	brne	.-38     	; 0x1a8e <LCD_voidInit+0xa8>
    1ab4:	14 c0       	rjmp	.+40     	; 0x1ade <LCD_voidInit+0xf8>
			__ticks --;
		}
		return;
	}
	else
		__ticks = (uint16_t)__tmp;
    1ab6:	69 a9       	ldd	r22, Y+49	; 0x31
    1ab8:	7a a9       	ldd	r23, Y+50	; 0x32
    1aba:	8b a9       	ldd	r24, Y+51	; 0x33
    1abc:	9c a9       	ldd	r25, Y+52	; 0x34
    1abe:	0e 94 41 00 	call	0x82	; 0x82 <__fixunssfsi>
    1ac2:	dc 01       	movw	r26, r24
    1ac4:	cb 01       	movw	r24, r22
    1ac6:	98 ab       	std	Y+48, r25	; 0x30
    1ac8:	8f a7       	std	Y+47, r24	; 0x2f
    1aca:	8f a5       	ldd	r24, Y+47	; 0x2f
    1acc:	98 a9       	ldd	r25, Y+48	; 0x30
    1ace:	9c a7       	std	Y+44, r25	; 0x2c
    1ad0:	8b a7       	std	Y+43, r24	; 0x2b
    1ad2:	8b a5       	ldd	r24, Y+43	; 0x2b
    1ad4:	9c a5       	ldd	r25, Y+44	; 0x2c
    1ad6:	01 97       	sbiw	r24, 0x01	; 1
    1ad8:	f1 f7       	brne	.-4      	; 0x1ad6 <LCD_voidInit+0xf0>
    1ada:	9c a7       	std	Y+44, r25	; 0x2c
    1adc:	8b a7       	std	Y+43, r24	; 0x2b
	/*Function set Cmnd RS=0   RW=0 ..... DB4 = DL = 1 -->(8 BITS MODE)   N = 1 -->(2 LINES)  F = 0 -->(5*7 DOTS)  */
	/*                                    DB4 = DL = 0 -->(4 BITS MODE)   N = 0 -->(1 LINES)  F = 1 -->(5*10 DOTS) */                                                  
	_delay_ms(35);
	LCD_voidSendCmnd(0b00111000);
    1ade:	88 e3       	ldi	r24, 0x38	; 56
    1ae0:	0e 94 da 0e 	call	0x1db4	; 0x1db4 <LCD_voidSendCmnd>
    1ae4:	80 e0       	ldi	r24, 0x00	; 0
    1ae6:	90 e0       	ldi	r25, 0x00	; 0
    1ae8:	a0 e2       	ldi	r26, 0x20	; 32
    1aea:	b2 e4       	ldi	r27, 0x42	; 66
    1aec:	8f a3       	std	Y+39, r24	; 0x27
    1aee:	98 a7       	std	Y+40, r25	; 0x28
    1af0:	a9 a7       	std	Y+41, r26	; 0x29
    1af2:	ba a7       	std	Y+42, r27	; 0x2a
 */
void
_delay_ms(double __ms)
{
	uint16_t __ticks;
	double __tmp = ((F_CPU) / 4e3) * __ms;
    1af4:	6f a1       	ldd	r22, Y+39	; 0x27
    1af6:	78 a5       	ldd	r23, Y+40	; 0x28
    1af8:	89 a5       	ldd	r24, Y+41	; 0x29
    1afa:	9a a5       	ldd	r25, Y+42	; 0x2a
    1afc:	20 e0       	ldi	r18, 0x00	; 0
    1afe:	30 e0       	ldi	r19, 0x00	; 0
    1b00:	4a ef       	ldi	r20, 0xFA	; 250
    1b02:	54 e4       	ldi	r21, 0x44	; 68
    1b04:	0e 94 17 02 	call	0x42e	; 0x42e <__mulsf3>
    1b08:	dc 01       	movw	r26, r24
    1b0a:	cb 01       	movw	r24, r22
    1b0c:	8b a3       	std	Y+35, r24	; 0x23
    1b0e:	9c a3       	std	Y+36, r25	; 0x24
    1b10:	ad a3       	std	Y+37, r26	; 0x25
    1b12:	be a3       	std	Y+38, r27	; 0x26
	if (__tmp < 1.0)
    1b14:	6b a1       	ldd	r22, Y+35	; 0x23
    1b16:	7c a1       	ldd	r23, Y+36	; 0x24
    1b18:	8d a1       	ldd	r24, Y+37	; 0x25
    1b1a:	9e a1       	ldd	r25, Y+38	; 0x26
    1b1c:	20 e0       	ldi	r18, 0x00	; 0
    1b1e:	30 e0       	ldi	r19, 0x00	; 0
    1b20:	40 e8       	ldi	r20, 0x80	; 128
    1b22:	5f e3       	ldi	r21, 0x3F	; 63
    1b24:	0e 94 1d 04 	call	0x83a	; 0x83a <__ltsf2>
    1b28:	88 23       	and	r24, r24
    1b2a:	2c f4       	brge	.+10     	; 0x1b36 <LCD_voidInit+0x150>
		__ticks = 1;
    1b2c:	81 e0       	ldi	r24, 0x01	; 1
    1b2e:	90 e0       	ldi	r25, 0x00	; 0
    1b30:	9a a3       	std	Y+34, r25	; 0x22
    1b32:	89 a3       	std	Y+33, r24	; 0x21
    1b34:	3f c0       	rjmp	.+126    	; 0x1bb4 <LCD_voidInit+0x1ce>
	else if (__tmp > 65535)
    1b36:	6b a1       	ldd	r22, Y+35	; 0x23
    1b38:	7c a1       	ldd	r23, Y+36	; 0x24
    1b3a:	8d a1       	ldd	r24, Y+37	; 0x25
    1b3c:	9e a1       	ldd	r25, Y+38	; 0x26
    1b3e:	20 e0       	ldi	r18, 0x00	; 0
    1b40:	3f ef       	ldi	r19, 0xFF	; 255
    1b42:	4f e7       	ldi	r20, 0x7F	; 127
    1b44:	57 e4       	ldi	r21, 0x47	; 71
    1b46:	0e 94 bd 03 	call	0x77a	; 0x77a <__gtsf2>
    1b4a:	18 16       	cp	r1, r24
    1b4c:	4c f5       	brge	.+82     	; 0x1ba0 <LCD_voidInit+0x1ba>
	{
		//	__ticks = requested delay in 1/10 ms
		__ticks = (uint16_t) (__ms * 10.0);
    1b4e:	6f a1       	ldd	r22, Y+39	; 0x27
    1b50:	78 a5       	ldd	r23, Y+40	; 0x28
    1b52:	89 a5       	ldd	r24, Y+41	; 0x29
    1b54:	9a a5       	ldd	r25, Y+42	; 0x2a
    1b56:	20 e0       	ldi	r18, 0x00	; 0
    1b58:	30 e0       	ldi	r19, 0x00	; 0
    1b5a:	40 e2       	ldi	r20, 0x20	; 32
    1b5c:	51 e4       	ldi	r21, 0x41	; 65
    1b5e:	0e 94 17 02 	call	0x42e	; 0x42e <__mulsf3>
    1b62:	dc 01       	movw	r26, r24
    1b64:	cb 01       	movw	r24, r22
    1b66:	bc 01       	movw	r22, r24
    1b68:	cd 01       	movw	r24, r26
    1b6a:	0e 94 41 00 	call	0x82	; 0x82 <__fixunssfsi>
    1b6e:	dc 01       	movw	r26, r24
    1b70:	cb 01       	movw	r24, r22
    1b72:	9a a3       	std	Y+34, r25	; 0x22
    1b74:	89 a3       	std	Y+33, r24	; 0x21
    1b76:	0f c0       	rjmp	.+30     	; 0x1b96 <LCD_voidInit+0x1b0>
    1b78:	88 ec       	ldi	r24, 0xC8	; 200
    1b7a:	90 e0       	ldi	r25, 0x00	; 0
    1b7c:	98 a3       	std	Y+32, r25	; 0x20
    1b7e:	8f 8f       	std	Y+31, r24	; 0x1f
    1b80:	8f 8d       	ldd	r24, Y+31	; 0x1f
    1b82:	98 a1       	ldd	r25, Y+32	; 0x20
    1b84:	01 97       	sbiw	r24, 0x01	; 1
    1b86:	f1 f7       	brne	.-4      	; 0x1b84 <LCD_voidInit+0x19e>
    1b88:	98 a3       	std	Y+32, r25	; 0x20
    1b8a:	8f 8f       	std	Y+31, r24	; 0x1f
		while(__ticks)
		{
			// wait 1/10 ms
			_delay_loop_2(((F_CPU) / 4e3) / 10);
			__ticks --;
    1b8c:	89 a1       	ldd	r24, Y+33	; 0x21
    1b8e:	9a a1       	ldd	r25, Y+34	; 0x22
    1b90:	01 97       	sbiw	r24, 0x01	; 1
    1b92:	9a a3       	std	Y+34, r25	; 0x22
    1b94:	89 a3       	std	Y+33, r24	; 0x21
		__ticks = 1;
	else if (__tmp > 65535)
	{
		//	__ticks = requested delay in 1/10 ms
		__ticks = (uint16_t) (__ms * 10.0);
		while(__ticks)
    1b96:	89 a1       	ldd	r24, Y+33	; 0x21
    1b98:	9a a1       	ldd	r25, Y+34	; 0x22
    1b9a:	00 97       	sbiw	r24, 0x00	; 0
    1b9c:	69 f7       	brne	.-38     	; 0x1b78 <LCD_voidInit+0x192>
    1b9e:	14 c0       	rjmp	.+40     	; 0x1bc8 <LCD_voidInit+0x1e2>
			__ticks --;
		}
		return;
	}
	else
		__ticks = (uint16_t)__tmp;
    1ba0:	6b a1       	ldd	r22, Y+35	; 0x23
    1ba2:	7c a1       	ldd	r23, Y+36	; 0x24
    1ba4:	8d a1       	ldd	r24, Y+37	; 0x25
    1ba6:	9e a1       	ldd	r25, Y+38	; 0x26
    1ba8:	0e 94 41 00 	call	0x82	; 0x82 <__fixunssfsi>
    1bac:	dc 01       	movw	r26, r24
    1bae:	cb 01       	movw	r24, r22
    1bb0:	9a a3       	std	Y+34, r25	; 0x22
    1bb2:	89 a3       	std	Y+33, r24	; 0x21
    1bb4:	89 a1       	ldd	r24, Y+33	; 0x21
    1bb6:	9a a1       	ldd	r25, Y+34	; 0x22
    1bb8:	9e 8f       	std	Y+30, r25	; 0x1e
    1bba:	8d 8f       	std	Y+29, r24	; 0x1d
    1bbc:	8d 8d       	ldd	r24, Y+29	; 0x1d
    1bbe:	9e 8d       	ldd	r25, Y+30	; 0x1e
    1bc0:	01 97       	sbiw	r24, 0x01	; 1
    1bc2:	f1 f7       	brne	.-4      	; 0x1bc0 <LCD_voidInit+0x1da>
    1bc4:	9e 8f       	std	Y+30, r25	; 0x1e
    1bc6:	8d 8f       	std	Y+29, r24	; 0x1d
	_delay_ms(40);
	/* RS=0   RW=0 ..... D = 1 -->(Display on)   C = 1 -->(CURSER DISPLAY ONLY IN 5*7)  B = 0 -->(dont blink)  */
	/*                   D = 0 -->(Display off)  C = 0 -->(NOT DISPLAY )                B = 1 -->(Blink curser)*/ 
    /*CURSER IS LOOK LIKE THIS _ _	*/
	LCD_voidSendCmnd(0b00001111);
    1bc8:	8f e0       	ldi	r24, 0x0F	; 15
    1bca:	0e 94 da 0e 	call	0x1db4	; 0x1db4 <LCD_voidSendCmnd>
    1bce:	80 e0       	ldi	r24, 0x00	; 0
    1bd0:	90 e0       	ldi	r25, 0x00	; 0
    1bd2:	a0 e2       	ldi	r26, 0x20	; 32
    1bd4:	b2 e4       	ldi	r27, 0x42	; 66
    1bd6:	89 8f       	std	Y+25, r24	; 0x19
    1bd8:	9a 8f       	std	Y+26, r25	; 0x1a
    1bda:	ab 8f       	std	Y+27, r26	; 0x1b
    1bdc:	bc 8f       	std	Y+28, r27	; 0x1c
 */
void
_delay_ms(double __ms)
{
	uint16_t __ticks;
	double __tmp = ((F_CPU) / 4e3) * __ms;
    1bde:	69 8d       	ldd	r22, Y+25	; 0x19
    1be0:	7a 8d       	ldd	r23, Y+26	; 0x1a
    1be2:	8b 8d       	ldd	r24, Y+27	; 0x1b
    1be4:	9c 8d       	ldd	r25, Y+28	; 0x1c
    1be6:	20 e0       	ldi	r18, 0x00	; 0
    1be8:	30 e0       	ldi	r19, 0x00	; 0
    1bea:	4a ef       	ldi	r20, 0xFA	; 250
    1bec:	54 e4       	ldi	r21, 0x44	; 68
    1bee:	0e 94 17 02 	call	0x42e	; 0x42e <__mulsf3>
    1bf2:	dc 01       	movw	r26, r24
    1bf4:	cb 01       	movw	r24, r22
    1bf6:	8d 8b       	std	Y+21, r24	; 0x15
    1bf8:	9e 8b       	std	Y+22, r25	; 0x16
    1bfa:	af 8b       	std	Y+23, r26	; 0x17
    1bfc:	b8 8f       	std	Y+24, r27	; 0x18
	if (__tmp < 1.0)
    1bfe:	6d 89       	ldd	r22, Y+21	; 0x15
    1c00:	7e 89       	ldd	r23, Y+22	; 0x16
    1c02:	8f 89       	ldd	r24, Y+23	; 0x17
    1c04:	98 8d       	ldd	r25, Y+24	; 0x18
    1c06:	20 e0       	ldi	r18, 0x00	; 0
    1c08:	30 e0       	ldi	r19, 0x00	; 0
    1c0a:	40 e8       	ldi	r20, 0x80	; 128
    1c0c:	5f e3       	ldi	r21, 0x3F	; 63
    1c0e:	0e 94 1d 04 	call	0x83a	; 0x83a <__ltsf2>
    1c12:	88 23       	and	r24, r24
    1c14:	2c f4       	brge	.+10     	; 0x1c20 <LCD_voidInit+0x23a>
		__ticks = 1;
    1c16:	81 e0       	ldi	r24, 0x01	; 1
    1c18:	90 e0       	ldi	r25, 0x00	; 0
    1c1a:	9c 8b       	std	Y+20, r25	; 0x14
    1c1c:	8b 8b       	std	Y+19, r24	; 0x13
    1c1e:	3f c0       	rjmp	.+126    	; 0x1c9e <LCD_voidInit+0x2b8>
	else if (__tmp > 65535)
    1c20:	6d 89       	ldd	r22, Y+21	; 0x15
    1c22:	7e 89       	ldd	r23, Y+22	; 0x16
    1c24:	8f 89       	ldd	r24, Y+23	; 0x17
    1c26:	98 8d       	ldd	r25, Y+24	; 0x18
    1c28:	20 e0       	ldi	r18, 0x00	; 0
    1c2a:	3f ef       	ldi	r19, 0xFF	; 255
    1c2c:	4f e7       	ldi	r20, 0x7F	; 127
    1c2e:	57 e4       	ldi	r21, 0x47	; 71
    1c30:	0e 94 bd 03 	call	0x77a	; 0x77a <__gtsf2>
    1c34:	18 16       	cp	r1, r24
    1c36:	4c f5       	brge	.+82     	; 0x1c8a <LCD_voidInit+0x2a4>
	{
		//	__ticks = requested delay in 1/10 ms
		__ticks = (uint16_t) (__ms * 10.0);
    1c38:	69 8d       	ldd	r22, Y+25	; 0x19
    1c3a:	7a 8d       	ldd	r23, Y+26	; 0x1a
    1c3c:	8b 8d       	ldd	r24, Y+27	; 0x1b
    1c3e:	9c 8d       	ldd	r25, Y+28	; 0x1c
    1c40:	20 e0       	ldi	r18, 0x00	; 0
    1c42:	30 e0       	ldi	r19, 0x00	; 0
    1c44:	40 e2       	ldi	r20, 0x20	; 32
    1c46:	51 e4       	ldi	r21, 0x41	; 65
    1c48:	0e 94 17 02 	call	0x42e	; 0x42e <__mulsf3>
    1c4c:	dc 01       	movw	r26, r24
    1c4e:	cb 01       	movw	r24, r22
    1c50:	bc 01       	movw	r22, r24
    1c52:	cd 01       	movw	r24, r26
    1c54:	0e 94 41 00 	call	0x82	; 0x82 <__fixunssfsi>
    1c58:	dc 01       	movw	r26, r24
    1c5a:	cb 01       	movw	r24, r22
    1c5c:	9c 8b       	std	Y+20, r25	; 0x14
    1c5e:	8b 8b       	std	Y+19, r24	; 0x13
    1c60:	0f c0       	rjmp	.+30     	; 0x1c80 <LCD_voidInit+0x29a>
    1c62:	88 ec       	ldi	r24, 0xC8	; 200
    1c64:	90 e0       	ldi	r25, 0x00	; 0
    1c66:	9a 8b       	std	Y+18, r25	; 0x12
    1c68:	89 8b       	std	Y+17, r24	; 0x11
    1c6a:	89 89       	ldd	r24, Y+17	; 0x11
    1c6c:	9a 89       	ldd	r25, Y+18	; 0x12
    1c6e:	01 97       	sbiw	r24, 0x01	; 1
    1c70:	f1 f7       	brne	.-4      	; 0x1c6e <LCD_voidInit+0x288>
    1c72:	9a 8b       	std	Y+18, r25	; 0x12
    1c74:	89 8b       	std	Y+17, r24	; 0x11
		while(__ticks)
		{
			// wait 1/10 ms
			_delay_loop_2(((F_CPU) / 4e3) / 10);
			__ticks --;
    1c76:	8b 89       	ldd	r24, Y+19	; 0x13
    1c78:	9c 89       	ldd	r25, Y+20	; 0x14
    1c7a:	01 97       	sbiw	r24, 0x01	; 1
    1c7c:	9c 8b       	std	Y+20, r25	; 0x14
    1c7e:	8b 8b       	std	Y+19, r24	; 0x13
		__ticks = 1;
	else if (__tmp > 65535)
	{
		//	__ticks = requested delay in 1/10 ms
		__ticks = (uint16_t) (__ms * 10.0);
		while(__ticks)
    1c80:	8b 89       	ldd	r24, Y+19	; 0x13
    1c82:	9c 89       	ldd	r25, Y+20	; 0x14
    1c84:	00 97       	sbiw	r24, 0x00	; 0
    1c86:	69 f7       	brne	.-38     	; 0x1c62 <LCD_voidInit+0x27c>
    1c88:	14 c0       	rjmp	.+40     	; 0x1cb2 <LCD_voidInit+0x2cc>
			__ticks --;
		}
		return;
	}
	else
		__ticks = (uint16_t)__tmp;
    1c8a:	6d 89       	ldd	r22, Y+21	; 0x15
    1c8c:	7e 89       	ldd	r23, Y+22	; 0x16
    1c8e:	8f 89       	ldd	r24, Y+23	; 0x17
    1c90:	98 8d       	ldd	r25, Y+24	; 0x18
    1c92:	0e 94 41 00 	call	0x82	; 0x82 <__fixunssfsi>
    1c96:	dc 01       	movw	r26, r24
    1c98:	cb 01       	movw	r24, r22
    1c9a:	9c 8b       	std	Y+20, r25	; 0x14
    1c9c:	8b 8b       	std	Y+19, r24	; 0x13
    1c9e:	8b 89       	ldd	r24, Y+19	; 0x13
    1ca0:	9c 89       	ldd	r25, Y+20	; 0x14
    1ca2:	98 8b       	std	Y+16, r25	; 0x10
    1ca4:	8f 87       	std	Y+15, r24	; 0x0f
    1ca6:	8f 85       	ldd	r24, Y+15	; 0x0f
    1ca8:	98 89       	ldd	r25, Y+16	; 0x10
    1caa:	01 97       	sbiw	r24, 0x01	; 1
    1cac:	f1 f7       	brne	.-4      	; 0x1caa <LCD_voidInit+0x2c4>
    1cae:	98 8b       	std	Y+16, r25	; 0x10
    1cb0:	8f 87       	std	Y+15, r24	; 0x0f
	_delay_ms(40);
	/*Display clear*/  
	LCD_voidSendCmnd(0x01);
    1cb2:	81 e0       	ldi	r24, 0x01	; 1
    1cb4:	0e 94 da 0e 	call	0x1db4	; 0x1db4 <LCD_voidSendCmnd>
    1cb8:	80 e0       	ldi	r24, 0x00	; 0
    1cba:	90 e0       	ldi	r25, 0x00	; 0
    1cbc:	a0 e0       	ldi	r26, 0x00	; 0
    1cbe:	b0 e4       	ldi	r27, 0x40	; 64
    1cc0:	8b 87       	std	Y+11, r24	; 0x0b
    1cc2:	9c 87       	std	Y+12, r25	; 0x0c
    1cc4:	ad 87       	std	Y+13, r26	; 0x0d
    1cc6:	be 87       	std	Y+14, r27	; 0x0e
 */
void
_delay_ms(double __ms)
{
	uint16_t __ticks;
	double __tmp = ((F_CPU) / 4e3) * __ms;
    1cc8:	6b 85       	ldd	r22, Y+11	; 0x0b
    1cca:	7c 85       	ldd	r23, Y+12	; 0x0c
    1ccc:	8d 85       	ldd	r24, Y+13	; 0x0d
    1cce:	9e 85       	ldd	r25, Y+14	; 0x0e
    1cd0:	20 e0       	ldi	r18, 0x00	; 0
    1cd2:	30 e0       	ldi	r19, 0x00	; 0
    1cd4:	4a ef       	ldi	r20, 0xFA	; 250
    1cd6:	54 e4       	ldi	r21, 0x44	; 68
    1cd8:	0e 94 17 02 	call	0x42e	; 0x42e <__mulsf3>
    1cdc:	dc 01       	movw	r26, r24
    1cde:	cb 01       	movw	r24, r22
    1ce0:	8f 83       	std	Y+7, r24	; 0x07
    1ce2:	98 87       	std	Y+8, r25	; 0x08
    1ce4:	a9 87       	std	Y+9, r26	; 0x09
    1ce6:	ba 87       	std	Y+10, r27	; 0x0a
	if (__tmp < 1.0)
    1ce8:	6f 81       	ldd	r22, Y+7	; 0x07
    1cea:	78 85       	ldd	r23, Y+8	; 0x08
    1cec:	89 85       	ldd	r24, Y+9	; 0x09
    1cee:	9a 85       	ldd	r25, Y+10	; 0x0a
    1cf0:	20 e0       	ldi	r18, 0x00	; 0
    1cf2:	30 e0       	ldi	r19, 0x00	; 0
    1cf4:	40 e8       	ldi	r20, 0x80	; 128
    1cf6:	5f e3       	ldi	r21, 0x3F	; 63
    1cf8:	0e 94 1d 04 	call	0x83a	; 0x83a <__ltsf2>
    1cfc:	88 23       	and	r24, r24
    1cfe:	2c f4       	brge	.+10     	; 0x1d0a <LCD_voidInit+0x324>
		__ticks = 1;
    1d00:	81 e0       	ldi	r24, 0x01	; 1
    1d02:	90 e0       	ldi	r25, 0x00	; 0
    1d04:	9e 83       	std	Y+6, r25	; 0x06
    1d06:	8d 83       	std	Y+5, r24	; 0x05
    1d08:	3f c0       	rjmp	.+126    	; 0x1d88 <LCD_voidInit+0x3a2>
	else if (__tmp > 65535)
    1d0a:	6f 81       	ldd	r22, Y+7	; 0x07
    1d0c:	78 85       	ldd	r23, Y+8	; 0x08
    1d0e:	89 85       	ldd	r24, Y+9	; 0x09
    1d10:	9a 85       	ldd	r25, Y+10	; 0x0a
    1d12:	20 e0       	ldi	r18, 0x00	; 0
    1d14:	3f ef       	ldi	r19, 0xFF	; 255
    1d16:	4f e7       	ldi	r20, 0x7F	; 127
    1d18:	57 e4       	ldi	r21, 0x47	; 71
    1d1a:	0e 94 bd 03 	call	0x77a	; 0x77a <__gtsf2>
    1d1e:	18 16       	cp	r1, r24
    1d20:	4c f5       	brge	.+82     	; 0x1d74 <LCD_voidInit+0x38e>
	{
		//	__ticks = requested delay in 1/10 ms
		__ticks = (uint16_t) (__ms * 10.0);
    1d22:	6b 85       	ldd	r22, Y+11	; 0x0b
    1d24:	7c 85       	ldd	r23, Y+12	; 0x0c
    1d26:	8d 85       	ldd	r24, Y+13	; 0x0d
    1d28:	9e 85       	ldd	r25, Y+14	; 0x0e
    1d2a:	20 e0       	ldi	r18, 0x00	; 0
    1d2c:	30 e0       	ldi	r19, 0x00	; 0
    1d2e:	40 e2       	ldi	r20, 0x20	; 32
    1d30:	51 e4       	ldi	r21, 0x41	; 65
    1d32:	0e 94 17 02 	call	0x42e	; 0x42e <__mulsf3>
    1d36:	dc 01       	movw	r26, r24
    1d38:	cb 01       	movw	r24, r22
    1d3a:	bc 01       	movw	r22, r24
    1d3c:	cd 01       	movw	r24, r26
    1d3e:	0e 94 41 00 	call	0x82	; 0x82 <__fixunssfsi>
    1d42:	dc 01       	movw	r26, r24
    1d44:	cb 01       	movw	r24, r22
    1d46:	9e 83       	std	Y+6, r25	; 0x06
    1d48:	8d 83       	std	Y+5, r24	; 0x05
    1d4a:	0f c0       	rjmp	.+30     	; 0x1d6a <LCD_voidInit+0x384>
    1d4c:	88 ec       	ldi	r24, 0xC8	; 200
    1d4e:	90 e0       	ldi	r25, 0x00	; 0
    1d50:	9c 83       	std	Y+4, r25	; 0x04
    1d52:	8b 83       	std	Y+3, r24	; 0x03
    1d54:	8b 81       	ldd	r24, Y+3	; 0x03
    1d56:	9c 81       	ldd	r25, Y+4	; 0x04
    1d58:	01 97       	sbiw	r24, 0x01	; 1
    1d5a:	f1 f7       	brne	.-4      	; 0x1d58 <LCD_voidInit+0x372>
    1d5c:	9c 83       	std	Y+4, r25	; 0x04
    1d5e:	8b 83       	std	Y+3, r24	; 0x03
		while(__ticks)
		{
			// wait 1/10 ms
			_delay_loop_2(((F_CPU) / 4e3) / 10);
			__ticks --;
    1d60:	8d 81       	ldd	r24, Y+5	; 0x05
    1d62:	9e 81       	ldd	r25, Y+6	; 0x06
    1d64:	01 97       	sbiw	r24, 0x01	; 1
    1d66:	9e 83       	std	Y+6, r25	; 0x06
    1d68:	8d 83       	std	Y+5, r24	; 0x05
		__ticks = 1;
	else if (__tmp > 65535)
	{
		//	__ticks = requested delay in 1/10 ms
		__ticks = (uint16_t) (__ms * 10.0);
		while(__ticks)
    1d6a:	8d 81       	ldd	r24, Y+5	; 0x05
    1d6c:	9e 81       	ldd	r25, Y+6	; 0x06
    1d6e:	00 97       	sbiw	r24, 0x00	; 0
    1d70:	69 f7       	brne	.-38     	; 0x1d4c <LCD_voidInit+0x366>
    1d72:	14 c0       	rjmp	.+40     	; 0x1d9c <LCD_voidInit+0x3b6>
			__ticks --;
		}
		return;
	}
	else
		__ticks = (uint16_t)__tmp;
    1d74:	6f 81       	ldd	r22, Y+7	; 0x07
    1d76:	78 85       	ldd	r23, Y+8	; 0x08
    1d78:	89 85       	ldd	r24, Y+9	; 0x09
    1d7a:	9a 85       	ldd	r25, Y+10	; 0x0a
    1d7c:	0e 94 41 00 	call	0x82	; 0x82 <__fixunssfsi>
    1d80:	dc 01       	movw	r26, r24
    1d82:	cb 01       	movw	r24, r22
    1d84:	9e 83       	std	Y+6, r25	; 0x06
    1d86:	8d 83       	std	Y+5, r24	; 0x05
    1d88:	8d 81       	ldd	r24, Y+5	; 0x05
    1d8a:	9e 81       	ldd	r25, Y+6	; 0x06
    1d8c:	9a 83       	std	Y+2, r25	; 0x02
    1d8e:	89 83       	std	Y+1, r24	; 0x01
    1d90:	89 81       	ldd	r24, Y+1	; 0x01
    1d92:	9a 81       	ldd	r25, Y+2	; 0x02
    1d94:	01 97       	sbiw	r24, 0x01	; 1
    1d96:	f1 f7       	brne	.-4      	; 0x1d94 <LCD_voidInit+0x3ae>
    1d98:	9a 83       	std	Y+2, r25	; 0x02
    1d9a:	89 83       	std	Y+1, r24	; 0x01
	_delay_ms(2);
	/* RS=0   RW=0 ..... ID = 1 -->( MOVE TO RIGHT)  SH = 0 -->(SHIFTING LEFY)  */
	/*                   ID = 0 -->( MOVE TO LEFT)   SH = 1 -->(DONT SHEFT)     */   
	LCD_voidSendCmnd(0b00000110);
    1d9c:	86 e0       	ldi	r24, 0x06	; 6
    1d9e:	0e 94 da 0e 	call	0x1db4	; 0x1db4 <LCD_voidSendCmnd>

}
    1da2:	e8 96       	adiw	r28, 0x38	; 56
    1da4:	0f b6       	in	r0, 0x3f	; 63
    1da6:	f8 94       	cli
    1da8:	de bf       	out	0x3e, r29	; 62
    1daa:	0f be       	out	0x3f, r0	; 63
    1dac:	cd bf       	out	0x3d, r28	; 61
    1dae:	cf 91       	pop	r28
    1db0:	df 91       	pop	r29
    1db2:	08 95       	ret

00001db4 <LCD_voidSendCmnd>:
//////////////////////////////////////////////////////////////////////////////////////////////
void LCD_voidSendCmnd(u8 Copy_u8Cmnd)
{
    1db4:	df 93       	push	r29
    1db6:	cf 93       	push	r28
    1db8:	cd b7       	in	r28, 0x3d	; 61
    1dba:	de b7       	in	r29, 0x3e	; 62
    1dbc:	69 97       	sbiw	r28, 0x19	; 25
    1dbe:	0f b6       	in	r0, 0x3f	; 63
    1dc0:	f8 94       	cli
    1dc2:	de bf       	out	0x3e, r29	; 62
    1dc4:	0f be       	out	0x3f, r0	; 63
    1dc6:	cd bf       	out	0x3d, r28	; 61
    1dc8:	89 8f       	std	Y+25, r24	; 0x19
	/*  RS = 0  */
	DIO_u8SetPinValue(LCD_u8_CONTROL_PORT, LCD_u8_RS_PIN, DIO_LOW);
    1dca:	81 e0       	ldi	r24, 0x01	; 1
    1dcc:	60 e0       	ldi	r22, 0x00	; 0
    1dce:	40 e0       	ldi	r20, 0x00	; 0
    1dd0:	0e 94 c8 07 	call	0xf90	; 0xf90 <DIO_u8SetPinValue>
	
	/*  RW = 0  */
	DIO_u8SetPinValue(LCD_u8_CONTROL_PORT, LCD_u8_RW_PIN, DIO_LOW);
    1dd4:	81 e0       	ldi	r24, 0x01	; 1
    1dd6:	61 e0       	ldi	r22, 0x01	; 1
    1dd8:	40 e0       	ldi	r20, 0x00	; 0
    1dda:	0e 94 c8 07 	call	0xf90	; 0xf90 <DIO_u8SetPinValue>
	
	/*WRITE CMND*/
	DIO_u8SetPortValue(LCD_u8_DATA_PORT, Copy_u8Cmnd);
    1dde:	80 e0       	ldi	r24, 0x00	; 0
    1de0:	69 8d       	ldd	r22, Y+25	; 0x19
    1de2:	0e 94 ff 09 	call	0x13fe	; 0x13fe <DIO_u8SetPortValue>

	/*  E = 1   */
	DIO_u8SetPinValue(LCD_u8_CONTROL_PORT, LCD_u8_E_PIN, DIO_HIGH);
    1de6:	81 e0       	ldi	r24, 0x01	; 1
    1de8:	62 e0       	ldi	r22, 0x02	; 2
    1dea:	41 e0       	ldi	r20, 0x01	; 1
    1dec:	0e 94 c8 07 	call	0xf90	; 0xf90 <DIO_u8SetPinValue>
    1df0:	80 e0       	ldi	r24, 0x00	; 0
    1df2:	90 e0       	ldi	r25, 0x00	; 0
    1df4:	a0 e8       	ldi	r26, 0x80	; 128
    1df6:	bf e3       	ldi	r27, 0x3F	; 63
    1df8:	8d 8b       	std	Y+21, r24	; 0x15
    1dfa:	9e 8b       	std	Y+22, r25	; 0x16
    1dfc:	af 8b       	std	Y+23, r26	; 0x17
    1dfe:	b8 8f       	std	Y+24, r27	; 0x18
 */
void
_delay_us(double __us)
{
	uint8_t __ticks;
	double __tmp = ((F_CPU) / 3e6) * __us;
    1e00:	6d 89       	ldd	r22, Y+21	; 0x15
    1e02:	7e 89       	ldd	r23, Y+22	; 0x16
    1e04:	8f 89       	ldd	r24, Y+23	; 0x17
    1e06:	98 8d       	ldd	r25, Y+24	; 0x18
    1e08:	2b ea       	ldi	r18, 0xAB	; 171
    1e0a:	3a ea       	ldi	r19, 0xAA	; 170
    1e0c:	4a e2       	ldi	r20, 0x2A	; 42
    1e0e:	50 e4       	ldi	r21, 0x40	; 64
    1e10:	0e 94 17 02 	call	0x42e	; 0x42e <__mulsf3>
    1e14:	dc 01       	movw	r26, r24
    1e16:	cb 01       	movw	r24, r22
    1e18:	89 8b       	std	Y+17, r24	; 0x11
    1e1a:	9a 8b       	std	Y+18, r25	; 0x12
    1e1c:	ab 8b       	std	Y+19, r26	; 0x13
    1e1e:	bc 8b       	std	Y+20, r27	; 0x14
	if (__tmp < 1.0)
    1e20:	69 89       	ldd	r22, Y+17	; 0x11
    1e22:	7a 89       	ldd	r23, Y+18	; 0x12
    1e24:	8b 89       	ldd	r24, Y+19	; 0x13
    1e26:	9c 89       	ldd	r25, Y+20	; 0x14
    1e28:	20 e0       	ldi	r18, 0x00	; 0
    1e2a:	30 e0       	ldi	r19, 0x00	; 0
    1e2c:	40 e8       	ldi	r20, 0x80	; 128
    1e2e:	5f e3       	ldi	r21, 0x3F	; 63
    1e30:	0e 94 1d 04 	call	0x83a	; 0x83a <__ltsf2>
    1e34:	88 23       	and	r24, r24
    1e36:	1c f4       	brge	.+6      	; 0x1e3e <LCD_voidSendCmnd+0x8a>
		__ticks = 1;
    1e38:	81 e0       	ldi	r24, 0x01	; 1
    1e3a:	88 8b       	std	Y+16, r24	; 0x10
    1e3c:	91 c0       	rjmp	.+290    	; 0x1f60 <LCD_voidSendCmnd+0x1ac>
	else if (__tmp > 255)
    1e3e:	69 89       	ldd	r22, Y+17	; 0x11
    1e40:	7a 89       	ldd	r23, Y+18	; 0x12
    1e42:	8b 89       	ldd	r24, Y+19	; 0x13
    1e44:	9c 89       	ldd	r25, Y+20	; 0x14
    1e46:	20 e0       	ldi	r18, 0x00	; 0
    1e48:	30 e0       	ldi	r19, 0x00	; 0
    1e4a:	4f e7       	ldi	r20, 0x7F	; 127
    1e4c:	53 e4       	ldi	r21, 0x43	; 67
    1e4e:	0e 94 bd 03 	call	0x77a	; 0x77a <__gtsf2>
    1e52:	18 16       	cp	r1, r24
    1e54:	0c f0       	brlt	.+2      	; 0x1e58 <LCD_voidSendCmnd+0xa4>
    1e56:	7b c0       	rjmp	.+246    	; 0x1f4e <LCD_voidSendCmnd+0x19a>
	{
		_delay_ms(__us / 1000.0);
    1e58:	6d 89       	ldd	r22, Y+21	; 0x15
    1e5a:	7e 89       	ldd	r23, Y+22	; 0x16
    1e5c:	8f 89       	ldd	r24, Y+23	; 0x17
    1e5e:	98 8d       	ldd	r25, Y+24	; 0x18
    1e60:	20 e0       	ldi	r18, 0x00	; 0
    1e62:	30 e0       	ldi	r19, 0x00	; 0
    1e64:	4a e7       	ldi	r20, 0x7A	; 122
    1e66:	54 e4       	ldi	r21, 0x44	; 68
    1e68:	0e 94 11 03 	call	0x622	; 0x622 <__divsf3>
    1e6c:	dc 01       	movw	r26, r24
    1e6e:	cb 01       	movw	r24, r22
    1e70:	8c 87       	std	Y+12, r24	; 0x0c
    1e72:	9d 87       	std	Y+13, r25	; 0x0d
    1e74:	ae 87       	std	Y+14, r26	; 0x0e
    1e76:	bf 87       	std	Y+15, r27	; 0x0f
 */
void
_delay_ms(double __ms)
{
	uint16_t __ticks;
	double __tmp = ((F_CPU) / 4e3) * __ms;
    1e78:	6c 85       	ldd	r22, Y+12	; 0x0c
    1e7a:	7d 85       	ldd	r23, Y+13	; 0x0d
    1e7c:	8e 85       	ldd	r24, Y+14	; 0x0e
    1e7e:	9f 85       	ldd	r25, Y+15	; 0x0f
    1e80:	20 e0       	ldi	r18, 0x00	; 0
    1e82:	30 e0       	ldi	r19, 0x00	; 0
    1e84:	4a ef       	ldi	r20, 0xFA	; 250
    1e86:	54 e4       	ldi	r21, 0x44	; 68
    1e88:	0e 94 17 02 	call	0x42e	; 0x42e <__mulsf3>
    1e8c:	dc 01       	movw	r26, r24
    1e8e:	cb 01       	movw	r24, r22
    1e90:	88 87       	std	Y+8, r24	; 0x08
    1e92:	99 87       	std	Y+9, r25	; 0x09
    1e94:	aa 87       	std	Y+10, r26	; 0x0a
    1e96:	bb 87       	std	Y+11, r27	; 0x0b
	if (__tmp < 1.0)
    1e98:	68 85       	ldd	r22, Y+8	; 0x08
    1e9a:	79 85       	ldd	r23, Y+9	; 0x09
    1e9c:	8a 85       	ldd	r24, Y+10	; 0x0a
    1e9e:	9b 85       	ldd	r25, Y+11	; 0x0b
    1ea0:	20 e0       	ldi	r18, 0x00	; 0
    1ea2:	30 e0       	ldi	r19, 0x00	; 0
    1ea4:	40 e8       	ldi	r20, 0x80	; 128
    1ea6:	5f e3       	ldi	r21, 0x3F	; 63
    1ea8:	0e 94 1d 04 	call	0x83a	; 0x83a <__ltsf2>
    1eac:	88 23       	and	r24, r24
    1eae:	2c f4       	brge	.+10     	; 0x1eba <LCD_voidSendCmnd+0x106>
		__ticks = 1;
    1eb0:	81 e0       	ldi	r24, 0x01	; 1
    1eb2:	90 e0       	ldi	r25, 0x00	; 0
    1eb4:	9f 83       	std	Y+7, r25	; 0x07
    1eb6:	8e 83       	std	Y+6, r24	; 0x06
    1eb8:	3f c0       	rjmp	.+126    	; 0x1f38 <LCD_voidSendCmnd+0x184>
	else if (__tmp > 65535)
    1eba:	68 85       	ldd	r22, Y+8	; 0x08
    1ebc:	79 85       	ldd	r23, Y+9	; 0x09
    1ebe:	8a 85       	ldd	r24, Y+10	; 0x0a
    1ec0:	9b 85       	ldd	r25, Y+11	; 0x0b
    1ec2:	20 e0       	ldi	r18, 0x00	; 0
    1ec4:	3f ef       	ldi	r19, 0xFF	; 255
    1ec6:	4f e7       	ldi	r20, 0x7F	; 127
    1ec8:	57 e4       	ldi	r21, 0x47	; 71
    1eca:	0e 94 bd 03 	call	0x77a	; 0x77a <__gtsf2>
    1ece:	18 16       	cp	r1, r24
    1ed0:	4c f5       	brge	.+82     	; 0x1f24 <LCD_voidSendCmnd+0x170>
	{
		//	__ticks = requested delay in 1/10 ms
		__ticks = (uint16_t) (__ms * 10.0);
    1ed2:	6c 85       	ldd	r22, Y+12	; 0x0c
    1ed4:	7d 85       	ldd	r23, Y+13	; 0x0d
    1ed6:	8e 85       	ldd	r24, Y+14	; 0x0e
    1ed8:	9f 85       	ldd	r25, Y+15	; 0x0f
    1eda:	20 e0       	ldi	r18, 0x00	; 0
    1edc:	30 e0       	ldi	r19, 0x00	; 0
    1ede:	40 e2       	ldi	r20, 0x20	; 32
    1ee0:	51 e4       	ldi	r21, 0x41	; 65
    1ee2:	0e 94 17 02 	call	0x42e	; 0x42e <__mulsf3>
    1ee6:	dc 01       	movw	r26, r24
    1ee8:	cb 01       	movw	r24, r22
    1eea:	bc 01       	movw	r22, r24
    1eec:	cd 01       	movw	r24, r26
    1eee:	0e 94 41 00 	call	0x82	; 0x82 <__fixunssfsi>
    1ef2:	dc 01       	movw	r26, r24
    1ef4:	cb 01       	movw	r24, r22
    1ef6:	9f 83       	std	Y+7, r25	; 0x07
    1ef8:	8e 83       	std	Y+6, r24	; 0x06
    1efa:	0f c0       	rjmp	.+30     	; 0x1f1a <LCD_voidSendCmnd+0x166>
    1efc:	88 ec       	ldi	r24, 0xC8	; 200
    1efe:	90 e0       	ldi	r25, 0x00	; 0
    1f00:	9d 83       	std	Y+5, r25	; 0x05
    1f02:	8c 83       	std	Y+4, r24	; 0x04
    1f04:	8c 81       	ldd	r24, Y+4	; 0x04
    1f06:	9d 81       	ldd	r25, Y+5	; 0x05
    1f08:	01 97       	sbiw	r24, 0x01	; 1
    1f0a:	f1 f7       	brne	.-4      	; 0x1f08 <LCD_voidSendCmnd+0x154>
    1f0c:	9d 83       	std	Y+5, r25	; 0x05
    1f0e:	8c 83       	std	Y+4, r24	; 0x04
		while(__ticks)
		{
			// wait 1/10 ms
			_delay_loop_2(((F_CPU) / 4e3) / 10);
			__ticks --;
    1f10:	8e 81       	ldd	r24, Y+6	; 0x06
    1f12:	9f 81       	ldd	r25, Y+7	; 0x07
    1f14:	01 97       	sbiw	r24, 0x01	; 1
    1f16:	9f 83       	std	Y+7, r25	; 0x07
    1f18:	8e 83       	std	Y+6, r24	; 0x06
		__ticks = 1;
	else if (__tmp > 65535)
	{
		//	__ticks = requested delay in 1/10 ms
		__ticks = (uint16_t) (__ms * 10.0);
		while(__ticks)
    1f1a:	8e 81       	ldd	r24, Y+6	; 0x06
    1f1c:	9f 81       	ldd	r25, Y+7	; 0x07
    1f1e:	00 97       	sbiw	r24, 0x00	; 0
    1f20:	69 f7       	brne	.-38     	; 0x1efc <LCD_voidSendCmnd+0x148>
    1f22:	24 c0       	rjmp	.+72     	; 0x1f6c <LCD_voidSendCmnd+0x1b8>
			__ticks --;
		}
		return;
	}
	else
		__ticks = (uint16_t)__tmp;
    1f24:	68 85       	ldd	r22, Y+8	; 0x08
    1f26:	79 85       	ldd	r23, Y+9	; 0x09
    1f28:	8a 85       	ldd	r24, Y+10	; 0x0a
    1f2a:	9b 85       	ldd	r25, Y+11	; 0x0b
    1f2c:	0e 94 41 00 	call	0x82	; 0x82 <__fixunssfsi>
    1f30:	dc 01       	movw	r26, r24
    1f32:	cb 01       	movw	r24, r22
    1f34:	9f 83       	std	Y+7, r25	; 0x07
    1f36:	8e 83       	std	Y+6, r24	; 0x06
    1f38:	8e 81       	ldd	r24, Y+6	; 0x06
    1f3a:	9f 81       	ldd	r25, Y+7	; 0x07
    1f3c:	9b 83       	std	Y+3, r25	; 0x03
    1f3e:	8a 83       	std	Y+2, r24	; 0x02
    1f40:	8a 81       	ldd	r24, Y+2	; 0x02
    1f42:	9b 81       	ldd	r25, Y+3	; 0x03
    1f44:	01 97       	sbiw	r24, 0x01	; 1
    1f46:	f1 f7       	brne	.-4      	; 0x1f44 <LCD_voidSendCmnd+0x190>
    1f48:	9b 83       	std	Y+3, r25	; 0x03
    1f4a:	8a 83       	std	Y+2, r24	; 0x02
    1f4c:	0f c0       	rjmp	.+30     	; 0x1f6c <LCD_voidSendCmnd+0x1b8>
	{
		_delay_ms(__us / 1000.0);
		return;
	}
	else
		__ticks = (uint8_t)__tmp;
    1f4e:	69 89       	ldd	r22, Y+17	; 0x11
    1f50:	7a 89       	ldd	r23, Y+18	; 0x12
    1f52:	8b 89       	ldd	r24, Y+19	; 0x13
    1f54:	9c 89       	ldd	r25, Y+20	; 0x14
    1f56:	0e 94 41 00 	call	0x82	; 0x82 <__fixunssfsi>
    1f5a:	dc 01       	movw	r26, r24
    1f5c:	cb 01       	movw	r24, r22
    1f5e:	88 8b       	std	Y+16, r24	; 0x10
    1f60:	88 89       	ldd	r24, Y+16	; 0x10
    1f62:	89 83       	std	Y+1, r24	; 0x01
    can be achieved.
*/
void
_delay_loop_1(uint8_t __count)
{
	__asm__ volatile (
    1f64:	89 81       	ldd	r24, Y+1	; 0x01
    1f66:	8a 95       	dec	r24
    1f68:	f1 f7       	brne	.-4      	; 0x1f66 <LCD_voidSendCmnd+0x1b2>
    1f6a:	89 83       	std	Y+1, r24	; 0x01
	_delay_us(1);
	/*  E = 0   */
	DIO_u8SetPinValue(LCD_u8_CONTROL_PORT, LCD_u8_E_PIN, DIO_LOW) ;
    1f6c:	81 e0       	ldi	r24, 0x01	; 1
    1f6e:	62 e0       	ldi	r22, 0x02	; 2
    1f70:	40 e0       	ldi	r20, 0x00	; 0
    1f72:	0e 94 c8 07 	call	0xf90	; 0xf90 <DIO_u8SetPinValue>
}
    1f76:	69 96       	adiw	r28, 0x19	; 25
    1f78:	0f b6       	in	r0, 0x3f	; 63
    1f7a:	f8 94       	cli
    1f7c:	de bf       	out	0x3e, r29	; 62
    1f7e:	0f be       	out	0x3f, r0	; 63
    1f80:	cd bf       	out	0x3d, r28	; 61
    1f82:	cf 91       	pop	r28
    1f84:	df 91       	pop	r29
    1f86:	08 95       	ret

00001f88 <LCD_voidSendChar>:
//////////////////////////////////////////////////////////////////////////////////////////////
void LCD_voidSendChar(u8 Copy_u8Char)
{
    1f88:	df 93       	push	r29
    1f8a:	cf 93       	push	r28
    1f8c:	cd b7       	in	r28, 0x3d	; 61
    1f8e:	de b7       	in	r29, 0x3e	; 62
    1f90:	69 97       	sbiw	r28, 0x19	; 25
    1f92:	0f b6       	in	r0, 0x3f	; 63
    1f94:	f8 94       	cli
    1f96:	de bf       	out	0x3e, r29	; 62
    1f98:	0f be       	out	0x3f, r0	; 63
    1f9a:	cd bf       	out	0x3d, r28	; 61
    1f9c:	89 8f       	std	Y+25, r24	; 0x19
	/*  RS = 1  */
	DIO_u8SetPinValue(LCD_u8_CONTROL_PORT, LCD_u8_RS_PIN, DIO_HIGH);
    1f9e:	81 e0       	ldi	r24, 0x01	; 1
    1fa0:	60 e0       	ldi	r22, 0x00	; 0
    1fa2:	41 e0       	ldi	r20, 0x01	; 1
    1fa4:	0e 94 c8 07 	call	0xf90	; 0xf90 <DIO_u8SetPinValue>
	
	/*  RW = 0  */
	DIO_u8SetPinValue(LCD_u8_CONTROL_PORT, LCD_u8_RW_PIN, DIO_LOW);
    1fa8:	81 e0       	ldi	r24, 0x01	; 1
    1faa:	61 e0       	ldi	r22, 0x01	; 1
    1fac:	40 e0       	ldi	r20, 0x00	; 0
    1fae:	0e 94 c8 07 	call	0xf90	; 0xf90 <DIO_u8SetPinValue>
	
	/*WRITE DATA*/
	DIO_u8SetPortValue(LCD_u8_DATA_PORT, Copy_u8Char);
    1fb2:	80 e0       	ldi	r24, 0x00	; 0
    1fb4:	69 8d       	ldd	r22, Y+25	; 0x19
    1fb6:	0e 94 ff 09 	call	0x13fe	; 0x13fe <DIO_u8SetPortValue>

	/*  E = 1   */
	DIO_u8SetPinValue(LCD_u8_CONTROL_PORT, LCD_u8_E_PIN, DIO_HIGH);
    1fba:	81 e0       	ldi	r24, 0x01	; 1
    1fbc:	62 e0       	ldi	r22, 0x02	; 2
    1fbe:	41 e0       	ldi	r20, 0x01	; 1
    1fc0:	0e 94 c8 07 	call	0xf90	; 0xf90 <DIO_u8SetPinValue>
    1fc4:	80 e0       	ldi	r24, 0x00	; 0
    1fc6:	90 e0       	ldi	r25, 0x00	; 0
    1fc8:	a0 e8       	ldi	r26, 0x80	; 128
    1fca:	bf e3       	ldi	r27, 0x3F	; 63
    1fcc:	8d 8b       	std	Y+21, r24	; 0x15
    1fce:	9e 8b       	std	Y+22, r25	; 0x16
    1fd0:	af 8b       	std	Y+23, r26	; 0x17
    1fd2:	b8 8f       	std	Y+24, r27	; 0x18
 */
void
_delay_us(double __us)
{
	uint8_t __ticks;
	double __tmp = ((F_CPU) / 3e6) * __us;
    1fd4:	6d 89       	ldd	r22, Y+21	; 0x15
    1fd6:	7e 89       	ldd	r23, Y+22	; 0x16
    1fd8:	8f 89       	ldd	r24, Y+23	; 0x17
    1fda:	98 8d       	ldd	r25, Y+24	; 0x18
    1fdc:	2b ea       	ldi	r18, 0xAB	; 171
    1fde:	3a ea       	ldi	r19, 0xAA	; 170
    1fe0:	4a e2       	ldi	r20, 0x2A	; 42
    1fe2:	50 e4       	ldi	r21, 0x40	; 64
    1fe4:	0e 94 17 02 	call	0x42e	; 0x42e <__mulsf3>
    1fe8:	dc 01       	movw	r26, r24
    1fea:	cb 01       	movw	r24, r22
    1fec:	89 8b       	std	Y+17, r24	; 0x11
    1fee:	9a 8b       	std	Y+18, r25	; 0x12
    1ff0:	ab 8b       	std	Y+19, r26	; 0x13
    1ff2:	bc 8b       	std	Y+20, r27	; 0x14
	if (__tmp < 1.0)
    1ff4:	69 89       	ldd	r22, Y+17	; 0x11
    1ff6:	7a 89       	ldd	r23, Y+18	; 0x12
    1ff8:	8b 89       	ldd	r24, Y+19	; 0x13
    1ffa:	9c 89       	ldd	r25, Y+20	; 0x14
    1ffc:	20 e0       	ldi	r18, 0x00	; 0
    1ffe:	30 e0       	ldi	r19, 0x00	; 0
    2000:	40 e8       	ldi	r20, 0x80	; 128
    2002:	5f e3       	ldi	r21, 0x3F	; 63
    2004:	0e 94 1d 04 	call	0x83a	; 0x83a <__ltsf2>
    2008:	88 23       	and	r24, r24
    200a:	1c f4       	brge	.+6      	; 0x2012 <LCD_voidSendChar+0x8a>
		__ticks = 1;
    200c:	81 e0       	ldi	r24, 0x01	; 1
    200e:	88 8b       	std	Y+16, r24	; 0x10
    2010:	91 c0       	rjmp	.+290    	; 0x2134 <LCD_voidSendChar+0x1ac>
	else if (__tmp > 255)
    2012:	69 89       	ldd	r22, Y+17	; 0x11
    2014:	7a 89       	ldd	r23, Y+18	; 0x12
    2016:	8b 89       	ldd	r24, Y+19	; 0x13
    2018:	9c 89       	ldd	r25, Y+20	; 0x14
    201a:	20 e0       	ldi	r18, 0x00	; 0
    201c:	30 e0       	ldi	r19, 0x00	; 0
    201e:	4f e7       	ldi	r20, 0x7F	; 127
    2020:	53 e4       	ldi	r21, 0x43	; 67
    2022:	0e 94 bd 03 	call	0x77a	; 0x77a <__gtsf2>
    2026:	18 16       	cp	r1, r24
    2028:	0c f0       	brlt	.+2      	; 0x202c <LCD_voidSendChar+0xa4>
    202a:	7b c0       	rjmp	.+246    	; 0x2122 <LCD_voidSendChar+0x19a>
	{
		_delay_ms(__us / 1000.0);
    202c:	6d 89       	ldd	r22, Y+21	; 0x15
    202e:	7e 89       	ldd	r23, Y+22	; 0x16
    2030:	8f 89       	ldd	r24, Y+23	; 0x17
    2032:	98 8d       	ldd	r25, Y+24	; 0x18
    2034:	20 e0       	ldi	r18, 0x00	; 0
    2036:	30 e0       	ldi	r19, 0x00	; 0
    2038:	4a e7       	ldi	r20, 0x7A	; 122
    203a:	54 e4       	ldi	r21, 0x44	; 68
    203c:	0e 94 11 03 	call	0x622	; 0x622 <__divsf3>
    2040:	dc 01       	movw	r26, r24
    2042:	cb 01       	movw	r24, r22
    2044:	8c 87       	std	Y+12, r24	; 0x0c
    2046:	9d 87       	std	Y+13, r25	; 0x0d
    2048:	ae 87       	std	Y+14, r26	; 0x0e
    204a:	bf 87       	std	Y+15, r27	; 0x0f
 */
void
_delay_ms(double __ms)
{
	uint16_t __ticks;
	double __tmp = ((F_CPU) / 4e3) * __ms;
    204c:	6c 85       	ldd	r22, Y+12	; 0x0c
    204e:	7d 85       	ldd	r23, Y+13	; 0x0d
    2050:	8e 85       	ldd	r24, Y+14	; 0x0e
    2052:	9f 85       	ldd	r25, Y+15	; 0x0f
    2054:	20 e0       	ldi	r18, 0x00	; 0
    2056:	30 e0       	ldi	r19, 0x00	; 0
    2058:	4a ef       	ldi	r20, 0xFA	; 250
    205a:	54 e4       	ldi	r21, 0x44	; 68
    205c:	0e 94 17 02 	call	0x42e	; 0x42e <__mulsf3>
    2060:	dc 01       	movw	r26, r24
    2062:	cb 01       	movw	r24, r22
    2064:	88 87       	std	Y+8, r24	; 0x08
    2066:	99 87       	std	Y+9, r25	; 0x09
    2068:	aa 87       	std	Y+10, r26	; 0x0a
    206a:	bb 87       	std	Y+11, r27	; 0x0b
	if (__tmp < 1.0)
    206c:	68 85       	ldd	r22, Y+8	; 0x08
    206e:	79 85       	ldd	r23, Y+9	; 0x09
    2070:	8a 85       	ldd	r24, Y+10	; 0x0a
    2072:	9b 85       	ldd	r25, Y+11	; 0x0b
    2074:	20 e0       	ldi	r18, 0x00	; 0
    2076:	30 e0       	ldi	r19, 0x00	; 0
    2078:	40 e8       	ldi	r20, 0x80	; 128
    207a:	5f e3       	ldi	r21, 0x3F	; 63
    207c:	0e 94 1d 04 	call	0x83a	; 0x83a <__ltsf2>
    2080:	88 23       	and	r24, r24
    2082:	2c f4       	brge	.+10     	; 0x208e <LCD_voidSendChar+0x106>
		__ticks = 1;
    2084:	81 e0       	ldi	r24, 0x01	; 1
    2086:	90 e0       	ldi	r25, 0x00	; 0
    2088:	9f 83       	std	Y+7, r25	; 0x07
    208a:	8e 83       	std	Y+6, r24	; 0x06
    208c:	3f c0       	rjmp	.+126    	; 0x210c <LCD_voidSendChar+0x184>
	else if (__tmp > 65535)
    208e:	68 85       	ldd	r22, Y+8	; 0x08
    2090:	79 85       	ldd	r23, Y+9	; 0x09
    2092:	8a 85       	ldd	r24, Y+10	; 0x0a
    2094:	9b 85       	ldd	r25, Y+11	; 0x0b
    2096:	20 e0       	ldi	r18, 0x00	; 0
    2098:	3f ef       	ldi	r19, 0xFF	; 255
    209a:	4f e7       	ldi	r20, 0x7F	; 127
    209c:	57 e4       	ldi	r21, 0x47	; 71
    209e:	0e 94 bd 03 	call	0x77a	; 0x77a <__gtsf2>
    20a2:	18 16       	cp	r1, r24
    20a4:	4c f5       	brge	.+82     	; 0x20f8 <LCD_voidSendChar+0x170>
	{
		//	__ticks = requested delay in 1/10 ms
		__ticks = (uint16_t) (__ms * 10.0);
    20a6:	6c 85       	ldd	r22, Y+12	; 0x0c
    20a8:	7d 85       	ldd	r23, Y+13	; 0x0d
    20aa:	8e 85       	ldd	r24, Y+14	; 0x0e
    20ac:	9f 85       	ldd	r25, Y+15	; 0x0f
    20ae:	20 e0       	ldi	r18, 0x00	; 0
    20b0:	30 e0       	ldi	r19, 0x00	; 0
    20b2:	40 e2       	ldi	r20, 0x20	; 32
    20b4:	51 e4       	ldi	r21, 0x41	; 65
    20b6:	0e 94 17 02 	call	0x42e	; 0x42e <__mulsf3>
    20ba:	dc 01       	movw	r26, r24
    20bc:	cb 01       	movw	r24, r22
    20be:	bc 01       	movw	r22, r24
    20c0:	cd 01       	movw	r24, r26
    20c2:	0e 94 41 00 	call	0x82	; 0x82 <__fixunssfsi>
    20c6:	dc 01       	movw	r26, r24
    20c8:	cb 01       	movw	r24, r22
    20ca:	9f 83       	std	Y+7, r25	; 0x07
    20cc:	8e 83       	std	Y+6, r24	; 0x06
    20ce:	0f c0       	rjmp	.+30     	; 0x20ee <LCD_voidSendChar+0x166>
    20d0:	88 ec       	ldi	r24, 0xC8	; 200
    20d2:	90 e0       	ldi	r25, 0x00	; 0
    20d4:	9d 83       	std	Y+5, r25	; 0x05
    20d6:	8c 83       	std	Y+4, r24	; 0x04
    milliseconds can be achieved.
 */
void
_delay_loop_2(uint16_t __count)
{
	__asm__ volatile (
    20d8:	8c 81       	ldd	r24, Y+4	; 0x04
    20da:	9d 81       	ldd	r25, Y+5	; 0x05
    20dc:	01 97       	sbiw	r24, 0x01	; 1
    20de:	f1 f7       	brne	.-4      	; 0x20dc <LCD_voidSendChar+0x154>
    20e0:	9d 83       	std	Y+5, r25	; 0x05
    20e2:	8c 83       	std	Y+4, r24	; 0x04
		while(__ticks)
		{
			// wait 1/10 ms
			_delay_loop_2(((F_CPU) / 4e3) / 10);
			__ticks --;
    20e4:	8e 81       	ldd	r24, Y+6	; 0x06
    20e6:	9f 81       	ldd	r25, Y+7	; 0x07
    20e8:	01 97       	sbiw	r24, 0x01	; 1
    20ea:	9f 83       	std	Y+7, r25	; 0x07
    20ec:	8e 83       	std	Y+6, r24	; 0x06
		__ticks = 1;
	else if (__tmp > 65535)
	{
		//	__ticks = requested delay in 1/10 ms
		__ticks = (uint16_t) (__ms * 10.0);
		while(__ticks)
    20ee:	8e 81       	ldd	r24, Y+6	; 0x06
    20f0:	9f 81       	ldd	r25, Y+7	; 0x07
    20f2:	00 97       	sbiw	r24, 0x00	; 0
    20f4:	69 f7       	brne	.-38     	; 0x20d0 <LCD_voidSendChar+0x148>
    20f6:	24 c0       	rjmp	.+72     	; 0x2140 <LCD_voidSendChar+0x1b8>
			__ticks --;
		}
		return;
	}
	else
		__ticks = (uint16_t)__tmp;
    20f8:	68 85       	ldd	r22, Y+8	; 0x08
    20fa:	79 85       	ldd	r23, Y+9	; 0x09
    20fc:	8a 85       	ldd	r24, Y+10	; 0x0a
    20fe:	9b 85       	ldd	r25, Y+11	; 0x0b
    2100:	0e 94 41 00 	call	0x82	; 0x82 <__fixunssfsi>
    2104:	dc 01       	movw	r26, r24
    2106:	cb 01       	movw	r24, r22
    2108:	9f 83       	std	Y+7, r25	; 0x07
    210a:	8e 83       	std	Y+6, r24	; 0x06
    210c:	8e 81       	ldd	r24, Y+6	; 0x06
    210e:	9f 81       	ldd	r25, Y+7	; 0x07
    2110:	9b 83       	std	Y+3, r25	; 0x03
    2112:	8a 83       	std	Y+2, r24	; 0x02
    2114:	8a 81       	ldd	r24, Y+2	; 0x02
    2116:	9b 81       	ldd	r25, Y+3	; 0x03
    2118:	01 97       	sbiw	r24, 0x01	; 1
    211a:	f1 f7       	brne	.-4      	; 0x2118 <LCD_voidSendChar+0x190>
    211c:	9b 83       	std	Y+3, r25	; 0x03
    211e:	8a 83       	std	Y+2, r24	; 0x02
    2120:	0f c0       	rjmp	.+30     	; 0x2140 <LCD_voidSendChar+0x1b8>
	{
		_delay_ms(__us / 1000.0);
		return;
	}
	else
		__ticks = (uint8_t)__tmp;
    2122:	69 89       	ldd	r22, Y+17	; 0x11
    2124:	7a 89       	ldd	r23, Y+18	; 0x12
    2126:	8b 89       	ldd	r24, Y+19	; 0x13
    2128:	9c 89       	ldd	r25, Y+20	; 0x14
    212a:	0e 94 41 00 	call	0x82	; 0x82 <__fixunssfsi>
    212e:	dc 01       	movw	r26, r24
    2130:	cb 01       	movw	r24, r22
    2132:	88 8b       	std	Y+16, r24	; 0x10
    2134:	88 89       	ldd	r24, Y+16	; 0x10
    2136:	89 83       	std	Y+1, r24	; 0x01
    can be achieved.
*/
void
_delay_loop_1(uint8_t __count)
{
	__asm__ volatile (
    2138:	89 81       	ldd	r24, Y+1	; 0x01
    213a:	8a 95       	dec	r24
    213c:	f1 f7       	brne	.-4      	; 0x213a <LCD_voidSendChar+0x1b2>
    213e:	89 83       	std	Y+1, r24	; 0x01
	_delay_us(1);
	/*  E = 0   */
	DIO_u8SetPinValue(LCD_u8_CONTROL_PORT, LCD_u8_E_PIN, DIO_LOW) ;	
    2140:	81 e0       	ldi	r24, 0x01	; 1
    2142:	62 e0       	ldi	r22, 0x02	; 2
    2144:	40 e0       	ldi	r20, 0x00	; 0
    2146:	0e 94 c8 07 	call	0xf90	; 0xf90 <DIO_u8SetPinValue>
}
    214a:	69 96       	adiw	r28, 0x19	; 25
    214c:	0f b6       	in	r0, 0x3f	; 63
    214e:	f8 94       	cli
    2150:	de bf       	out	0x3e, r29	; 62
    2152:	0f be       	out	0x3f, r0	; 63
    2154:	cd bf       	out	0x3d, r28	; 61
    2156:	cf 91       	pop	r28
    2158:	df 91       	pop	r29
    215a:	08 95       	ret

0000215c <LCD_voidSendString>:
//////////////////////////////////////////////////////////////////////////////////////////////
void LCD_voidSendString(u8 *Copy_u8ArrOfString, u8 Copy_u8SizeOfString)
{
    215c:	df 93       	push	r29
    215e:	cf 93       	push	r28
    2160:	00 d0       	rcall	.+0      	; 0x2162 <LCD_voidSendString+0x6>
    2162:	00 d0       	rcall	.+0      	; 0x2164 <LCD_voidSendString+0x8>
    2164:	cd b7       	in	r28, 0x3d	; 61
    2166:	de b7       	in	r29, 0x3e	; 62
    2168:	9b 83       	std	Y+3, r25	; 0x03
    216a:	8a 83       	std	Y+2, r24	; 0x02
    216c:	6c 83       	std	Y+4, r22	; 0x04
	for(u8 i = 0; i < Copy_u8SizeOfString-1; i++)
    216e:	19 82       	std	Y+1, r1	; 0x01
    2170:	0e c0       	rjmp	.+28     	; 0x218e <LCD_voidSendString+0x32>
	{
		LCD_voidSendChar(Copy_u8ArrOfString[i]);
    2172:	89 81       	ldd	r24, Y+1	; 0x01
    2174:	28 2f       	mov	r18, r24
    2176:	30 e0       	ldi	r19, 0x00	; 0
    2178:	8a 81       	ldd	r24, Y+2	; 0x02
    217a:	9b 81       	ldd	r25, Y+3	; 0x03
    217c:	fc 01       	movw	r30, r24
    217e:	e2 0f       	add	r30, r18
    2180:	f3 1f       	adc	r31, r19
    2182:	80 81       	ld	r24, Z
    2184:	0e 94 c4 0f 	call	0x1f88	; 0x1f88 <LCD_voidSendChar>
	DIO_u8SetPinValue(LCD_u8_CONTROL_PORT, LCD_u8_E_PIN, DIO_LOW) ;	
}
//////////////////////////////////////////////////////////////////////////////////////////////
void LCD_voidSendString(u8 *Copy_u8ArrOfString, u8 Copy_u8SizeOfString)
{
	for(u8 i = 0; i < Copy_u8SizeOfString-1; i++)
    2188:	89 81       	ldd	r24, Y+1	; 0x01
    218a:	8f 5f       	subi	r24, 0xFF	; 255
    218c:	89 83       	std	Y+1, r24	; 0x01
    218e:	89 81       	ldd	r24, Y+1	; 0x01
    2190:	28 2f       	mov	r18, r24
    2192:	30 e0       	ldi	r19, 0x00	; 0
    2194:	8c 81       	ldd	r24, Y+4	; 0x04
    2196:	88 2f       	mov	r24, r24
    2198:	90 e0       	ldi	r25, 0x00	; 0
    219a:	01 97       	sbiw	r24, 0x01	; 1
    219c:	28 17       	cp	r18, r24
    219e:	39 07       	cpc	r19, r25
    21a0:	44 f3       	brlt	.-48     	; 0x2172 <LCD_voidSendString+0x16>
	{
		LCD_voidSendChar(Copy_u8ArrOfString[i]);
	}
}
    21a2:	0f 90       	pop	r0
    21a4:	0f 90       	pop	r0
    21a6:	0f 90       	pop	r0
    21a8:	0f 90       	pop	r0
    21aa:	cf 91       	pop	r28
    21ac:	df 91       	pop	r29
    21ae:	08 95       	ret

000021b0 <LCD_voidWriteNum>:
//////////////////////////////////////////////////////////////////////////////////////////////
void LCD_voidWriteNum(int Copy_u32Num)
{
    21b0:	df 93       	push	r29
    21b2:	cf 93       	push	r28
    21b4:	cd b7       	in	r28, 0x3d	; 61
    21b6:	de b7       	in	r29, 0x3e	; 62
    21b8:	e1 97       	sbiw	r28, 0x31	; 49
    21ba:	0f b6       	in	r0, 0x3f	; 63
    21bc:	f8 94       	cli
    21be:	de bf       	out	0x3e, r29	; 62
    21c0:	0f be       	out	0x3f, r0	; 63
    21c2:	cd bf       	out	0x3d, r28	; 61
    21c4:	99 ab       	std	Y+49, r25	; 0x31
    21c6:	88 ab       	std	Y+48, r24	; 0x30
	if(Copy_u32Num == 0)
    21c8:	88 a9       	ldd	r24, Y+48	; 0x30
    21ca:	99 a9       	ldd	r25, Y+49	; 0x31
    21cc:	00 97       	sbiw	r24, 0x00	; 0
    21ce:	21 f4       	brne	.+8      	; 0x21d8 <LCD_voidWriteNum+0x28>
	{
		LCD_voidSendChar('0');
    21d0:	80 e3       	ldi	r24, 0x30	; 48
    21d2:	0e 94 c4 0f 	call	0x1f88	; 0x1f88 <LCD_voidSendChar>
    21d6:	4c c2       	rjmp	.+1176   	; 0x2670 <LCD_voidWriteNum+0x4c0>
	}else if( (Copy_u32Num >= 10) && (Copy_u32Num < 100) )
    21d8:	88 a9       	ldd	r24, Y+48	; 0x30
    21da:	99 a9       	ldd	r25, Y+49	; 0x31
    21dc:	8a 30       	cpi	r24, 0x0A	; 10
    21de:	91 05       	cpc	r25, r1
    21e0:	8c f1       	brlt	.+98     	; 0x2244 <LCD_voidWriteNum+0x94>
    21e2:	88 a9       	ldd	r24, Y+48	; 0x30
    21e4:	99 a9       	ldd	r25, Y+49	; 0x31
    21e6:	84 36       	cpi	r24, 0x64	; 100
    21e8:	91 05       	cpc	r25, r1
    21ea:	64 f5       	brge	.+88     	; 0x2244 <LCD_voidWriteNum+0x94>
	{
		int Local_u32Hshrat = (Copy_u32Num / 10) ;
    21ec:	88 a9       	ldd	r24, Y+48	; 0x30
    21ee:	99 a9       	ldd	r25, Y+49	; 0x31
    21f0:	2a e0       	ldi	r18, 0x0A	; 10
    21f2:	30 e0       	ldi	r19, 0x00	; 0
    21f4:	b9 01       	movw	r22, r18
    21f6:	0e 94 18 1b 	call	0x3630	; 0x3630 <__divmodhi4>
    21fa:	cb 01       	movw	r24, r22
    21fc:	9f a7       	std	Y+47, r25	; 0x2f
    21fe:	8e a7       	std	Y+46, r24	; 0x2e
		int Local_u32Ahad   = Copy_u32Num -(Local_u32Hshrat*10);
    2200:	8e a5       	ldd	r24, Y+46	; 0x2e
    2202:	9f a5       	ldd	r25, Y+47	; 0x2f
    2204:	9c 01       	movw	r18, r24
    2206:	22 0f       	add	r18, r18
    2208:	33 1f       	adc	r19, r19
    220a:	c9 01       	movw	r24, r18
    220c:	88 0f       	add	r24, r24
    220e:	99 1f       	adc	r25, r25
    2210:	88 0f       	add	r24, r24
    2212:	99 1f       	adc	r25, r25
    2214:	82 0f       	add	r24, r18
    2216:	93 1f       	adc	r25, r19
    2218:	90 95       	com	r25
    221a:	81 95       	neg	r24
    221c:	9f 4f       	sbci	r25, 0xFF	; 255
    221e:	28 a9       	ldd	r18, Y+48	; 0x30
    2220:	39 a9       	ldd	r19, Y+49	; 0x31
    2222:	82 0f       	add	r24, r18
    2224:	93 1f       	adc	r25, r19
    2226:	9d a7       	std	Y+45, r25	; 0x2d
    2228:	8c a7       	std	Y+44, r24	; 0x2c
		char h = (u8)Local_u32Hshrat + 48;
    222a:	8e a5       	ldd	r24, Y+46	; 0x2e
    222c:	80 5d       	subi	r24, 0xD0	; 208
    222e:	8b a7       	std	Y+43, r24	; 0x2b
		char a = (u8)Local_u32Ahad   + 48;
    2230:	8c a5       	ldd	r24, Y+44	; 0x2c
    2232:	80 5d       	subi	r24, 0xD0	; 208
    2234:	8a a7       	std	Y+42, r24	; 0x2a
		LCD_voidSendChar(h);
    2236:	8b a5       	ldd	r24, Y+43	; 0x2b
    2238:	0e 94 c4 0f 	call	0x1f88	; 0x1f88 <LCD_voidSendChar>
		LCD_voidSendChar(a);
    223c:	8a a5       	ldd	r24, Y+42	; 0x2a
    223e:	0e 94 c4 0f 	call	0x1f88	; 0x1f88 <LCD_voidSendChar>
    2242:	16 c2       	rjmp	.+1068   	; 0x2670 <LCD_voidWriteNum+0x4c0>
	}
	else if( (Copy_u32Num >= 100) && (Copy_u32Num < 1000) )
    2244:	88 a9       	ldd	r24, Y+48	; 0x30
    2246:	99 a9       	ldd	r25, Y+49	; 0x31
    2248:	84 36       	cpi	r24, 0x64	; 100
    224a:	91 05       	cpc	r25, r1
    224c:	0c f4       	brge	.+2      	; 0x2250 <LCD_voidWriteNum+0xa0>
    224e:	5f c0       	rjmp	.+190    	; 0x230e <LCD_voidWriteNum+0x15e>
    2250:	88 a9       	ldd	r24, Y+48	; 0x30
    2252:	99 a9       	ldd	r25, Y+49	; 0x31
    2254:	23 e0       	ldi	r18, 0x03	; 3
    2256:	88 3e       	cpi	r24, 0xE8	; 232
    2258:	92 07       	cpc	r25, r18
    225a:	0c f0       	brlt	.+2      	; 0x225e <LCD_voidWriteNum+0xae>
    225c:	58 c0       	rjmp	.+176    	; 0x230e <LCD_voidWriteNum+0x15e>
	{
		int Local_u32Meaat     = (Copy_u32Num / 100) ;
    225e:	88 a9       	ldd	r24, Y+48	; 0x30
    2260:	99 a9       	ldd	r25, Y+49	; 0x31
    2262:	24 e6       	ldi	r18, 0x64	; 100
    2264:	30 e0       	ldi	r19, 0x00	; 0
    2266:	b9 01       	movw	r22, r18
    2268:	0e 94 18 1b 	call	0x3630	; 0x3630 <__divmodhi4>
    226c:	cb 01       	movw	r24, r22
    226e:	99 a7       	std	Y+41, r25	; 0x29
    2270:	88 a7       	std	Y+40, r24	; 0x28
		int Local_u32Hashrat   = (Copy_u32Num -(Local_u32Meaat*100)) / 10;
    2272:	28 a5       	ldd	r18, Y+40	; 0x28
    2274:	39 a5       	ldd	r19, Y+41	; 0x29
    2276:	8c e9       	ldi	r24, 0x9C	; 156
    2278:	9f ef       	ldi	r25, 0xFF	; 255
    227a:	a9 01       	movw	r20, r18
    227c:	48 9f       	mul	r20, r24
    227e:	90 01       	movw	r18, r0
    2280:	49 9f       	mul	r20, r25
    2282:	30 0d       	add	r19, r0
    2284:	58 9f       	mul	r21, r24
    2286:	30 0d       	add	r19, r0
    2288:	11 24       	eor	r1, r1
    228a:	88 a9       	ldd	r24, Y+48	; 0x30
    228c:	99 a9       	ldd	r25, Y+49	; 0x31
    228e:	82 0f       	add	r24, r18
    2290:	93 1f       	adc	r25, r19
    2292:	2a e0       	ldi	r18, 0x0A	; 10
    2294:	30 e0       	ldi	r19, 0x00	; 0
    2296:	b9 01       	movw	r22, r18
    2298:	0e 94 18 1b 	call	0x3630	; 0x3630 <__divmodhi4>
    229c:	cb 01       	movw	r24, r22
    229e:	9f a3       	std	Y+39, r25	; 0x27
    22a0:	8e a3       	std	Y+38, r24	; 0x26
		int Local_u32Ahad      = (Copy_u32Num -(Local_u32Meaat*100)) - (Local_u32Hashrat*10);
    22a2:	28 a5       	ldd	r18, Y+40	; 0x28
    22a4:	39 a5       	ldd	r19, Y+41	; 0x29
    22a6:	8c e9       	ldi	r24, 0x9C	; 156
    22a8:	9f ef       	ldi	r25, 0xFF	; 255
    22aa:	28 9f       	mul	r18, r24
    22ac:	a0 01       	movw	r20, r0
    22ae:	29 9f       	mul	r18, r25
    22b0:	50 0d       	add	r21, r0
    22b2:	38 9f       	mul	r19, r24
    22b4:	50 0d       	add	r21, r0
    22b6:	11 24       	eor	r1, r1
    22b8:	8e a1       	ldd	r24, Y+38	; 0x26
    22ba:	9f a1       	ldd	r25, Y+39	; 0x27
    22bc:	9c 01       	movw	r18, r24
    22be:	22 0f       	add	r18, r18
    22c0:	33 1f       	adc	r19, r19
    22c2:	c9 01       	movw	r24, r18
    22c4:	88 0f       	add	r24, r24
    22c6:	99 1f       	adc	r25, r25
    22c8:	88 0f       	add	r24, r24
    22ca:	99 1f       	adc	r25, r25
    22cc:	82 0f       	add	r24, r18
    22ce:	93 1f       	adc	r25, r19
    22d0:	90 95       	com	r25
    22d2:	81 95       	neg	r24
    22d4:	9f 4f       	sbci	r25, 0xFF	; 255
    22d6:	9a 01       	movw	r18, r20
    22d8:	28 0f       	add	r18, r24
    22da:	39 1f       	adc	r19, r25
    22dc:	88 a9       	ldd	r24, Y+48	; 0x30
    22de:	99 a9       	ldd	r25, Y+49	; 0x31
    22e0:	82 0f       	add	r24, r18
    22e2:	93 1f       	adc	r25, r19
    22e4:	9d a3       	std	Y+37, r25	; 0x25
    22e6:	8c a3       	std	Y+36, r24	; 0x24

		char m = (char)Local_u32Meaat + 48;
    22e8:	88 a5       	ldd	r24, Y+40	; 0x28
    22ea:	80 5d       	subi	r24, 0xD0	; 208
    22ec:	8b a3       	std	Y+35, r24	; 0x23
		char h = (char)Local_u32Hashrat + 48;
    22ee:	8e a1       	ldd	r24, Y+38	; 0x26
    22f0:	80 5d       	subi	r24, 0xD0	; 208
    22f2:	8a a3       	std	Y+34, r24	; 0x22
		char a = (char)Local_u32Ahad   + 48;
    22f4:	8c a1       	ldd	r24, Y+36	; 0x24
    22f6:	80 5d       	subi	r24, 0xD0	; 208
    22f8:	89 a3       	std	Y+33, r24	; 0x21
		LCD_voidSendChar(m);
    22fa:	8b a1       	ldd	r24, Y+35	; 0x23
    22fc:	0e 94 c4 0f 	call	0x1f88	; 0x1f88 <LCD_voidSendChar>
		LCD_voidSendChar(h);
    2300:	8a a1       	ldd	r24, Y+34	; 0x22
    2302:	0e 94 c4 0f 	call	0x1f88	; 0x1f88 <LCD_voidSendChar>
		LCD_voidSendChar(a);
    2306:	89 a1       	ldd	r24, Y+33	; 0x21
    2308:	0e 94 c4 0f 	call	0x1f88	; 0x1f88 <LCD_voidSendChar>
    230c:	b1 c1       	rjmp	.+866    	; 0x2670 <LCD_voidWriteNum+0x4c0>

	}
	else if( (Copy_u32Num >= 1000) && (Copy_u32Num < 10000) )
    230e:	88 a9       	ldd	r24, Y+48	; 0x30
    2310:	99 a9       	ldd	r25, Y+49	; 0x31
    2312:	53 e0       	ldi	r21, 0x03	; 3
    2314:	88 3e       	cpi	r24, 0xE8	; 232
    2316:	95 07       	cpc	r25, r21
    2318:	0c f4       	brge	.+2      	; 0x231c <LCD_voidWriteNum+0x16c>
    231a:	9a c0       	rjmp	.+308    	; 0x2450 <LCD_voidWriteNum+0x2a0>
    231c:	88 a9       	ldd	r24, Y+48	; 0x30
    231e:	99 a9       	ldd	r25, Y+49	; 0x31
    2320:	67 e2       	ldi	r22, 0x27	; 39
    2322:	80 31       	cpi	r24, 0x10	; 16
    2324:	96 07       	cpc	r25, r22
    2326:	0c f0       	brlt	.+2      	; 0x232a <LCD_voidWriteNum+0x17a>
    2328:	93 c0       	rjmp	.+294    	; 0x2450 <LCD_voidWriteNum+0x2a0>
	{
		int Local_u32Alafat    = (Copy_u32Num / 1000) ;
    232a:	88 a9       	ldd	r24, Y+48	; 0x30
    232c:	99 a9       	ldd	r25, Y+49	; 0x31
    232e:	28 ee       	ldi	r18, 0xE8	; 232
    2330:	33 e0       	ldi	r19, 0x03	; 3
    2332:	b9 01       	movw	r22, r18
    2334:	0e 94 18 1b 	call	0x3630	; 0x3630 <__divmodhi4>
    2338:	cb 01       	movw	r24, r22
    233a:	98 a3       	std	Y+32, r25	; 0x20
    233c:	8f 8f       	std	Y+31, r24	; 0x1f
		int Local_u32Meaat     = (Copy_u32Num -(Local_u32Alafat*1000)) / 100 ;
    233e:	2f 8d       	ldd	r18, Y+31	; 0x1f
    2340:	38 a1       	ldd	r19, Y+32	; 0x20
    2342:	88 e1       	ldi	r24, 0x18	; 24
    2344:	9c ef       	ldi	r25, 0xFC	; 252
    2346:	f9 01       	movw	r30, r18
    2348:	e8 9f       	mul	r30, r24
    234a:	90 01       	movw	r18, r0
    234c:	e9 9f       	mul	r30, r25
    234e:	30 0d       	add	r19, r0
    2350:	f8 9f       	mul	r31, r24
    2352:	30 0d       	add	r19, r0
    2354:	11 24       	eor	r1, r1
    2356:	88 a9       	ldd	r24, Y+48	; 0x30
    2358:	99 a9       	ldd	r25, Y+49	; 0x31
    235a:	82 0f       	add	r24, r18
    235c:	93 1f       	adc	r25, r19
    235e:	24 e6       	ldi	r18, 0x64	; 100
    2360:	30 e0       	ldi	r19, 0x00	; 0
    2362:	b9 01       	movw	r22, r18
    2364:	0e 94 18 1b 	call	0x3630	; 0x3630 <__divmodhi4>
    2368:	cb 01       	movw	r24, r22
    236a:	9e 8f       	std	Y+30, r25	; 0x1e
    236c:	8d 8f       	std	Y+29, r24	; 0x1d
		int Local_u32Hashrat   = (Copy_u32Num -(Local_u32Meaat*100 + Local_u32Alafat*1000)) / 10;
    236e:	2f 8d       	ldd	r18, Y+31	; 0x1f
    2370:	38 a1       	ldd	r19, Y+32	; 0x20
    2372:	88 e1       	ldi	r24, 0x18	; 24
    2374:	9c ef       	ldi	r25, 0xFC	; 252
    2376:	28 9f       	mul	r18, r24
    2378:	a0 01       	movw	r20, r0
    237a:	29 9f       	mul	r18, r25
    237c:	50 0d       	add	r21, r0
    237e:	38 9f       	mul	r19, r24
    2380:	50 0d       	add	r21, r0
    2382:	11 24       	eor	r1, r1
    2384:	2d 8d       	ldd	r18, Y+29	; 0x1d
    2386:	3e 8d       	ldd	r19, Y+30	; 0x1e
    2388:	8c e9       	ldi	r24, 0x9C	; 156
    238a:	9f ef       	ldi	r25, 0xFF	; 255
    238c:	bc 01       	movw	r22, r24
    238e:	26 9f       	mul	r18, r22
    2390:	c0 01       	movw	r24, r0
    2392:	27 9f       	mul	r18, r23
    2394:	90 0d       	add	r25, r0
    2396:	36 9f       	mul	r19, r22
    2398:	90 0d       	add	r25, r0
    239a:	11 24       	eor	r1, r1
    239c:	9a 01       	movw	r18, r20
    239e:	28 0f       	add	r18, r24
    23a0:	39 1f       	adc	r19, r25
    23a2:	88 a9       	ldd	r24, Y+48	; 0x30
    23a4:	99 a9       	ldd	r25, Y+49	; 0x31
    23a6:	82 0f       	add	r24, r18
    23a8:	93 1f       	adc	r25, r19
    23aa:	2a e0       	ldi	r18, 0x0A	; 10
    23ac:	30 e0       	ldi	r19, 0x00	; 0
    23ae:	b9 01       	movw	r22, r18
    23b0:	0e 94 18 1b 	call	0x3630	; 0x3630 <__divmodhi4>
    23b4:	cb 01       	movw	r24, r22
    23b6:	9c 8f       	std	Y+28, r25	; 0x1c
    23b8:	8b 8f       	std	Y+27, r24	; 0x1b
		int Local_u32Ahad      = (Copy_u32Num -(Local_u32Meaat*100 + Local_u32Alafat*1000 + Local_u32Hashrat*10));
    23ba:	8b 8d       	ldd	r24, Y+27	; 0x1b
    23bc:	9c 8d       	ldd	r25, Y+28	; 0x1c
    23be:	9c 01       	movw	r18, r24
    23c0:	22 0f       	add	r18, r18
    23c2:	33 1f       	adc	r19, r19
    23c4:	c9 01       	movw	r24, r18
    23c6:	88 0f       	add	r24, r24
    23c8:	99 1f       	adc	r25, r25
    23ca:	88 0f       	add	r24, r24
    23cc:	99 1f       	adc	r25, r25
    23ce:	a9 01       	movw	r20, r18
    23d0:	48 0f       	add	r20, r24
    23d2:	59 1f       	adc	r21, r25
    23d4:	50 95       	com	r21
    23d6:	41 95       	neg	r20
    23d8:	5f 4f       	sbci	r21, 0xFF	; 255
    23da:	2f 8d       	ldd	r18, Y+31	; 0x1f
    23dc:	38 a1       	ldd	r19, Y+32	; 0x20
    23de:	88 e1       	ldi	r24, 0x18	; 24
    23e0:	9c ef       	ldi	r25, 0xFC	; 252
    23e2:	28 9f       	mul	r18, r24
    23e4:	b0 01       	movw	r22, r0
    23e6:	29 9f       	mul	r18, r25
    23e8:	70 0d       	add	r23, r0
    23ea:	38 9f       	mul	r19, r24
    23ec:	70 0d       	add	r23, r0
    23ee:	11 24       	eor	r1, r1
    23f0:	2d 8d       	ldd	r18, Y+29	; 0x1d
    23f2:	3e 8d       	ldd	r19, Y+30	; 0x1e
    23f4:	8c e9       	ldi	r24, 0x9C	; 156
    23f6:	9f ef       	ldi	r25, 0xFF	; 255
    23f8:	fc 01       	movw	r30, r24
    23fa:	2e 9f       	mul	r18, r30
    23fc:	c0 01       	movw	r24, r0
    23fe:	2f 9f       	mul	r18, r31
    2400:	90 0d       	add	r25, r0
    2402:	3e 9f       	mul	r19, r30
    2404:	90 0d       	add	r25, r0
    2406:	11 24       	eor	r1, r1
    2408:	86 0f       	add	r24, r22
    240a:	97 1f       	adc	r25, r23
    240c:	9a 01       	movw	r18, r20
    240e:	28 0f       	add	r18, r24
    2410:	39 1f       	adc	r19, r25
    2412:	88 a9       	ldd	r24, Y+48	; 0x30
    2414:	99 a9       	ldd	r25, Y+49	; 0x31
    2416:	82 0f       	add	r24, r18
    2418:	93 1f       	adc	r25, r19
    241a:	9a 8f       	std	Y+26, r25	; 0x1a
    241c:	89 8f       	std	Y+25, r24	; 0x19

		char alf = (char)Local_u32Alafat + 48;
    241e:	8f 8d       	ldd	r24, Y+31	; 0x1f
    2420:	80 5d       	subi	r24, 0xD0	; 208
    2422:	88 8f       	std	Y+24, r24	; 0x18
		char   m = (char)Local_u32Meaat + 48;
    2424:	8d 8d       	ldd	r24, Y+29	; 0x1d
    2426:	80 5d       	subi	r24, 0xD0	; 208
    2428:	8f 8b       	std	Y+23, r24	; 0x17
		char   h = (char)Local_u32Hashrat + 48;
    242a:	8b 8d       	ldd	r24, Y+27	; 0x1b
    242c:	80 5d       	subi	r24, 0xD0	; 208
    242e:	8e 8b       	std	Y+22, r24	; 0x16
		char   a = (char)Local_u32Ahad   + 48;
    2430:	89 8d       	ldd	r24, Y+25	; 0x19
    2432:	80 5d       	subi	r24, 0xD0	; 208
    2434:	8d 8b       	std	Y+21, r24	; 0x15
	    LCD_voidSendChar(alf);
    2436:	88 8d       	ldd	r24, Y+24	; 0x18
    2438:	0e 94 c4 0f 	call	0x1f88	; 0x1f88 <LCD_voidSendChar>
		LCD_voidSendChar(m);
    243c:	8f 89       	ldd	r24, Y+23	; 0x17
    243e:	0e 94 c4 0f 	call	0x1f88	; 0x1f88 <LCD_voidSendChar>
		LCD_voidSendChar(h);
    2442:	8e 89       	ldd	r24, Y+22	; 0x16
    2444:	0e 94 c4 0f 	call	0x1f88	; 0x1f88 <LCD_voidSendChar>
		LCD_voidSendChar(a);
    2448:	8d 89       	ldd	r24, Y+21	; 0x15
    244a:	0e 94 c4 0f 	call	0x1f88	; 0x1f88 <LCD_voidSendChar>
    244e:	10 c1       	rjmp	.+544    	; 0x2670 <LCD_voidWriteNum+0x4c0>
	}
	else if( (Copy_u32Num >= 10000) && (Copy_u32Num < 100000) )
    2450:	88 a9       	ldd	r24, Y+48	; 0x30
    2452:	99 a9       	ldd	r25, Y+49	; 0x31
    2454:	f7 e2       	ldi	r31, 0x27	; 39
    2456:	80 31       	cpi	r24, 0x10	; 16
    2458:	9f 07       	cpc	r25, r31
    245a:	0c f4       	brge	.+2      	; 0x245e <LCD_voidWriteNum+0x2ae>
    245c:	da c0       	rjmp	.+436    	; 0x2612 <LCD_voidWriteNum+0x462>
	{
		int Local_u32HashrTalaf= (Copy_u32Num / 10000) ;
    245e:	88 a9       	ldd	r24, Y+48	; 0x30
    2460:	99 a9       	ldd	r25, Y+49	; 0x31
    2462:	20 e1       	ldi	r18, 0x10	; 16
    2464:	37 e2       	ldi	r19, 0x27	; 39
    2466:	b9 01       	movw	r22, r18
    2468:	0e 94 18 1b 	call	0x3630	; 0x3630 <__divmodhi4>
    246c:	cb 01       	movw	r24, r22
    246e:	9c 8b       	std	Y+20, r25	; 0x14
    2470:	8b 8b       	std	Y+19, r24	; 0x13
		int Local_u32Alafat    = (Copy_u32Num -(Local_u32HashrTalaf*10000)) / 1000 ;
    2472:	2b 89       	ldd	r18, Y+19	; 0x13
    2474:	3c 89       	ldd	r19, Y+20	; 0x14
    2476:	80 ef       	ldi	r24, 0xF0	; 240
    2478:	98 ed       	ldi	r25, 0xD8	; 216
    247a:	a9 01       	movw	r20, r18
    247c:	48 9f       	mul	r20, r24
    247e:	90 01       	movw	r18, r0
    2480:	49 9f       	mul	r20, r25
    2482:	30 0d       	add	r19, r0
    2484:	58 9f       	mul	r21, r24
    2486:	30 0d       	add	r19, r0
    2488:	11 24       	eor	r1, r1
    248a:	88 a9       	ldd	r24, Y+48	; 0x30
    248c:	99 a9       	ldd	r25, Y+49	; 0x31
    248e:	82 0f       	add	r24, r18
    2490:	93 1f       	adc	r25, r19
    2492:	28 ee       	ldi	r18, 0xE8	; 232
    2494:	33 e0       	ldi	r19, 0x03	; 3
    2496:	b9 01       	movw	r22, r18
    2498:	0e 94 18 1b 	call	0x3630	; 0x3630 <__divmodhi4>
    249c:	cb 01       	movw	r24, r22
    249e:	9a 8b       	std	Y+18, r25	; 0x12
    24a0:	89 8b       	std	Y+17, r24	; 0x11
		int Local_u32Meaat     = (Copy_u32Num -(Local_u32Alafat*1000 + Local_u32HashrTalaf*10000)) / 100;
    24a2:	2b 89       	ldd	r18, Y+19	; 0x13
    24a4:	3c 89       	ldd	r19, Y+20	; 0x14
    24a6:	80 ef       	ldi	r24, 0xF0	; 240
    24a8:	98 ed       	ldi	r25, 0xD8	; 216
    24aa:	28 9f       	mul	r18, r24
    24ac:	a0 01       	movw	r20, r0
    24ae:	29 9f       	mul	r18, r25
    24b0:	50 0d       	add	r21, r0
    24b2:	38 9f       	mul	r19, r24
    24b4:	50 0d       	add	r21, r0
    24b6:	11 24       	eor	r1, r1
    24b8:	29 89       	ldd	r18, Y+17	; 0x11
    24ba:	3a 89       	ldd	r19, Y+18	; 0x12
    24bc:	88 e1       	ldi	r24, 0x18	; 24
    24be:	9c ef       	ldi	r25, 0xFC	; 252
    24c0:	bc 01       	movw	r22, r24
    24c2:	26 9f       	mul	r18, r22
    24c4:	c0 01       	movw	r24, r0
    24c6:	27 9f       	mul	r18, r23
    24c8:	90 0d       	add	r25, r0
    24ca:	36 9f       	mul	r19, r22
    24cc:	90 0d       	add	r25, r0
    24ce:	11 24       	eor	r1, r1
    24d0:	9a 01       	movw	r18, r20
    24d2:	28 0f       	add	r18, r24
    24d4:	39 1f       	adc	r19, r25
    24d6:	88 a9       	ldd	r24, Y+48	; 0x30
    24d8:	99 a9       	ldd	r25, Y+49	; 0x31
    24da:	82 0f       	add	r24, r18
    24dc:	93 1f       	adc	r25, r19
    24de:	24 e6       	ldi	r18, 0x64	; 100
    24e0:	30 e0       	ldi	r19, 0x00	; 0
    24e2:	b9 01       	movw	r22, r18
    24e4:	0e 94 18 1b 	call	0x3630	; 0x3630 <__divmodhi4>
    24e8:	cb 01       	movw	r24, r22
    24ea:	98 8b       	std	Y+16, r25	; 0x10
    24ec:	8f 87       	std	Y+15, r24	; 0x0f
		int Local_u32Hashrat   = (Copy_u32Num -(Local_u32Meaat*100 + Local_u32Alafat*1000 + Local_u32HashrTalaf*10000)) / 10;
    24ee:	2b 89       	ldd	r18, Y+19	; 0x13
    24f0:	3c 89       	ldd	r19, Y+20	; 0x14
    24f2:	80 ef       	ldi	r24, 0xF0	; 240
    24f4:	98 ed       	ldi	r25, 0xD8	; 216
    24f6:	28 9f       	mul	r18, r24
    24f8:	b0 01       	movw	r22, r0
    24fa:	29 9f       	mul	r18, r25
    24fc:	70 0d       	add	r23, r0
    24fe:	38 9f       	mul	r19, r24
    2500:	70 0d       	add	r23, r0
    2502:	11 24       	eor	r1, r1
    2504:	29 89       	ldd	r18, Y+17	; 0x11
    2506:	3a 89       	ldd	r19, Y+18	; 0x12
    2508:	88 e1       	ldi	r24, 0x18	; 24
    250a:	9c ef       	ldi	r25, 0xFC	; 252
    250c:	28 9f       	mul	r18, r24
    250e:	a0 01       	movw	r20, r0
    2510:	29 9f       	mul	r18, r25
    2512:	50 0d       	add	r21, r0
    2514:	38 9f       	mul	r19, r24
    2516:	50 0d       	add	r21, r0
    2518:	11 24       	eor	r1, r1
    251a:	2f 85       	ldd	r18, Y+15	; 0x0f
    251c:	38 89       	ldd	r19, Y+16	; 0x10
    251e:	8c e9       	ldi	r24, 0x9C	; 156
    2520:	9f ef       	ldi	r25, 0xFF	; 255
    2522:	fc 01       	movw	r30, r24
    2524:	2e 9f       	mul	r18, r30
    2526:	c0 01       	movw	r24, r0
    2528:	2f 9f       	mul	r18, r31
    252a:	90 0d       	add	r25, r0
    252c:	3e 9f       	mul	r19, r30
    252e:	90 0d       	add	r25, r0
    2530:	11 24       	eor	r1, r1
    2532:	84 0f       	add	r24, r20
    2534:	95 1f       	adc	r25, r21
    2536:	9b 01       	movw	r18, r22
    2538:	28 0f       	add	r18, r24
    253a:	39 1f       	adc	r19, r25
    253c:	88 a9       	ldd	r24, Y+48	; 0x30
    253e:	99 a9       	ldd	r25, Y+49	; 0x31
    2540:	82 0f       	add	r24, r18
    2542:	93 1f       	adc	r25, r19
    2544:	2a e0       	ldi	r18, 0x0A	; 10
    2546:	30 e0       	ldi	r19, 0x00	; 0
    2548:	b9 01       	movw	r22, r18
    254a:	0e 94 18 1b 	call	0x3630	; 0x3630 <__divmodhi4>
    254e:	cb 01       	movw	r24, r22
    2550:	9e 87       	std	Y+14, r25	; 0x0e
    2552:	8d 87       	std	Y+13, r24	; 0x0d
		int Local_u32Ahad      = (Copy_u32Num -(Local_u32Meaat*100 + Local_u32Alafat*1000 + Local_u32Hashrat*10 + Local_u32HashrTalaf*10000));
    2554:	8d 85       	ldd	r24, Y+13	; 0x0d
    2556:	9e 85       	ldd	r25, Y+14	; 0x0e
    2558:	9c 01       	movw	r18, r24
    255a:	22 0f       	add	r18, r18
    255c:	33 1f       	adc	r19, r19
    255e:	c9 01       	movw	r24, r18
    2560:	88 0f       	add	r24, r24
    2562:	99 1f       	adc	r25, r25
    2564:	88 0f       	add	r24, r24
    2566:	99 1f       	adc	r25, r25
    2568:	28 0f       	add	r18, r24
    256a:	39 1f       	adc	r19, r25
    256c:	30 95       	com	r19
    256e:	21 95       	neg	r18
    2570:	3f 4f       	sbci	r19, 0xFF	; 255
    2572:	4b 89       	ldd	r20, Y+19	; 0x13
    2574:	5c 89       	ldd	r21, Y+20	; 0x14
    2576:	80 ef       	ldi	r24, 0xF0	; 240
    2578:	98 ed       	ldi	r25, 0xD8	; 216
    257a:	bc 01       	movw	r22, r24
    257c:	46 9f       	mul	r20, r22
    257e:	c0 01       	movw	r24, r0
    2580:	47 9f       	mul	r20, r23
    2582:	90 0d       	add	r25, r0
    2584:	56 9f       	mul	r21, r22
    2586:	90 0d       	add	r25, r0
    2588:	11 24       	eor	r1, r1
    258a:	b9 01       	movw	r22, r18
    258c:	68 0f       	add	r22, r24
    258e:	79 1f       	adc	r23, r25
    2590:	29 89       	ldd	r18, Y+17	; 0x11
    2592:	3a 89       	ldd	r19, Y+18	; 0x12
    2594:	88 e1       	ldi	r24, 0x18	; 24
    2596:	9c ef       	ldi	r25, 0xFC	; 252
    2598:	28 9f       	mul	r18, r24
    259a:	a0 01       	movw	r20, r0
    259c:	29 9f       	mul	r18, r25
    259e:	50 0d       	add	r21, r0
    25a0:	38 9f       	mul	r19, r24
    25a2:	50 0d       	add	r21, r0
    25a4:	11 24       	eor	r1, r1
    25a6:	2f 85       	ldd	r18, Y+15	; 0x0f
    25a8:	38 89       	ldd	r19, Y+16	; 0x10
    25aa:	8c e9       	ldi	r24, 0x9C	; 156
    25ac:	9f ef       	ldi	r25, 0xFF	; 255
    25ae:	fc 01       	movw	r30, r24
    25b0:	2e 9f       	mul	r18, r30
    25b2:	c0 01       	movw	r24, r0
    25b4:	2f 9f       	mul	r18, r31
    25b6:	90 0d       	add	r25, r0
    25b8:	3e 9f       	mul	r19, r30
    25ba:	90 0d       	add	r25, r0
    25bc:	11 24       	eor	r1, r1
    25be:	84 0f       	add	r24, r20
    25c0:	95 1f       	adc	r25, r21
    25c2:	9b 01       	movw	r18, r22
    25c4:	28 0f       	add	r18, r24
    25c6:	39 1f       	adc	r19, r25
    25c8:	88 a9       	ldd	r24, Y+48	; 0x30
    25ca:	99 a9       	ldd	r25, Y+49	; 0x31
    25cc:	82 0f       	add	r24, r18
    25ce:	93 1f       	adc	r25, r19
    25d0:	9c 87       	std	Y+12, r25	; 0x0c
    25d2:	8b 87       	std	Y+11, r24	; 0x0b
		char hashralf = (char)Local_u32HashrTalaf + 48;
    25d4:	8b 89       	ldd	r24, Y+19	; 0x13
    25d6:	80 5d       	subi	r24, 0xD0	; 208
    25d8:	8a 87       	std	Y+10, r24	; 0x0a
		char alf = (char)Local_u32Alafat + 48;
    25da:	89 89       	ldd	r24, Y+17	; 0x11
    25dc:	80 5d       	subi	r24, 0xD0	; 208
    25de:	89 87       	std	Y+9, r24	; 0x09
		char   m = (char)Local_u32Meaat + 48;
    25e0:	8f 85       	ldd	r24, Y+15	; 0x0f
    25e2:	80 5d       	subi	r24, 0xD0	; 208
    25e4:	88 87       	std	Y+8, r24	; 0x08
		char   h = (char)Local_u32Hashrat + 48;
    25e6:	8d 85       	ldd	r24, Y+13	; 0x0d
    25e8:	80 5d       	subi	r24, 0xD0	; 208
    25ea:	8f 83       	std	Y+7, r24	; 0x07
		char   a = (char)Local_u32Ahad   + 48;
    25ec:	8b 85       	ldd	r24, Y+11	; 0x0b
    25ee:	80 5d       	subi	r24, 0xD0	; 208
    25f0:	8e 83       	std	Y+6, r24	; 0x06
		LCD_voidSendChar(hashralf);
    25f2:	8a 85       	ldd	r24, Y+10	; 0x0a
    25f4:	0e 94 c4 0f 	call	0x1f88	; 0x1f88 <LCD_voidSendChar>
	    LCD_voidSendChar(alf);
    25f8:	89 85       	ldd	r24, Y+9	; 0x09
    25fa:	0e 94 c4 0f 	call	0x1f88	; 0x1f88 <LCD_voidSendChar>
		LCD_voidSendChar(m);
    25fe:	88 85       	ldd	r24, Y+8	; 0x08
    2600:	0e 94 c4 0f 	call	0x1f88	; 0x1f88 <LCD_voidSendChar>
		LCD_voidSendChar(h);
    2604:	8f 81       	ldd	r24, Y+7	; 0x07
    2606:	0e 94 c4 0f 	call	0x1f88	; 0x1f88 <LCD_voidSendChar>
		LCD_voidSendChar(a);
    260a:	8e 81       	ldd	r24, Y+6	; 0x06
    260c:	0e 94 c4 0f 	call	0x1f88	; 0x1f88 <LCD_voidSendChar>
    2610:	2f c0       	rjmp	.+94     	; 0x2670 <LCD_voidWriteNum+0x4c0>
	}
	else if( (Copy_u32Num > 0) && (Copy_u32Num < 10) )
    2612:	88 a9       	ldd	r24, Y+48	; 0x30
    2614:	99 a9       	ldd	r25, Y+49	; 0x31
    2616:	18 16       	cp	r1, r24
    2618:	19 06       	cpc	r1, r25
    261a:	54 f5       	brge	.+84     	; 0x2670 <LCD_voidWriteNum+0x4c0>
    261c:	88 a9       	ldd	r24, Y+48	; 0x30
    261e:	99 a9       	ldd	r25, Y+49	; 0x31
    2620:	8a 30       	cpi	r24, 0x0A	; 10
    2622:	91 05       	cpc	r25, r1
    2624:	2c f5       	brge	.+74     	; 0x2670 <LCD_voidWriteNum+0x4c0>
		{
		int Local_u32Hshrat = (Copy_u32Num / 10) ;
    2626:	88 a9       	ldd	r24, Y+48	; 0x30
    2628:	99 a9       	ldd	r25, Y+49	; 0x31
    262a:	2a e0       	ldi	r18, 0x0A	; 10
    262c:	30 e0       	ldi	r19, 0x00	; 0
    262e:	b9 01       	movw	r22, r18
    2630:	0e 94 18 1b 	call	0x3630	; 0x3630 <__divmodhi4>
    2634:	cb 01       	movw	r24, r22
    2636:	9d 83       	std	Y+5, r25	; 0x05
    2638:	8c 83       	std	Y+4, r24	; 0x04
		int Local_u32Ahad   = Copy_u32Num -(Local_u32Hshrat*10);
    263a:	8c 81       	ldd	r24, Y+4	; 0x04
    263c:	9d 81       	ldd	r25, Y+5	; 0x05
    263e:	9c 01       	movw	r18, r24
    2640:	22 0f       	add	r18, r18
    2642:	33 1f       	adc	r19, r19
    2644:	c9 01       	movw	r24, r18
    2646:	88 0f       	add	r24, r24
    2648:	99 1f       	adc	r25, r25
    264a:	88 0f       	add	r24, r24
    264c:	99 1f       	adc	r25, r25
    264e:	82 0f       	add	r24, r18
    2650:	93 1f       	adc	r25, r19
    2652:	90 95       	com	r25
    2654:	81 95       	neg	r24
    2656:	9f 4f       	sbci	r25, 0xFF	; 255
    2658:	28 a9       	ldd	r18, Y+48	; 0x30
    265a:	39 a9       	ldd	r19, Y+49	; 0x31
    265c:	82 0f       	add	r24, r18
    265e:	93 1f       	adc	r25, r19
    2660:	9b 83       	std	Y+3, r25	; 0x03
    2662:	8a 83       	std	Y+2, r24	; 0x02
			//u8 h = (u8)Local_u32Hshrat + 48;
		char a = (char)Local_u32Ahad   + 48;
    2664:	8a 81       	ldd	r24, Y+2	; 0x02
    2666:	80 5d       	subi	r24, 0xD0	; 208
    2668:	89 83       	std	Y+1, r24	; 0x01
			LCD_voidSendChar(a);
    266a:	89 81       	ldd	r24, Y+1	; 0x01
    266c:	0e 94 c4 0f 	call	0x1f88	; 0x1f88 <LCD_voidSendChar>
		}
		
}
    2670:	e1 96       	adiw	r28, 0x31	; 49
    2672:	0f b6       	in	r0, 0x3f	; 63
    2674:	f8 94       	cli
    2676:	de bf       	out	0x3e, r29	; 62
    2678:	0f be       	out	0x3f, r0	; 63
    267a:	cd bf       	out	0x3d, r28	; 61
    267c:	cf 91       	pop	r28
    267e:	df 91       	pop	r29
    2680:	08 95       	ret

00002682 <LCD_u8GoToxy>:
//////////////////////////////////////////////////////////////////////////////////////////////
u8 LCD_u8GoToxy(u8 Copy_u8NumOfLine, u8 Copy_u8Location)
{
    2682:	df 93       	push	r29
    2684:	cf 93       	push	r28
    2686:	00 d0       	rcall	.+0      	; 0x2688 <LCD_u8GoToxy+0x6>
    2688:	00 d0       	rcall	.+0      	; 0x268a <LCD_u8GoToxy+0x8>
    268a:	0f 92       	push	r0
    268c:	cd b7       	in	r28, 0x3d	; 61
    268e:	de b7       	in	r29, 0x3e	; 62
    2690:	8a 83       	std	Y+2, r24	; 0x02
    2692:	6b 83       	std	Y+3, r22	; 0x03
	u8 Local_Error = STD_TYPES_OK;
    2694:	81 e0       	ldi	r24, 0x01	; 1
    2696:	89 83       	std	Y+1, r24	; 0x01
	if( (Copy_u8Location <= 39) && ( (Copy_u8NumOfLine == LCD_u8_LINE1)||(Copy_u8NumOfLine == LCD_u8_LINE2) )   )
    2698:	8b 81       	ldd	r24, Y+3	; 0x03
    269a:	88 32       	cpi	r24, 0x28	; 40
    269c:	00 f5       	brcc	.+64     	; 0x26de <LCD_u8GoToxy+0x5c>
    269e:	8a 81       	ldd	r24, Y+2	; 0x02
    26a0:	81 30       	cpi	r24, 0x01	; 1
    26a2:	19 f0       	breq	.+6      	; 0x26aa <LCD_u8GoToxy+0x28>
    26a4:	8a 81       	ldd	r24, Y+2	; 0x02
    26a6:	82 30       	cpi	r24, 0x02	; 2
    26a8:	d1 f4       	brne	.+52     	; 0x26de <LCD_u8GoToxy+0x5c>
	{
		switch(Copy_u8NumOfLine)
    26aa:	8a 81       	ldd	r24, Y+2	; 0x02
    26ac:	28 2f       	mov	r18, r24
    26ae:	30 e0       	ldi	r19, 0x00	; 0
    26b0:	3d 83       	std	Y+5, r19	; 0x05
    26b2:	2c 83       	std	Y+4, r18	; 0x04
    26b4:	8c 81       	ldd	r24, Y+4	; 0x04
    26b6:	9d 81       	ldd	r25, Y+5	; 0x05
    26b8:	81 30       	cpi	r24, 0x01	; 1
    26ba:	91 05       	cpc	r25, r1
    26bc:	31 f0       	breq	.+12     	; 0x26ca <LCD_u8GoToxy+0x48>
    26be:	2c 81       	ldd	r18, Y+4	; 0x04
    26c0:	3d 81       	ldd	r19, Y+5	; 0x05
    26c2:	22 30       	cpi	r18, 0x02	; 2
    26c4:	31 05       	cpc	r19, r1
    26c6:	31 f0       	breq	.+12     	; 0x26d4 <LCD_u8GoToxy+0x52>
    26c8:	0b c0       	rjmp	.+22     	; 0x26e0 <LCD_u8GoToxy+0x5e>
		{
			case LCD_u8_LINE1: LCD_voidSendCmnd(0x80+Copy_u8Location); break;
    26ca:	8b 81       	ldd	r24, Y+3	; 0x03
    26cc:	80 58       	subi	r24, 0x80	; 128
    26ce:	0e 94 da 0e 	call	0x1db4	; 0x1db4 <LCD_voidSendCmnd>
    26d2:	06 c0       	rjmp	.+12     	; 0x26e0 <LCD_u8GoToxy+0x5e>
			case LCD_u8_LINE2: LCD_voidSendCmnd(0xc0+Copy_u8Location); break;
    26d4:	8b 81       	ldd	r24, Y+3	; 0x03
    26d6:	80 54       	subi	r24, 0x40	; 64
    26d8:	0e 94 da 0e 	call	0x1db4	; 0x1db4 <LCD_voidSendCmnd>
    26dc:	01 c0       	rjmp	.+2      	; 0x26e0 <LCD_u8GoToxy+0x5e>
		}
	}else
	{
	 Local_Error = STD_TYPES_NOK;
    26de:	19 82       	std	Y+1, r1	; 0x01
	}
	return Local_Error;
    26e0:	89 81       	ldd	r24, Y+1	; 0x01
}
    26e2:	0f 90       	pop	r0
    26e4:	0f 90       	pop	r0
    26e6:	0f 90       	pop	r0
    26e8:	0f 90       	pop	r0
    26ea:	0f 90       	pop	r0
    26ec:	cf 91       	pop	r28
    26ee:	df 91       	pop	r29
    26f0:	08 95       	ret

000026f2 <LCD_voidWriteSpecialChar>:
//////////////////////////////////////////////////////////////////////////////////////////////
void LCD_voidWriteSpecialChar(u8 Copy_u8CharNumInBinary, u8 Copy_u8CharNumInDismal , u8 *ptr, u8 Copy_u8NumLine , u8 Copy_u8Locationn)
{
    26f2:	0f 93       	push	r16
    26f4:	df 93       	push	r29
    26f6:	cf 93       	push	r28
    26f8:	00 d0       	rcall	.+0      	; 0x26fa <LCD_voidWriteSpecialChar+0x8>
    26fa:	00 d0       	rcall	.+0      	; 0x26fc <LCD_voidWriteSpecialChar+0xa>
    26fc:	00 d0       	rcall	.+0      	; 0x26fe <LCD_voidWriteSpecialChar+0xc>
    26fe:	cd b7       	in	r28, 0x3d	; 61
    2700:	de b7       	in	r29, 0x3e	; 62
    2702:	89 83       	std	Y+1, r24	; 0x01
    2704:	6a 83       	std	Y+2, r22	; 0x02
    2706:	5c 83       	std	Y+4, r21	; 0x04
    2708:	4b 83       	std	Y+3, r20	; 0x03
    270a:	2d 83       	std	Y+5, r18	; 0x05
    270c:	0e 83       	std	Y+6, r16	; 0x06
	 LCD_voidSendCmnd(Copy_u8CharNumInBinary);
    270e:	89 81       	ldd	r24, Y+1	; 0x01
    2710:	0e 94 da 0e 	call	0x1db4	; 0x1db4 <LCD_voidSendCmnd>
		 LCD_voidSendChar(ptr[0]);
    2714:	eb 81       	ldd	r30, Y+3	; 0x03
    2716:	fc 81       	ldd	r31, Y+4	; 0x04
    2718:	80 81       	ld	r24, Z
    271a:	0e 94 c4 0f 	call	0x1f88	; 0x1f88 <LCD_voidSendChar>
		 LCD_voidSendChar(ptr[1]);
    271e:	8b 81       	ldd	r24, Y+3	; 0x03
    2720:	9c 81       	ldd	r25, Y+4	; 0x04
    2722:	fc 01       	movw	r30, r24
    2724:	31 96       	adiw	r30, 0x01	; 1
    2726:	80 81       	ld	r24, Z
    2728:	0e 94 c4 0f 	call	0x1f88	; 0x1f88 <LCD_voidSendChar>
		 LCD_voidSendChar(ptr[2]);
    272c:	8b 81       	ldd	r24, Y+3	; 0x03
    272e:	9c 81       	ldd	r25, Y+4	; 0x04
    2730:	fc 01       	movw	r30, r24
    2732:	32 96       	adiw	r30, 0x02	; 2
    2734:	80 81       	ld	r24, Z
    2736:	0e 94 c4 0f 	call	0x1f88	; 0x1f88 <LCD_voidSendChar>
		 LCD_voidSendChar(ptr[3]);
    273a:	8b 81       	ldd	r24, Y+3	; 0x03
    273c:	9c 81       	ldd	r25, Y+4	; 0x04
    273e:	fc 01       	movw	r30, r24
    2740:	33 96       	adiw	r30, 0x03	; 3
    2742:	80 81       	ld	r24, Z
    2744:	0e 94 c4 0f 	call	0x1f88	; 0x1f88 <LCD_voidSendChar>
		 LCD_voidSendChar(ptr[4]);
    2748:	8b 81       	ldd	r24, Y+3	; 0x03
    274a:	9c 81       	ldd	r25, Y+4	; 0x04
    274c:	fc 01       	movw	r30, r24
    274e:	34 96       	adiw	r30, 0x04	; 4
    2750:	80 81       	ld	r24, Z
    2752:	0e 94 c4 0f 	call	0x1f88	; 0x1f88 <LCD_voidSendChar>
		 LCD_voidSendChar(ptr[5]);
    2756:	8b 81       	ldd	r24, Y+3	; 0x03
    2758:	9c 81       	ldd	r25, Y+4	; 0x04
    275a:	fc 01       	movw	r30, r24
    275c:	35 96       	adiw	r30, 0x05	; 5
    275e:	80 81       	ld	r24, Z
    2760:	0e 94 c4 0f 	call	0x1f88	; 0x1f88 <LCD_voidSendChar>
		 LCD_voidSendChar(ptr[6]);
    2764:	8b 81       	ldd	r24, Y+3	; 0x03
    2766:	9c 81       	ldd	r25, Y+4	; 0x04
    2768:	fc 01       	movw	r30, r24
    276a:	36 96       	adiw	r30, 0x06	; 6
    276c:	80 81       	ld	r24, Z
    276e:	0e 94 c4 0f 	call	0x1f88	; 0x1f88 <LCD_voidSendChar>
		 LCD_voidSendChar(ptr[7]);
    2772:	8b 81       	ldd	r24, Y+3	; 0x03
    2774:	9c 81       	ldd	r25, Y+4	; 0x04
    2776:	fc 01       	movw	r30, r24
    2778:	37 96       	adiw	r30, 0x07	; 7
    277a:	80 81       	ld	r24, Z
    277c:	0e 94 c4 0f 	call	0x1f88	; 0x1f88 <LCD_voidSendChar>
		 LCD_u8GoToxy(Copy_u8NumLine, Copy_u8Locationn);
    2780:	8d 81       	ldd	r24, Y+5	; 0x05
    2782:	6e 81       	ldd	r22, Y+6	; 0x06
    2784:	0e 94 41 13 	call	0x2682	; 0x2682 <LCD_u8GoToxy>
		LCD_voidSendChar(Copy_u8CharNumInDismal);
    2788:	8a 81       	ldd	r24, Y+2	; 0x02
    278a:	0e 94 c4 0f 	call	0x1f88	; 0x1f88 <LCD_voidSendChar>
}
    278e:	26 96       	adiw	r28, 0x06	; 6
    2790:	0f b6       	in	r0, 0x3f	; 63
    2792:	f8 94       	cli
    2794:	de bf       	out	0x3e, r29	; 62
    2796:	0f be       	out	0x3f, r0	; 63
    2798:	cd bf       	out	0x3d, r28	; 61
    279a:	cf 91       	pop	r28
    279c:	df 91       	pop	r29
    279e:	0f 91       	pop	r16
    27a0:	08 95       	ret

000027a2 <LCD_voidClearScreen>:

 //////////////////////////////////////////////////////////////////////////////////////////////
 
 void LCD_voidClearScreen(void)
 {
    27a2:	df 93       	push	r29
    27a4:	cf 93       	push	r28
    27a6:	cd b7       	in	r28, 0x3d	; 61
    27a8:	de b7       	in	r29, 0x3e	; 62
    27aa:	2e 97       	sbiw	r28, 0x0e	; 14
    27ac:	0f b6       	in	r0, 0x3f	; 63
    27ae:	f8 94       	cli
    27b0:	de bf       	out	0x3e, r29	; 62
    27b2:	0f be       	out	0x3f, r0	; 63
    27b4:	cd bf       	out	0x3d, r28	; 61
 	LCD_voidSendCmnd(0x01);
    27b6:	81 e0       	ldi	r24, 0x01	; 1
    27b8:	0e 94 da 0e 	call	0x1db4	; 0x1db4 <LCD_voidSendCmnd>
    27bc:	80 e0       	ldi	r24, 0x00	; 0
    27be:	90 e0       	ldi	r25, 0x00	; 0
    27c0:	a0 e0       	ldi	r26, 0x00	; 0
    27c2:	b0 e4       	ldi	r27, 0x40	; 64
    27c4:	8b 87       	std	Y+11, r24	; 0x0b
    27c6:	9c 87       	std	Y+12, r25	; 0x0c
    27c8:	ad 87       	std	Y+13, r26	; 0x0d
    27ca:	be 87       	std	Y+14, r27	; 0x0e
 */
void
_delay_ms(double __ms)
{
	uint16_t __ticks;
	double __tmp = ((F_CPU) / 4e3) * __ms;
    27cc:	6b 85       	ldd	r22, Y+11	; 0x0b
    27ce:	7c 85       	ldd	r23, Y+12	; 0x0c
    27d0:	8d 85       	ldd	r24, Y+13	; 0x0d
    27d2:	9e 85       	ldd	r25, Y+14	; 0x0e
    27d4:	20 e0       	ldi	r18, 0x00	; 0
    27d6:	30 e0       	ldi	r19, 0x00	; 0
    27d8:	4a ef       	ldi	r20, 0xFA	; 250
    27da:	54 e4       	ldi	r21, 0x44	; 68
    27dc:	0e 94 17 02 	call	0x42e	; 0x42e <__mulsf3>
    27e0:	dc 01       	movw	r26, r24
    27e2:	cb 01       	movw	r24, r22
    27e4:	8f 83       	std	Y+7, r24	; 0x07
    27e6:	98 87       	std	Y+8, r25	; 0x08
    27e8:	a9 87       	std	Y+9, r26	; 0x09
    27ea:	ba 87       	std	Y+10, r27	; 0x0a
	if (__tmp < 1.0)
    27ec:	6f 81       	ldd	r22, Y+7	; 0x07
    27ee:	78 85       	ldd	r23, Y+8	; 0x08
    27f0:	89 85       	ldd	r24, Y+9	; 0x09
    27f2:	9a 85       	ldd	r25, Y+10	; 0x0a
    27f4:	20 e0       	ldi	r18, 0x00	; 0
    27f6:	30 e0       	ldi	r19, 0x00	; 0
    27f8:	40 e8       	ldi	r20, 0x80	; 128
    27fa:	5f e3       	ldi	r21, 0x3F	; 63
    27fc:	0e 94 1d 04 	call	0x83a	; 0x83a <__ltsf2>
    2800:	88 23       	and	r24, r24
    2802:	2c f4       	brge	.+10     	; 0x280e <LCD_voidClearScreen+0x6c>
		__ticks = 1;
    2804:	81 e0       	ldi	r24, 0x01	; 1
    2806:	90 e0       	ldi	r25, 0x00	; 0
    2808:	9e 83       	std	Y+6, r25	; 0x06
    280a:	8d 83       	std	Y+5, r24	; 0x05
    280c:	3f c0       	rjmp	.+126    	; 0x288c <LCD_voidClearScreen+0xea>
	else if (__tmp > 65535)
    280e:	6f 81       	ldd	r22, Y+7	; 0x07
    2810:	78 85       	ldd	r23, Y+8	; 0x08
    2812:	89 85       	ldd	r24, Y+9	; 0x09
    2814:	9a 85       	ldd	r25, Y+10	; 0x0a
    2816:	20 e0       	ldi	r18, 0x00	; 0
    2818:	3f ef       	ldi	r19, 0xFF	; 255
    281a:	4f e7       	ldi	r20, 0x7F	; 127
    281c:	57 e4       	ldi	r21, 0x47	; 71
    281e:	0e 94 bd 03 	call	0x77a	; 0x77a <__gtsf2>
    2822:	18 16       	cp	r1, r24
    2824:	4c f5       	brge	.+82     	; 0x2878 <LCD_voidClearScreen+0xd6>
	{
		//	__ticks = requested delay in 1/10 ms
		__ticks = (uint16_t) (__ms * 10.0);
    2826:	6b 85       	ldd	r22, Y+11	; 0x0b
    2828:	7c 85       	ldd	r23, Y+12	; 0x0c
    282a:	8d 85       	ldd	r24, Y+13	; 0x0d
    282c:	9e 85       	ldd	r25, Y+14	; 0x0e
    282e:	20 e0       	ldi	r18, 0x00	; 0
    2830:	30 e0       	ldi	r19, 0x00	; 0
    2832:	40 e2       	ldi	r20, 0x20	; 32
    2834:	51 e4       	ldi	r21, 0x41	; 65
    2836:	0e 94 17 02 	call	0x42e	; 0x42e <__mulsf3>
    283a:	dc 01       	movw	r26, r24
    283c:	cb 01       	movw	r24, r22
    283e:	bc 01       	movw	r22, r24
    2840:	cd 01       	movw	r24, r26
    2842:	0e 94 41 00 	call	0x82	; 0x82 <__fixunssfsi>
    2846:	dc 01       	movw	r26, r24
    2848:	cb 01       	movw	r24, r22
    284a:	9e 83       	std	Y+6, r25	; 0x06
    284c:	8d 83       	std	Y+5, r24	; 0x05
    284e:	0f c0       	rjmp	.+30     	; 0x286e <LCD_voidClearScreen+0xcc>
    2850:	88 ec       	ldi	r24, 0xC8	; 200
    2852:	90 e0       	ldi	r25, 0x00	; 0
    2854:	9c 83       	std	Y+4, r25	; 0x04
    2856:	8b 83       	std	Y+3, r24	; 0x03
    milliseconds can be achieved.
 */
void
_delay_loop_2(uint16_t __count)
{
	__asm__ volatile (
    2858:	8b 81       	ldd	r24, Y+3	; 0x03
    285a:	9c 81       	ldd	r25, Y+4	; 0x04
    285c:	01 97       	sbiw	r24, 0x01	; 1
    285e:	f1 f7       	brne	.-4      	; 0x285c <LCD_voidClearScreen+0xba>
    2860:	9c 83       	std	Y+4, r25	; 0x04
    2862:	8b 83       	std	Y+3, r24	; 0x03
		while(__ticks)
		{
			// wait 1/10 ms
			_delay_loop_2(((F_CPU) / 4e3) / 10);
			__ticks --;
    2864:	8d 81       	ldd	r24, Y+5	; 0x05
    2866:	9e 81       	ldd	r25, Y+6	; 0x06
    2868:	01 97       	sbiw	r24, 0x01	; 1
    286a:	9e 83       	std	Y+6, r25	; 0x06
    286c:	8d 83       	std	Y+5, r24	; 0x05
		__ticks = 1;
	else if (__tmp > 65535)
	{
		//	__ticks = requested delay in 1/10 ms
		__ticks = (uint16_t) (__ms * 10.0);
		while(__ticks)
    286e:	8d 81       	ldd	r24, Y+5	; 0x05
    2870:	9e 81       	ldd	r25, Y+6	; 0x06
    2872:	00 97       	sbiw	r24, 0x00	; 0
    2874:	69 f7       	brne	.-38     	; 0x2850 <LCD_voidClearScreen+0xae>
    2876:	14 c0       	rjmp	.+40     	; 0x28a0 <LCD_voidClearScreen+0xfe>
			__ticks --;
		}
		return;
	}
	else
		__ticks = (uint16_t)__tmp;
    2878:	6f 81       	ldd	r22, Y+7	; 0x07
    287a:	78 85       	ldd	r23, Y+8	; 0x08
    287c:	89 85       	ldd	r24, Y+9	; 0x09
    287e:	9a 85       	ldd	r25, Y+10	; 0x0a
    2880:	0e 94 41 00 	call	0x82	; 0x82 <__fixunssfsi>
    2884:	dc 01       	movw	r26, r24
    2886:	cb 01       	movw	r24, r22
    2888:	9e 83       	std	Y+6, r25	; 0x06
    288a:	8d 83       	std	Y+5, r24	; 0x05
    288c:	8d 81       	ldd	r24, Y+5	; 0x05
    288e:	9e 81       	ldd	r25, Y+6	; 0x06
    2890:	9a 83       	std	Y+2, r25	; 0x02
    2892:	89 83       	std	Y+1, r24	; 0x01
    2894:	89 81       	ldd	r24, Y+1	; 0x01
    2896:	9a 81       	ldd	r25, Y+2	; 0x02
    2898:	01 97       	sbiw	r24, 0x01	; 1
    289a:	f1 f7       	brne	.-4      	; 0x2898 <LCD_voidClearScreen+0xf6>
    289c:	9a 83       	std	Y+2, r25	; 0x02
    289e:	89 83       	std	Y+1, r24	; 0x01
 	 _delay_ms(2);
 }
    28a0:	2e 96       	adiw	r28, 0x0e	; 14
    28a2:	0f b6       	in	r0, 0x3f	; 63
    28a4:	f8 94       	cli
    28a6:	de bf       	out	0x3e, r29	; 62
    28a8:	0f be       	out	0x3f, r0	; 63
    28aa:	cd bf       	out	0x3d, r28	; 61
    28ac:	cf 91       	pop	r28
    28ae:	df 91       	pop	r29
    28b0:	08 95       	ret

000028b2 <LCD_voidMoveToLeft>:
 
 //////////////////////////////////////////////////////////////////////////////////////////////
 
 void LCD_voidMoveToLeft			(void)
 {
    28b2:	df 93       	push	r29
    28b4:	cf 93       	push	r28
    28b6:	cd b7       	in	r28, 0x3d	; 61
    28b8:	de b7       	in	r29, 0x3e	; 62
    28ba:	2e 97       	sbiw	r28, 0x0e	; 14
    28bc:	0f b6       	in	r0, 0x3f	; 63
    28be:	f8 94       	cli
    28c0:	de bf       	out	0x3e, r29	; 62
    28c2:	0f be       	out	0x3f, r0	; 63
    28c4:	cd bf       	out	0x3d, r28	; 61
	  LCD_voidSendCmnd(0b00011000);
    28c6:	88 e1       	ldi	r24, 0x18	; 24
    28c8:	0e 94 da 0e 	call	0x1db4	; 0x1db4 <LCD_voidSendCmnd>
    28cc:	80 e0       	ldi	r24, 0x00	; 0
    28ce:	90 e0       	ldi	r25, 0x00	; 0
    28d0:	a8 ec       	ldi	r26, 0xC8	; 200
    28d2:	b2 e4       	ldi	r27, 0x42	; 66
    28d4:	8b 87       	std	Y+11, r24	; 0x0b
    28d6:	9c 87       	std	Y+12, r25	; 0x0c
    28d8:	ad 87       	std	Y+13, r26	; 0x0d
    28da:	be 87       	std	Y+14, r27	; 0x0e
 */
void
_delay_ms(double __ms)
{
	uint16_t __ticks;
	double __tmp = ((F_CPU) / 4e3) * __ms;
    28dc:	6b 85       	ldd	r22, Y+11	; 0x0b
    28de:	7c 85       	ldd	r23, Y+12	; 0x0c
    28e0:	8d 85       	ldd	r24, Y+13	; 0x0d
    28e2:	9e 85       	ldd	r25, Y+14	; 0x0e
    28e4:	20 e0       	ldi	r18, 0x00	; 0
    28e6:	30 e0       	ldi	r19, 0x00	; 0
    28e8:	4a ef       	ldi	r20, 0xFA	; 250
    28ea:	54 e4       	ldi	r21, 0x44	; 68
    28ec:	0e 94 17 02 	call	0x42e	; 0x42e <__mulsf3>
    28f0:	dc 01       	movw	r26, r24
    28f2:	cb 01       	movw	r24, r22
    28f4:	8f 83       	std	Y+7, r24	; 0x07
    28f6:	98 87       	std	Y+8, r25	; 0x08
    28f8:	a9 87       	std	Y+9, r26	; 0x09
    28fa:	ba 87       	std	Y+10, r27	; 0x0a
	if (__tmp < 1.0)
    28fc:	6f 81       	ldd	r22, Y+7	; 0x07
    28fe:	78 85       	ldd	r23, Y+8	; 0x08
    2900:	89 85       	ldd	r24, Y+9	; 0x09
    2902:	9a 85       	ldd	r25, Y+10	; 0x0a
    2904:	20 e0       	ldi	r18, 0x00	; 0
    2906:	30 e0       	ldi	r19, 0x00	; 0
    2908:	40 e8       	ldi	r20, 0x80	; 128
    290a:	5f e3       	ldi	r21, 0x3F	; 63
    290c:	0e 94 1d 04 	call	0x83a	; 0x83a <__ltsf2>
    2910:	88 23       	and	r24, r24
    2912:	2c f4       	brge	.+10     	; 0x291e <LCD_voidMoveToLeft+0x6c>
		__ticks = 1;
    2914:	81 e0       	ldi	r24, 0x01	; 1
    2916:	90 e0       	ldi	r25, 0x00	; 0
    2918:	9e 83       	std	Y+6, r25	; 0x06
    291a:	8d 83       	std	Y+5, r24	; 0x05
    291c:	3f c0       	rjmp	.+126    	; 0x299c <LCD_voidMoveToLeft+0xea>
	else if (__tmp > 65535)
    291e:	6f 81       	ldd	r22, Y+7	; 0x07
    2920:	78 85       	ldd	r23, Y+8	; 0x08
    2922:	89 85       	ldd	r24, Y+9	; 0x09
    2924:	9a 85       	ldd	r25, Y+10	; 0x0a
    2926:	20 e0       	ldi	r18, 0x00	; 0
    2928:	3f ef       	ldi	r19, 0xFF	; 255
    292a:	4f e7       	ldi	r20, 0x7F	; 127
    292c:	57 e4       	ldi	r21, 0x47	; 71
    292e:	0e 94 bd 03 	call	0x77a	; 0x77a <__gtsf2>
    2932:	18 16       	cp	r1, r24
    2934:	4c f5       	brge	.+82     	; 0x2988 <LCD_voidMoveToLeft+0xd6>
	{
		//	__ticks = requested delay in 1/10 ms
		__ticks = (uint16_t) (__ms * 10.0);
    2936:	6b 85       	ldd	r22, Y+11	; 0x0b
    2938:	7c 85       	ldd	r23, Y+12	; 0x0c
    293a:	8d 85       	ldd	r24, Y+13	; 0x0d
    293c:	9e 85       	ldd	r25, Y+14	; 0x0e
    293e:	20 e0       	ldi	r18, 0x00	; 0
    2940:	30 e0       	ldi	r19, 0x00	; 0
    2942:	40 e2       	ldi	r20, 0x20	; 32
    2944:	51 e4       	ldi	r21, 0x41	; 65
    2946:	0e 94 17 02 	call	0x42e	; 0x42e <__mulsf3>
    294a:	dc 01       	movw	r26, r24
    294c:	cb 01       	movw	r24, r22
    294e:	bc 01       	movw	r22, r24
    2950:	cd 01       	movw	r24, r26
    2952:	0e 94 41 00 	call	0x82	; 0x82 <__fixunssfsi>
    2956:	dc 01       	movw	r26, r24
    2958:	cb 01       	movw	r24, r22
    295a:	9e 83       	std	Y+6, r25	; 0x06
    295c:	8d 83       	std	Y+5, r24	; 0x05
    295e:	0f c0       	rjmp	.+30     	; 0x297e <LCD_voidMoveToLeft+0xcc>
    2960:	88 ec       	ldi	r24, 0xC8	; 200
    2962:	90 e0       	ldi	r25, 0x00	; 0
    2964:	9c 83       	std	Y+4, r25	; 0x04
    2966:	8b 83       	std	Y+3, r24	; 0x03
    2968:	8b 81       	ldd	r24, Y+3	; 0x03
    296a:	9c 81       	ldd	r25, Y+4	; 0x04
    296c:	01 97       	sbiw	r24, 0x01	; 1
    296e:	f1 f7       	brne	.-4      	; 0x296c <LCD_voidMoveToLeft+0xba>
    2970:	9c 83       	std	Y+4, r25	; 0x04
    2972:	8b 83       	std	Y+3, r24	; 0x03
		while(__ticks)
		{
			// wait 1/10 ms
			_delay_loop_2(((F_CPU) / 4e3) / 10);
			__ticks --;
    2974:	8d 81       	ldd	r24, Y+5	; 0x05
    2976:	9e 81       	ldd	r25, Y+6	; 0x06
    2978:	01 97       	sbiw	r24, 0x01	; 1
    297a:	9e 83       	std	Y+6, r25	; 0x06
    297c:	8d 83       	std	Y+5, r24	; 0x05
		__ticks = 1;
	else if (__tmp > 65535)
	{
		//	__ticks = requested delay in 1/10 ms
		__ticks = (uint16_t) (__ms * 10.0);
		while(__ticks)
    297e:	8d 81       	ldd	r24, Y+5	; 0x05
    2980:	9e 81       	ldd	r25, Y+6	; 0x06
    2982:	00 97       	sbiw	r24, 0x00	; 0
    2984:	69 f7       	brne	.-38     	; 0x2960 <LCD_voidMoveToLeft+0xae>
    2986:	14 c0       	rjmp	.+40     	; 0x29b0 <LCD_voidMoveToLeft+0xfe>
			__ticks --;
		}
		return;
	}
	else
		__ticks = (uint16_t)__tmp;
    2988:	6f 81       	ldd	r22, Y+7	; 0x07
    298a:	78 85       	ldd	r23, Y+8	; 0x08
    298c:	89 85       	ldd	r24, Y+9	; 0x09
    298e:	9a 85       	ldd	r25, Y+10	; 0x0a
    2990:	0e 94 41 00 	call	0x82	; 0x82 <__fixunssfsi>
    2994:	dc 01       	movw	r26, r24
    2996:	cb 01       	movw	r24, r22
    2998:	9e 83       	std	Y+6, r25	; 0x06
    299a:	8d 83       	std	Y+5, r24	; 0x05
    299c:	8d 81       	ldd	r24, Y+5	; 0x05
    299e:	9e 81       	ldd	r25, Y+6	; 0x06
    29a0:	9a 83       	std	Y+2, r25	; 0x02
    29a2:	89 83       	std	Y+1, r24	; 0x01
    29a4:	89 81       	ldd	r24, Y+1	; 0x01
    29a6:	9a 81       	ldd	r25, Y+2	; 0x02
    29a8:	01 97       	sbiw	r24, 0x01	; 1
    29aa:	f1 f7       	brne	.-4      	; 0x29a8 <LCD_voidMoveToLeft+0xf6>
    29ac:	9a 83       	std	Y+2, r25	; 0x02
    29ae:	89 83       	std	Y+1, r24	; 0x01
	 _delay_ms(100);
 }
    29b0:	2e 96       	adiw	r28, 0x0e	; 14
    29b2:	0f b6       	in	r0, 0x3f	; 63
    29b4:	f8 94       	cli
    29b6:	de bf       	out	0x3e, r29	; 62
    29b8:	0f be       	out	0x3f, r0	; 63
    29ba:	cd bf       	out	0x3d, r28	; 61
    29bc:	cf 91       	pop	r28
    29be:	df 91       	pop	r29
    29c0:	08 95       	ret

000029c2 <LCD_voidMoveToRight>:

 //////////////////////////////////////////////////////////////////////////////////////////////
 
 void LCD_voidMoveToRight		(void)
 {
    29c2:	df 93       	push	r29
    29c4:	cf 93       	push	r28
    29c6:	cd b7       	in	r28, 0x3d	; 61
    29c8:	de b7       	in	r29, 0x3e	; 62
    29ca:	2e 97       	sbiw	r28, 0x0e	; 14
    29cc:	0f b6       	in	r0, 0x3f	; 63
    29ce:	f8 94       	cli
    29d0:	de bf       	out	0x3e, r29	; 62
    29d2:	0f be       	out	0x3f, r0	; 63
    29d4:	cd bf       	out	0x3d, r28	; 61
	 LCD_voidSendCmnd(0b00011100);
    29d6:	8c e1       	ldi	r24, 0x1C	; 28
    29d8:	0e 94 da 0e 	call	0x1db4	; 0x1db4 <LCD_voidSendCmnd>
    29dc:	80 e0       	ldi	r24, 0x00	; 0
    29de:	90 e0       	ldi	r25, 0x00	; 0
    29e0:	a8 ec       	ldi	r26, 0xC8	; 200
    29e2:	b2 e4       	ldi	r27, 0x42	; 66
    29e4:	8b 87       	std	Y+11, r24	; 0x0b
    29e6:	9c 87       	std	Y+12, r25	; 0x0c
    29e8:	ad 87       	std	Y+13, r26	; 0x0d
    29ea:	be 87       	std	Y+14, r27	; 0x0e
 */
void
_delay_ms(double __ms)
{
	uint16_t __ticks;
	double __tmp = ((F_CPU) / 4e3) * __ms;
    29ec:	6b 85       	ldd	r22, Y+11	; 0x0b
    29ee:	7c 85       	ldd	r23, Y+12	; 0x0c
    29f0:	8d 85       	ldd	r24, Y+13	; 0x0d
    29f2:	9e 85       	ldd	r25, Y+14	; 0x0e
    29f4:	20 e0       	ldi	r18, 0x00	; 0
    29f6:	30 e0       	ldi	r19, 0x00	; 0
    29f8:	4a ef       	ldi	r20, 0xFA	; 250
    29fa:	54 e4       	ldi	r21, 0x44	; 68
    29fc:	0e 94 17 02 	call	0x42e	; 0x42e <__mulsf3>
    2a00:	dc 01       	movw	r26, r24
    2a02:	cb 01       	movw	r24, r22
    2a04:	8f 83       	std	Y+7, r24	; 0x07
    2a06:	98 87       	std	Y+8, r25	; 0x08
    2a08:	a9 87       	std	Y+9, r26	; 0x09
    2a0a:	ba 87       	std	Y+10, r27	; 0x0a
	if (__tmp < 1.0)
    2a0c:	6f 81       	ldd	r22, Y+7	; 0x07
    2a0e:	78 85       	ldd	r23, Y+8	; 0x08
    2a10:	89 85       	ldd	r24, Y+9	; 0x09
    2a12:	9a 85       	ldd	r25, Y+10	; 0x0a
    2a14:	20 e0       	ldi	r18, 0x00	; 0
    2a16:	30 e0       	ldi	r19, 0x00	; 0
    2a18:	40 e8       	ldi	r20, 0x80	; 128
    2a1a:	5f e3       	ldi	r21, 0x3F	; 63
    2a1c:	0e 94 1d 04 	call	0x83a	; 0x83a <__ltsf2>
    2a20:	88 23       	and	r24, r24
    2a22:	2c f4       	brge	.+10     	; 0x2a2e <LCD_voidMoveToRight+0x6c>
		__ticks = 1;
    2a24:	81 e0       	ldi	r24, 0x01	; 1
    2a26:	90 e0       	ldi	r25, 0x00	; 0
    2a28:	9e 83       	std	Y+6, r25	; 0x06
    2a2a:	8d 83       	std	Y+5, r24	; 0x05
    2a2c:	3f c0       	rjmp	.+126    	; 0x2aac <LCD_voidMoveToRight+0xea>
	else if (__tmp > 65535)
    2a2e:	6f 81       	ldd	r22, Y+7	; 0x07
    2a30:	78 85       	ldd	r23, Y+8	; 0x08
    2a32:	89 85       	ldd	r24, Y+9	; 0x09
    2a34:	9a 85       	ldd	r25, Y+10	; 0x0a
    2a36:	20 e0       	ldi	r18, 0x00	; 0
    2a38:	3f ef       	ldi	r19, 0xFF	; 255
    2a3a:	4f e7       	ldi	r20, 0x7F	; 127
    2a3c:	57 e4       	ldi	r21, 0x47	; 71
    2a3e:	0e 94 bd 03 	call	0x77a	; 0x77a <__gtsf2>
    2a42:	18 16       	cp	r1, r24
    2a44:	4c f5       	brge	.+82     	; 0x2a98 <LCD_voidMoveToRight+0xd6>
	{
		//	__ticks = requested delay in 1/10 ms
		__ticks = (uint16_t) (__ms * 10.0);
    2a46:	6b 85       	ldd	r22, Y+11	; 0x0b
    2a48:	7c 85       	ldd	r23, Y+12	; 0x0c
    2a4a:	8d 85       	ldd	r24, Y+13	; 0x0d
    2a4c:	9e 85       	ldd	r25, Y+14	; 0x0e
    2a4e:	20 e0       	ldi	r18, 0x00	; 0
    2a50:	30 e0       	ldi	r19, 0x00	; 0
    2a52:	40 e2       	ldi	r20, 0x20	; 32
    2a54:	51 e4       	ldi	r21, 0x41	; 65
    2a56:	0e 94 17 02 	call	0x42e	; 0x42e <__mulsf3>
    2a5a:	dc 01       	movw	r26, r24
    2a5c:	cb 01       	movw	r24, r22
    2a5e:	bc 01       	movw	r22, r24
    2a60:	cd 01       	movw	r24, r26
    2a62:	0e 94 41 00 	call	0x82	; 0x82 <__fixunssfsi>
    2a66:	dc 01       	movw	r26, r24
    2a68:	cb 01       	movw	r24, r22
    2a6a:	9e 83       	std	Y+6, r25	; 0x06
    2a6c:	8d 83       	std	Y+5, r24	; 0x05
    2a6e:	0f c0       	rjmp	.+30     	; 0x2a8e <LCD_voidMoveToRight+0xcc>
    2a70:	88 ec       	ldi	r24, 0xC8	; 200
    2a72:	90 e0       	ldi	r25, 0x00	; 0
    2a74:	9c 83       	std	Y+4, r25	; 0x04
    2a76:	8b 83       	std	Y+3, r24	; 0x03
    2a78:	8b 81       	ldd	r24, Y+3	; 0x03
    2a7a:	9c 81       	ldd	r25, Y+4	; 0x04
    2a7c:	01 97       	sbiw	r24, 0x01	; 1
    2a7e:	f1 f7       	brne	.-4      	; 0x2a7c <LCD_voidMoveToRight+0xba>
    2a80:	9c 83       	std	Y+4, r25	; 0x04
    2a82:	8b 83       	std	Y+3, r24	; 0x03
		while(__ticks)
		{
			// wait 1/10 ms
			_delay_loop_2(((F_CPU) / 4e3) / 10);
			__ticks --;
    2a84:	8d 81       	ldd	r24, Y+5	; 0x05
    2a86:	9e 81       	ldd	r25, Y+6	; 0x06
    2a88:	01 97       	sbiw	r24, 0x01	; 1
    2a8a:	9e 83       	std	Y+6, r25	; 0x06
    2a8c:	8d 83       	std	Y+5, r24	; 0x05
		__ticks = 1;
	else if (__tmp > 65535)
	{
		//	__ticks = requested delay in 1/10 ms
		__ticks = (uint16_t) (__ms * 10.0);
		while(__ticks)
    2a8e:	8d 81       	ldd	r24, Y+5	; 0x05
    2a90:	9e 81       	ldd	r25, Y+6	; 0x06
    2a92:	00 97       	sbiw	r24, 0x00	; 0
    2a94:	69 f7       	brne	.-38     	; 0x2a70 <LCD_voidMoveToRight+0xae>
    2a96:	14 c0       	rjmp	.+40     	; 0x2ac0 <LCD_voidMoveToRight+0xfe>
			__ticks --;
		}
		return;
	}
	else
		__ticks = (uint16_t)__tmp;
    2a98:	6f 81       	ldd	r22, Y+7	; 0x07
    2a9a:	78 85       	ldd	r23, Y+8	; 0x08
    2a9c:	89 85       	ldd	r24, Y+9	; 0x09
    2a9e:	9a 85       	ldd	r25, Y+10	; 0x0a
    2aa0:	0e 94 41 00 	call	0x82	; 0x82 <__fixunssfsi>
    2aa4:	dc 01       	movw	r26, r24
    2aa6:	cb 01       	movw	r24, r22
    2aa8:	9e 83       	std	Y+6, r25	; 0x06
    2aaa:	8d 83       	std	Y+5, r24	; 0x05
    2aac:	8d 81       	ldd	r24, Y+5	; 0x05
    2aae:	9e 81       	ldd	r25, Y+6	; 0x06
    2ab0:	9a 83       	std	Y+2, r25	; 0x02
    2ab2:	89 83       	std	Y+1, r24	; 0x01
    2ab4:	89 81       	ldd	r24, Y+1	; 0x01
    2ab6:	9a 81       	ldd	r25, Y+2	; 0x02
    2ab8:	01 97       	sbiw	r24, 0x01	; 1
    2aba:	f1 f7       	brne	.-4      	; 0x2ab8 <LCD_voidMoveToRight+0xf6>
    2abc:	9a 83       	std	Y+2, r25	; 0x02
    2abe:	89 83       	std	Y+1, r24	; 0x01
	 _delay_ms(100);
 }
    2ac0:	2e 96       	adiw	r28, 0x0e	; 14
    2ac2:	0f b6       	in	r0, 0x3f	; 63
    2ac4:	f8 94       	cli
    2ac6:	de bf       	out	0x3e, r29	; 62
    2ac8:	0f be       	out	0x3f, r0	; 63
    2aca:	cd bf       	out	0x3d, r28	; 61
    2acc:	cf 91       	pop	r28
    2ace:	df 91       	pop	r29
    2ad0:	08 95       	ret

00002ad2 <Motor_Run>:
#include <avr/io.h>
#include <util/delay.h>

// Run selected motor
void Motor_Run(u8 motorPin)
 {
    2ad2:	df 93       	push	r29
    2ad4:	cf 93       	push	r28
    2ad6:	0f 92       	push	r0
    2ad8:	cd b7       	in	r28, 0x3d	; 61
    2ada:	de b7       	in	r29, 0x3e	; 62
    2adc:	89 83       	std	Y+1, r24	; 0x01
	if( motorPin == 0)
    2ade:	89 81       	ldd	r24, Y+1	; 0x01
    2ae0:	88 23       	and	r24, r24
    2ae2:	31 f4       	brne	.+12     	; 0x2af0 <Motor_Run+0x1e>
	   {
	      DIO_u8SetPinValue(DIO_u8_PORTC,DIO_u8_PIN0, DIO_HIGH);
    2ae4:	82 e0       	ldi	r24, 0x02	; 2
    2ae6:	60 e0       	ldi	r22, 0x00	; 0
    2ae8:	41 e0       	ldi	r20, 0x01	; 1
    2aea:	0e 94 c8 07 	call	0xf90	; 0xf90 <DIO_u8SetPinValue>
    2aee:	08 c0       	rjmp	.+16     	; 0x2b00 <Motor_Run+0x2e>
	   }
	else if (motorPin == 1)
    2af0:	89 81       	ldd	r24, Y+1	; 0x01
    2af2:	81 30       	cpi	r24, 0x01	; 1
    2af4:	29 f4       	brne	.+10     	; 0x2b00 <Motor_Run+0x2e>
	{
		DIO_u8SetPinValue(DIO_u8_PORTC,DIO_u8_PIN2, DIO_HIGH);
    2af6:	82 e0       	ldi	r24, 0x02	; 2
    2af8:	62 e0       	ldi	r22, 0x02	; 2
    2afa:	41 e0       	ldi	r20, 0x01	; 1
    2afc:	0e 94 c8 07 	call	0xf90	; 0xf90 <DIO_u8SetPinValue>
	}
 }
    2b00:	0f 90       	pop	r0
    2b02:	cf 91       	pop	r28
    2b04:	df 91       	pop	r29
    2b06:	08 95       	ret

00002b08 <Motor_Stop>:


// Stop selected motor
void Motor_Stop(u8 motorPin)
{
    2b08:	df 93       	push	r29
    2b0a:	cf 93       	push	r28
    2b0c:	0f 92       	push	r0
    2b0e:	cd b7       	in	r28, 0x3d	; 61
    2b10:	de b7       	in	r29, 0x3e	; 62
    2b12:	89 83       	std	Y+1, r24	; 0x01
	if( motorPin == 0)
    2b14:	89 81       	ldd	r24, Y+1	; 0x01
    2b16:	88 23       	and	r24, r24
    2b18:	31 f4       	brne	.+12     	; 0x2b26 <Motor_Stop+0x1e>
		   {
		      DIO_u8SetPinValue(DIO_u8_PORTC,DIO_u8_PIN0, DIO_LOW);
    2b1a:	82 e0       	ldi	r24, 0x02	; 2
    2b1c:	60 e0       	ldi	r22, 0x00	; 0
    2b1e:	40 e0       	ldi	r20, 0x00	; 0
    2b20:	0e 94 c8 07 	call	0xf90	; 0xf90 <DIO_u8SetPinValue>
    2b24:	08 c0       	rjmp	.+16     	; 0x2b36 <Motor_Stop+0x2e>
		   }
		else if (motorPin == 1)
    2b26:	89 81       	ldd	r24, Y+1	; 0x01
    2b28:	81 30       	cpi	r24, 0x01	; 1
    2b2a:	29 f4       	brne	.+10     	; 0x2b36 <Motor_Stop+0x2e>
		{
			DIO_u8SetPinValue(DIO_u8_PORTC,DIO_u8_PIN2, DIO_LOW);
    2b2c:	82 e0       	ldi	r24, 0x02	; 2
    2b2e:	62 e0       	ldi	r22, 0x02	; 2
    2b30:	40 e0       	ldi	r20, 0x00	; 0
    2b32:	0e 94 c8 07 	call	0xf90	; 0xf90 <DIO_u8SetPinValue>
		}
}
    2b36:	0f 90       	pop	r0
    2b38:	cf 91       	pop	r28
    2b3a:	df 91       	pop	r29
    2b3c:	08 95       	ret

00002b3e <Blink>:
// Blinking
void Blink (u8 port , u8 pin)
{    for (u8 i = 0; i < 6; i++)
    2b3e:	df 93       	push	r29
    2b40:	cf 93       	push	r28
    2b42:	cd b7       	in	r28, 0x3d	; 61
    2b44:	de b7       	in	r29, 0x3e	; 62
    2b46:	6f 97       	sbiw	r28, 0x1f	; 31
    2b48:	0f b6       	in	r0, 0x3f	; 63
    2b4a:	f8 94       	cli
    2b4c:	de bf       	out	0x3e, r29	; 62
    2b4e:	0f be       	out	0x3f, r0	; 63
    2b50:	cd bf       	out	0x3d, r28	; 61
    2b52:	8e 8f       	std	Y+30, r24	; 0x1e
    2b54:	6f 8f       	std	Y+31, r22	; 0x1f
    2b56:	1d 8e       	std	Y+29, r1	; 0x1d
    2b58:	f1 c0       	rjmp	.+482    	; 0x2d3c <Blink+0x1fe>
     {
	 DIO_u8SetPinValue( port, pin, DIO_HIGH);
    2b5a:	8e 8d       	ldd	r24, Y+30	; 0x1e
    2b5c:	6f 8d       	ldd	r22, Y+31	; 0x1f
    2b5e:	41 e0       	ldi	r20, 0x01	; 1
    2b60:	0e 94 c8 07 	call	0xf90	; 0xf90 <DIO_u8SetPinValue>
    2b64:	80 e0       	ldi	r24, 0x00	; 0
    2b66:	90 e0       	ldi	r25, 0x00	; 0
    2b68:	a8 ec       	ldi	r26, 0xC8	; 200
    2b6a:	b2 e4       	ldi	r27, 0x42	; 66
    2b6c:	89 8f       	std	Y+25, r24	; 0x19
    2b6e:	9a 8f       	std	Y+26, r25	; 0x1a
    2b70:	ab 8f       	std	Y+27, r26	; 0x1b
    2b72:	bc 8f       	std	Y+28, r27	; 0x1c
 */
void
_delay_ms(double __ms)
{
	uint16_t __ticks;
	double __tmp = ((F_CPU) / 4e3) * __ms;
    2b74:	69 8d       	ldd	r22, Y+25	; 0x19
    2b76:	7a 8d       	ldd	r23, Y+26	; 0x1a
    2b78:	8b 8d       	ldd	r24, Y+27	; 0x1b
    2b7a:	9c 8d       	ldd	r25, Y+28	; 0x1c
    2b7c:	20 e0       	ldi	r18, 0x00	; 0
    2b7e:	30 e0       	ldi	r19, 0x00	; 0
    2b80:	4a ef       	ldi	r20, 0xFA	; 250
    2b82:	54 e4       	ldi	r21, 0x44	; 68
    2b84:	0e 94 17 02 	call	0x42e	; 0x42e <__mulsf3>
    2b88:	dc 01       	movw	r26, r24
    2b8a:	cb 01       	movw	r24, r22
    2b8c:	8d 8b       	std	Y+21, r24	; 0x15
    2b8e:	9e 8b       	std	Y+22, r25	; 0x16
    2b90:	af 8b       	std	Y+23, r26	; 0x17
    2b92:	b8 8f       	std	Y+24, r27	; 0x18
	if (__tmp < 1.0)
    2b94:	6d 89       	ldd	r22, Y+21	; 0x15
    2b96:	7e 89       	ldd	r23, Y+22	; 0x16
    2b98:	8f 89       	ldd	r24, Y+23	; 0x17
    2b9a:	98 8d       	ldd	r25, Y+24	; 0x18
    2b9c:	20 e0       	ldi	r18, 0x00	; 0
    2b9e:	30 e0       	ldi	r19, 0x00	; 0
    2ba0:	40 e8       	ldi	r20, 0x80	; 128
    2ba2:	5f e3       	ldi	r21, 0x3F	; 63
    2ba4:	0e 94 1d 04 	call	0x83a	; 0x83a <__ltsf2>
    2ba8:	88 23       	and	r24, r24
    2baa:	2c f4       	brge	.+10     	; 0x2bb6 <Blink+0x78>
		__ticks = 1;
    2bac:	81 e0       	ldi	r24, 0x01	; 1
    2bae:	90 e0       	ldi	r25, 0x00	; 0
    2bb0:	9c 8b       	std	Y+20, r25	; 0x14
    2bb2:	8b 8b       	std	Y+19, r24	; 0x13
    2bb4:	3f c0       	rjmp	.+126    	; 0x2c34 <Blink+0xf6>
	else if (__tmp > 65535)
    2bb6:	6d 89       	ldd	r22, Y+21	; 0x15
    2bb8:	7e 89       	ldd	r23, Y+22	; 0x16
    2bba:	8f 89       	ldd	r24, Y+23	; 0x17
    2bbc:	98 8d       	ldd	r25, Y+24	; 0x18
    2bbe:	20 e0       	ldi	r18, 0x00	; 0
    2bc0:	3f ef       	ldi	r19, 0xFF	; 255
    2bc2:	4f e7       	ldi	r20, 0x7F	; 127
    2bc4:	57 e4       	ldi	r21, 0x47	; 71
    2bc6:	0e 94 bd 03 	call	0x77a	; 0x77a <__gtsf2>
    2bca:	18 16       	cp	r1, r24
    2bcc:	4c f5       	brge	.+82     	; 0x2c20 <Blink+0xe2>
	{
		//	__ticks = requested delay in 1/10 ms
		__ticks = (uint16_t) (__ms * 10.0);
    2bce:	69 8d       	ldd	r22, Y+25	; 0x19
    2bd0:	7a 8d       	ldd	r23, Y+26	; 0x1a
    2bd2:	8b 8d       	ldd	r24, Y+27	; 0x1b
    2bd4:	9c 8d       	ldd	r25, Y+28	; 0x1c
    2bd6:	20 e0       	ldi	r18, 0x00	; 0
    2bd8:	30 e0       	ldi	r19, 0x00	; 0
    2bda:	40 e2       	ldi	r20, 0x20	; 32
    2bdc:	51 e4       	ldi	r21, 0x41	; 65
    2bde:	0e 94 17 02 	call	0x42e	; 0x42e <__mulsf3>
    2be2:	dc 01       	movw	r26, r24
    2be4:	cb 01       	movw	r24, r22
    2be6:	bc 01       	movw	r22, r24
    2be8:	cd 01       	movw	r24, r26
    2bea:	0e 94 41 00 	call	0x82	; 0x82 <__fixunssfsi>
    2bee:	dc 01       	movw	r26, r24
    2bf0:	cb 01       	movw	r24, r22
    2bf2:	9c 8b       	std	Y+20, r25	; 0x14
    2bf4:	8b 8b       	std	Y+19, r24	; 0x13
    2bf6:	0f c0       	rjmp	.+30     	; 0x2c16 <Blink+0xd8>
    2bf8:	88 ec       	ldi	r24, 0xC8	; 200
    2bfa:	90 e0       	ldi	r25, 0x00	; 0
    2bfc:	9a 8b       	std	Y+18, r25	; 0x12
    2bfe:	89 8b       	std	Y+17, r24	; 0x11
    2c00:	89 89       	ldd	r24, Y+17	; 0x11
    2c02:	9a 89       	ldd	r25, Y+18	; 0x12
    2c04:	01 97       	sbiw	r24, 0x01	; 1
    2c06:	f1 f7       	brne	.-4      	; 0x2c04 <Blink+0xc6>
    2c08:	9a 8b       	std	Y+18, r25	; 0x12
    2c0a:	89 8b       	std	Y+17, r24	; 0x11
		while(__ticks)
		{
			// wait 1/10 ms
			_delay_loop_2(((F_CPU) / 4e3) / 10);
			__ticks --;
    2c0c:	8b 89       	ldd	r24, Y+19	; 0x13
    2c0e:	9c 89       	ldd	r25, Y+20	; 0x14
    2c10:	01 97       	sbiw	r24, 0x01	; 1
    2c12:	9c 8b       	std	Y+20, r25	; 0x14
    2c14:	8b 8b       	std	Y+19, r24	; 0x13
		__ticks = 1;
	else if (__tmp > 65535)
	{
		//	__ticks = requested delay in 1/10 ms
		__ticks = (uint16_t) (__ms * 10.0);
		while(__ticks)
    2c16:	8b 89       	ldd	r24, Y+19	; 0x13
    2c18:	9c 89       	ldd	r25, Y+20	; 0x14
    2c1a:	00 97       	sbiw	r24, 0x00	; 0
    2c1c:	69 f7       	brne	.-38     	; 0x2bf8 <Blink+0xba>
    2c1e:	14 c0       	rjmp	.+40     	; 0x2c48 <Blink+0x10a>
			__ticks --;
		}
		return;
	}
	else
		__ticks = (uint16_t)__tmp;
    2c20:	6d 89       	ldd	r22, Y+21	; 0x15
    2c22:	7e 89       	ldd	r23, Y+22	; 0x16
    2c24:	8f 89       	ldd	r24, Y+23	; 0x17
    2c26:	98 8d       	ldd	r25, Y+24	; 0x18
    2c28:	0e 94 41 00 	call	0x82	; 0x82 <__fixunssfsi>
    2c2c:	dc 01       	movw	r26, r24
    2c2e:	cb 01       	movw	r24, r22
    2c30:	9c 8b       	std	Y+20, r25	; 0x14
    2c32:	8b 8b       	std	Y+19, r24	; 0x13
    2c34:	8b 89       	ldd	r24, Y+19	; 0x13
    2c36:	9c 89       	ldd	r25, Y+20	; 0x14
    2c38:	98 8b       	std	Y+16, r25	; 0x10
    2c3a:	8f 87       	std	Y+15, r24	; 0x0f
    2c3c:	8f 85       	ldd	r24, Y+15	; 0x0f
    2c3e:	98 89       	ldd	r25, Y+16	; 0x10
    2c40:	01 97       	sbiw	r24, 0x01	; 1
    2c42:	f1 f7       	brne	.-4      	; 0x2c40 <Blink+0x102>
    2c44:	98 8b       	std	Y+16, r25	; 0x10
    2c46:	8f 87       	std	Y+15, r24	; 0x0f
	 _delay_ms(100);
	 DIO_u8SetPinValue( port, pin, DIO_LOW);
    2c48:	8e 8d       	ldd	r24, Y+30	; 0x1e
    2c4a:	6f 8d       	ldd	r22, Y+31	; 0x1f
    2c4c:	40 e0       	ldi	r20, 0x00	; 0
    2c4e:	0e 94 c8 07 	call	0xf90	; 0xf90 <DIO_u8SetPinValue>
    2c52:	80 e0       	ldi	r24, 0x00	; 0
    2c54:	90 e0       	ldi	r25, 0x00	; 0
    2c56:	a8 ec       	ldi	r26, 0xC8	; 200
    2c58:	b2 e4       	ldi	r27, 0x42	; 66
    2c5a:	8b 87       	std	Y+11, r24	; 0x0b
    2c5c:	9c 87       	std	Y+12, r25	; 0x0c
    2c5e:	ad 87       	std	Y+13, r26	; 0x0d
    2c60:	be 87       	std	Y+14, r27	; 0x0e
 */
void
_delay_ms(double __ms)
{
	uint16_t __ticks;
	double __tmp = ((F_CPU) / 4e3) * __ms;
    2c62:	6b 85       	ldd	r22, Y+11	; 0x0b
    2c64:	7c 85       	ldd	r23, Y+12	; 0x0c
    2c66:	8d 85       	ldd	r24, Y+13	; 0x0d
    2c68:	9e 85       	ldd	r25, Y+14	; 0x0e
    2c6a:	20 e0       	ldi	r18, 0x00	; 0
    2c6c:	30 e0       	ldi	r19, 0x00	; 0
    2c6e:	4a ef       	ldi	r20, 0xFA	; 250
    2c70:	54 e4       	ldi	r21, 0x44	; 68
    2c72:	0e 94 17 02 	call	0x42e	; 0x42e <__mulsf3>
    2c76:	dc 01       	movw	r26, r24
    2c78:	cb 01       	movw	r24, r22
    2c7a:	8f 83       	std	Y+7, r24	; 0x07
    2c7c:	98 87       	std	Y+8, r25	; 0x08
    2c7e:	a9 87       	std	Y+9, r26	; 0x09
    2c80:	ba 87       	std	Y+10, r27	; 0x0a
	if (__tmp < 1.0)
    2c82:	6f 81       	ldd	r22, Y+7	; 0x07
    2c84:	78 85       	ldd	r23, Y+8	; 0x08
    2c86:	89 85       	ldd	r24, Y+9	; 0x09
    2c88:	9a 85       	ldd	r25, Y+10	; 0x0a
    2c8a:	20 e0       	ldi	r18, 0x00	; 0
    2c8c:	30 e0       	ldi	r19, 0x00	; 0
    2c8e:	40 e8       	ldi	r20, 0x80	; 128
    2c90:	5f e3       	ldi	r21, 0x3F	; 63
    2c92:	0e 94 1d 04 	call	0x83a	; 0x83a <__ltsf2>
    2c96:	88 23       	and	r24, r24
    2c98:	2c f4       	brge	.+10     	; 0x2ca4 <Blink+0x166>
		__ticks = 1;
    2c9a:	81 e0       	ldi	r24, 0x01	; 1
    2c9c:	90 e0       	ldi	r25, 0x00	; 0
    2c9e:	9e 83       	std	Y+6, r25	; 0x06
    2ca0:	8d 83       	std	Y+5, r24	; 0x05
    2ca2:	3f c0       	rjmp	.+126    	; 0x2d22 <Blink+0x1e4>
	else if (__tmp > 65535)
    2ca4:	6f 81       	ldd	r22, Y+7	; 0x07
    2ca6:	78 85       	ldd	r23, Y+8	; 0x08
    2ca8:	89 85       	ldd	r24, Y+9	; 0x09
    2caa:	9a 85       	ldd	r25, Y+10	; 0x0a
    2cac:	20 e0       	ldi	r18, 0x00	; 0
    2cae:	3f ef       	ldi	r19, 0xFF	; 255
    2cb0:	4f e7       	ldi	r20, 0x7F	; 127
    2cb2:	57 e4       	ldi	r21, 0x47	; 71
    2cb4:	0e 94 bd 03 	call	0x77a	; 0x77a <__gtsf2>
    2cb8:	18 16       	cp	r1, r24
    2cba:	4c f5       	brge	.+82     	; 0x2d0e <Blink+0x1d0>
	{
		//	__ticks = requested delay in 1/10 ms
		__ticks = (uint16_t) (__ms * 10.0);
    2cbc:	6b 85       	ldd	r22, Y+11	; 0x0b
    2cbe:	7c 85       	ldd	r23, Y+12	; 0x0c
    2cc0:	8d 85       	ldd	r24, Y+13	; 0x0d
    2cc2:	9e 85       	ldd	r25, Y+14	; 0x0e
    2cc4:	20 e0       	ldi	r18, 0x00	; 0
    2cc6:	30 e0       	ldi	r19, 0x00	; 0
    2cc8:	40 e2       	ldi	r20, 0x20	; 32
    2cca:	51 e4       	ldi	r21, 0x41	; 65
    2ccc:	0e 94 17 02 	call	0x42e	; 0x42e <__mulsf3>
    2cd0:	dc 01       	movw	r26, r24
    2cd2:	cb 01       	movw	r24, r22
    2cd4:	bc 01       	movw	r22, r24
    2cd6:	cd 01       	movw	r24, r26
    2cd8:	0e 94 41 00 	call	0x82	; 0x82 <__fixunssfsi>
    2cdc:	dc 01       	movw	r26, r24
    2cde:	cb 01       	movw	r24, r22
    2ce0:	9e 83       	std	Y+6, r25	; 0x06
    2ce2:	8d 83       	std	Y+5, r24	; 0x05
    2ce4:	0f c0       	rjmp	.+30     	; 0x2d04 <Blink+0x1c6>
    2ce6:	88 ec       	ldi	r24, 0xC8	; 200
    2ce8:	90 e0       	ldi	r25, 0x00	; 0
    2cea:	9c 83       	std	Y+4, r25	; 0x04
    2cec:	8b 83       	std	Y+3, r24	; 0x03
    2cee:	8b 81       	ldd	r24, Y+3	; 0x03
    2cf0:	9c 81       	ldd	r25, Y+4	; 0x04
    2cf2:	01 97       	sbiw	r24, 0x01	; 1
    2cf4:	f1 f7       	brne	.-4      	; 0x2cf2 <Blink+0x1b4>
    2cf6:	9c 83       	std	Y+4, r25	; 0x04
    2cf8:	8b 83       	std	Y+3, r24	; 0x03
		while(__ticks)
		{
			// wait 1/10 ms
			_delay_loop_2(((F_CPU) / 4e3) / 10);
			__ticks --;
    2cfa:	8d 81       	ldd	r24, Y+5	; 0x05
    2cfc:	9e 81       	ldd	r25, Y+6	; 0x06
    2cfe:	01 97       	sbiw	r24, 0x01	; 1
    2d00:	9e 83       	std	Y+6, r25	; 0x06
    2d02:	8d 83       	std	Y+5, r24	; 0x05
		__ticks = 1;
	else if (__tmp > 65535)
	{
		//	__ticks = requested delay in 1/10 ms
		__ticks = (uint16_t) (__ms * 10.0);
		while(__ticks)
    2d04:	8d 81       	ldd	r24, Y+5	; 0x05
    2d06:	9e 81       	ldd	r25, Y+6	; 0x06
    2d08:	00 97       	sbiw	r24, 0x00	; 0
    2d0a:	69 f7       	brne	.-38     	; 0x2ce6 <Blink+0x1a8>
    2d0c:	14 c0       	rjmp	.+40     	; 0x2d36 <Blink+0x1f8>
			__ticks --;
		}
		return;
	}
	else
		__ticks = (uint16_t)__tmp;
    2d0e:	6f 81       	ldd	r22, Y+7	; 0x07
    2d10:	78 85       	ldd	r23, Y+8	; 0x08
    2d12:	89 85       	ldd	r24, Y+9	; 0x09
    2d14:	9a 85       	ldd	r25, Y+10	; 0x0a
    2d16:	0e 94 41 00 	call	0x82	; 0x82 <__fixunssfsi>
    2d1a:	dc 01       	movw	r26, r24
    2d1c:	cb 01       	movw	r24, r22
    2d1e:	9e 83       	std	Y+6, r25	; 0x06
    2d20:	8d 83       	std	Y+5, r24	; 0x05
    2d22:	8d 81       	ldd	r24, Y+5	; 0x05
    2d24:	9e 81       	ldd	r25, Y+6	; 0x06
    2d26:	9a 83       	std	Y+2, r25	; 0x02
    2d28:	89 83       	std	Y+1, r24	; 0x01
    2d2a:	89 81       	ldd	r24, Y+1	; 0x01
    2d2c:	9a 81       	ldd	r25, Y+2	; 0x02
    2d2e:	01 97       	sbiw	r24, 0x01	; 1
    2d30:	f1 f7       	brne	.-4      	; 0x2d2e <Blink+0x1f0>
    2d32:	9a 83       	std	Y+2, r25	; 0x02
    2d34:	89 83       	std	Y+1, r24	; 0x01
			DIO_u8SetPinValue(DIO_u8_PORTC,DIO_u8_PIN2, DIO_LOW);
		}
}
// Blinking
void Blink (u8 port , u8 pin)
{    for (u8 i = 0; i < 6; i++)
    2d36:	8d 8d       	ldd	r24, Y+29	; 0x1d
    2d38:	8f 5f       	subi	r24, 0xFF	; 255
    2d3a:	8d 8f       	std	Y+29, r24	; 0x1d
    2d3c:	8d 8d       	ldd	r24, Y+29	; 0x1d
    2d3e:	86 30       	cpi	r24, 0x06	; 6
    2d40:	08 f4       	brcc	.+2      	; 0x2d44 <Blink+0x206>
    2d42:	0b cf       	rjmp	.-490    	; 0x2b5a <Blink+0x1c>
	 DIO_u8SetPinValue( port, pin, DIO_HIGH);
	 _delay_ms(100);
	 DIO_u8SetPinValue( port, pin, DIO_LOW);
	 _delay_ms(100);
     }
}
    2d44:	6f 96       	adiw	r28, 0x1f	; 31
    2d46:	0f b6       	in	r0, 0x3f	; 63
    2d48:	f8 94       	cli
    2d4a:	de bf       	out	0x3e, r29	; 62
    2d4c:	0f be       	out	0x3f, r0	; 63
    2d4e:	cd bf       	out	0x3d, r28	; 61
    2d50:	cf 91       	pop	r28
    2d52:	df 91       	pop	r29
    2d54:	08 95       	ret

00002d56 <main>:

int main(void)
{
    2d56:	0f 93       	push	r16
    2d58:	1f 93       	push	r17
    2d5a:	df 93       	push	r29
    2d5c:	cf 93       	push	r28
    2d5e:	cd b7       	in	r28, 0x3d	; 61
    2d60:	de b7       	in	r29, 0x3e	; 62
    2d62:	c3 56       	subi	r28, 0x63	; 99
    2d64:	d0 40       	sbci	r29, 0x00	; 0
    2d66:	0f b6       	in	r0, 0x3f	; 63
    2d68:	f8 94       	cli
    2d6a:	de bf       	out	0x3e, r29	; 62
    2d6c:	0f be       	out	0x3f, r0	; 63
    2d6e:	cd bf       	out	0x3d, r28	; 61
        0b01010,
        0b00000,
        0b10001,
        0b01110,
        0b00000,
        0b00000};
    2d70:	ce 01       	movw	r24, r28
    2d72:	80 5b       	subi	r24, 0xB0	; 176
    2d74:	9f 4f       	sbci	r25, 0xFF	; 255
    2d76:	a1 96       	adiw	r28, 0x21	; 33
    2d78:	9f af       	std	Y+63, r25	; 0x3f
    2d7a:	8e af       	std	Y+62, r24	; 0x3e
    2d7c:	a1 97       	sbiw	r28, 0x21	; 33
    2d7e:	80 ef       	ldi	r24, 0xF0	; 240
    2d80:	90 e0       	ldi	r25, 0x00	; 0
    2d82:	a3 96       	adiw	r28, 0x23	; 35
    2d84:	9f af       	std	Y+63, r25	; 0x3f
    2d86:	8e af       	std	Y+62, r24	; 0x3e
    2d88:	a3 97       	sbiw	r28, 0x23	; 35
    2d8a:	98 e0       	ldi	r25, 0x08	; 8
    2d8c:	a4 96       	adiw	r28, 0x24	; 36
    2d8e:	9f af       	std	Y+63, r25	; 0x3f
    2d90:	a4 97       	sbiw	r28, 0x24	; 36
    2d92:	a3 96       	adiw	r28, 0x23	; 35
    2d94:	ee ad       	ldd	r30, Y+62	; 0x3e
    2d96:	ff ad       	ldd	r31, Y+63	; 0x3f
    2d98:	a3 97       	sbiw	r28, 0x23	; 35
    2d9a:	00 80       	ld	r0, Z
    2d9c:	a3 96       	adiw	r28, 0x23	; 35
    2d9e:	8e ad       	ldd	r24, Y+62	; 0x3e
    2da0:	9f ad       	ldd	r25, Y+63	; 0x3f
    2da2:	a3 97       	sbiw	r28, 0x23	; 35
    2da4:	01 96       	adiw	r24, 0x01	; 1
    2da6:	a3 96       	adiw	r28, 0x23	; 35
    2da8:	9f af       	std	Y+63, r25	; 0x3f
    2daa:	8e af       	std	Y+62, r24	; 0x3e
    2dac:	a3 97       	sbiw	r28, 0x23	; 35
    2dae:	a1 96       	adiw	r28, 0x21	; 33
    2db0:	ee ad       	ldd	r30, Y+62	; 0x3e
    2db2:	ff ad       	ldd	r31, Y+63	; 0x3f
    2db4:	a1 97       	sbiw	r28, 0x21	; 33
    2db6:	00 82       	st	Z, r0
    2db8:	a1 96       	adiw	r28, 0x21	; 33
    2dba:	8e ad       	ldd	r24, Y+62	; 0x3e
    2dbc:	9f ad       	ldd	r25, Y+63	; 0x3f
    2dbe:	a1 97       	sbiw	r28, 0x21	; 33
    2dc0:	01 96       	adiw	r24, 0x01	; 1
    2dc2:	a1 96       	adiw	r28, 0x21	; 33
    2dc4:	9f af       	std	Y+63, r25	; 0x3f
    2dc6:	8e af       	std	Y+62, r24	; 0x3e
    2dc8:	a1 97       	sbiw	r28, 0x21	; 33
    2dca:	a4 96       	adiw	r28, 0x24	; 36
    2dcc:	9f ad       	ldd	r25, Y+63	; 0x3f
    2dce:	a4 97       	sbiw	r28, 0x24	; 36
    2dd0:	91 50       	subi	r25, 0x01	; 1
    2dd2:	a4 96       	adiw	r28, 0x24	; 36
    2dd4:	9f af       	std	Y+63, r25	; 0x3f
    2dd6:	a4 97       	sbiw	r28, 0x24	; 36
    2dd8:	a4 96       	adiw	r28, 0x24	; 36
    2dda:	ef ad       	ldd	r30, Y+63	; 0x3f
    2ddc:	a4 97       	sbiw	r28, 0x24	; 36
    2dde:	ee 23       	and	r30, r30
    2de0:	c1 f6       	brne	.-80     	; 0x2d92 <main+0x3c>


    u8 key;
    u16 soldCount[2] = {0};
    2de2:	fe 01       	movw	r30, r28
    2de4:	e7 5a       	subi	r30, 0xA7	; 167
    2de6:	ff 4f       	sbci	r31, 0xFF	; 255
    2de8:	10 82       	st	Z, r1
    2dea:	11 82       	std	Z+1, r1	; 0x01
    2dec:	12 82       	std	Z+2, r1	; 0x02
    2dee:	13 82       	std	Z+3, r1	; 0x03
    u16 balance = 0;
    2df0:	fe 01       	movw	r30, r28
    2df2:	e2 5b       	subi	r30, 0xB2	; 178
    2df4:	ff 4f       	sbci	r31, 0xFF	; 255
    2df6:	11 82       	std	Z+1, r1	; 0x01
    2df8:	10 82       	st	Z, r1
    u16 users = 0;
    2dfa:	fe 01       	movw	r30, r28
    2dfc:	e4 5b       	subi	r30, 0xB4	; 180
    2dfe:	ff 4f       	sbci	r31, 0xFF	; 255
    2e00:	11 82       	std	Z+1, r1	; 0x01
    2e02:	10 82       	st	Z, r1
    u16 cash = 0;
    2e04:	fe 01       	movw	r30, r28
    2e06:	e6 5b       	subi	r30, 0xB6	; 182
    2e08:	ff 4f       	sbci	r31, 0xFF	; 255
    2e0a:	11 82       	std	Z+1, r1	; 0x01
    2e0c:	10 82       	st	Z, r1
    u8 item = 0;
    2e0e:	fe 01       	movw	r30, r28
    2e10:	e7 5b       	subi	r30, 0xB7	; 183
    2e12:	ff 4f       	sbci	r31, 0xFF	; 255
    2e14:	10 82       	st	Z, r1
    u16 remaining = 0;
    2e16:	fe 01       	movw	r30, r28
    2e18:	e9 5b       	subi	r30, 0xB9	; 185
    2e1a:	ff 4f       	sbci	r31, 0xFF	; 255
    2e1c:	11 82       	std	Z+1, r1	; 0x01
    2e1e:	10 82       	st	Z, r1
    u8 prices[2] = {10 , 15};
    2e20:	fe 01       	movw	r30, r28
    2e22:	e3 5a       	subi	r30, 0xA3	; 163
    2e24:	ff 4f       	sbci	r31, 0xFF	; 255
    2e26:	8a e0       	ldi	r24, 0x0A	; 10
    2e28:	80 83       	st	Z, r24
    2e2a:	fe 01       	movw	r30, r28
    2e2c:	e3 5a       	subi	r30, 0xA3	; 163
    2e2e:	ff 4f       	sbci	r31, 0xFF	; 255
    2e30:	8f e0       	ldi	r24, 0x0F	; 15
    2e32:	81 83       	std	Z+1, r24	; 0x01

    DIO_voidInit();
    2e34:	0e 94 7a 06 	call	0xcf4	; 0xcf4 <DIO_voidInit>
    LCD_voidInit();
    2e38:	0e 94 f3 0c 	call	0x19e6	; 0x19e6 <LCD_voidInit>
    while (1)
    {
    	restart:
        balance = 0; // Reset for new customer
    2e3c:	fe 01       	movw	r30, r28
    2e3e:	e2 5b       	subi	r30, 0xB2	; 178
    2e40:	ff 4f       	sbci	r31, 0xFF	; 255
    2e42:	11 82       	std	Z+1, r1	; 0x01
    2e44:	10 82       	st	Z, r1
        LCD_voidClearScreen();
    2e46:	0e 94 d1 13 	call	0x27a2	; 0x27a2 <LCD_voidClearScreen>
        LCD_voidSendString("Enter Balance", 14);
    2e4a:	80 e6       	ldi	r24, 0x60	; 96
    2e4c:	90 e0       	ldi	r25, 0x00	; 0
    2e4e:	6e e0       	ldi	r22, 0x0E	; 14
    2e50:	0e 94 ae 10 	call	0x215c	; 0x215c <LCD_voidSendString>
        LCD_u8GoToxy(2, 0);
    2e54:	82 e0       	ldi	r24, 0x02	; 2
    2e56:	60 e0       	ldi	r22, 0x00	; 0
    2e58:	0e 94 41 13 	call	0x2682	; 0x2682 <LCD_u8GoToxy>

        // Balance entry
        while (1)
        {
            KPD_u8GetKeyState(&key);
    2e5c:	ce 01       	movw	r24, r28
    2e5e:	88 5a       	subi	r24, 0xA8	; 168
    2e60:	9f 4f       	sbci	r25, 0xFF	; 255
    2e62:	0e 94 47 0a 	call	0x148e	; 0x148e <KPD_u8GetKeyState>
            if (key != KPD_u8_KEY_NOT_PRESSED)
    2e66:	fe 01       	movw	r30, r28
    2e68:	e8 5a       	subi	r30, 0xA8	; 168
    2e6a:	ff 4f       	sbci	r31, 0xFF	; 255
    2e6c:	80 81       	ld	r24, Z
    2e6e:	8f 3f       	cpi	r24, 0xFF	; 255
    2e70:	a9 f3       	breq	.-22     	; 0x2e5c <main+0x106>
            {
                 if (key >= '0' && key <= '9')
    2e72:	fe 01       	movw	r30, r28
    2e74:	e8 5a       	subi	r30, 0xA8	; 168
    2e76:	ff 4f       	sbci	r31, 0xFF	; 255
    2e78:	80 81       	ld	r24, Z
    2e7a:	80 33       	cpi	r24, 0x30	; 48
    2e7c:	50 f1       	brcs	.+84     	; 0x2ed2 <main+0x17c>
    2e7e:	fe 01       	movw	r30, r28
    2e80:	e8 5a       	subi	r30, 0xA8	; 168
    2e82:	ff 4f       	sbci	r31, 0xFF	; 255
    2e84:	80 81       	ld	r24, Z
    2e86:	8a 33       	cpi	r24, 0x3A	; 58
    2e88:	20 f5       	brcc	.+72     	; 0x2ed2 <main+0x17c>
                {
                    balance = balance * 10 + (key - '0');
    2e8a:	fe 01       	movw	r30, r28
    2e8c:	e2 5b       	subi	r30, 0xB2	; 178
    2e8e:	ff 4f       	sbci	r31, 0xFF	; 255
    2e90:	80 81       	ld	r24, Z
    2e92:	91 81       	ldd	r25, Z+1	; 0x01
    2e94:	9c 01       	movw	r18, r24
    2e96:	22 0f       	add	r18, r18
    2e98:	33 1f       	adc	r19, r19
    2e9a:	c9 01       	movw	r24, r18
    2e9c:	88 0f       	add	r24, r24
    2e9e:	99 1f       	adc	r25, r25
    2ea0:	88 0f       	add	r24, r24
    2ea2:	99 1f       	adc	r25, r25
    2ea4:	28 0f       	add	r18, r24
    2ea6:	39 1f       	adc	r19, r25
    2ea8:	fe 01       	movw	r30, r28
    2eaa:	e8 5a       	subi	r30, 0xA8	; 168
    2eac:	ff 4f       	sbci	r31, 0xFF	; 255
    2eae:	80 81       	ld	r24, Z
    2eb0:	88 2f       	mov	r24, r24
    2eb2:	90 e0       	ldi	r25, 0x00	; 0
    2eb4:	82 0f       	add	r24, r18
    2eb6:	93 1f       	adc	r25, r19
    2eb8:	fe 01       	movw	r30, r28
    2eba:	e2 5b       	subi	r30, 0xB2	; 178
    2ebc:	ff 4f       	sbci	r31, 0xFF	; 255
    2ebe:	c0 97       	sbiw	r24, 0x30	; 48
    2ec0:	91 83       	std	Z+1, r25	; 0x01
    2ec2:	80 83       	st	Z, r24
                    LCD_voidSendChar(key);
    2ec4:	fe 01       	movw	r30, r28
    2ec6:	e8 5a       	subi	r30, 0xA8	; 168
    2ec8:	ff 4f       	sbci	r31, 0xFF	; 255
    2eca:	80 81       	ld	r24, Z
    2ecc:	0e 94 c4 0f 	call	0x1f88	; 0x1f88 <LCD_voidSendChar>
    2ed0:	c5 cf       	rjmp	.-118    	; 0x2e5c <main+0x106>
                }

                 else if (key == 'c')
    2ed2:	fe 01       	movw	r30, r28
    2ed4:	e8 5a       	subi	r30, 0xA8	; 168
    2ed6:	ff 4f       	sbci	r31, 0xFF	; 255
    2ed8:	80 81       	ld	r24, Z
    2eda:	83 36       	cpi	r24, 0x63	; 99
    2edc:	09 f4       	brne	.+2      	; 0x2ee0 <main+0x18a>
    2ede:	ae cf       	rjmp	.-164    	; 0x2e3c <main+0xe6>
                 {
                	 goto restart;
                 }

                 else if (key == '=')
    2ee0:	fe 01       	movw	r30, r28
    2ee2:	e8 5a       	subi	r30, 0xA8	; 168
    2ee4:	ff 4f       	sbci	r31, 0xFF	; 255
    2ee6:	80 81       	ld	r24, Z
    2ee8:	8d 33       	cpi	r24, 0x3D	; 61
    2eea:	09 f0       	breq	.+2      	; 0x2eee <main+0x198>
    2eec:	b7 cf       	rjmp	.-146    	; 0x2e5c <main+0x106>
                {
                    break;
                }
            }
        }
        if (balance == 9047)
    2eee:	fe 01       	movw	r30, r28
    2ef0:	e2 5b       	subi	r30, 0xB2	; 178
    2ef2:	ff 4f       	sbci	r31, 0xFF	; 255
    2ef4:	80 81       	ld	r24, Z
    2ef6:	91 81       	ldd	r25, Z+1	; 0x01
    2ef8:	f3 e2       	ldi	r31, 0x23	; 35
    2efa:	87 35       	cpi	r24, 0x57	; 87
    2efc:	9f 07       	cpc	r25, r31
    2efe:	09 f0       	breq	.+2      	; 0x2f02 <main+0x1ac>
    2f00:	c5 c1       	rjmp	.+906    	; 0x328c <main+0x536>
         {
          	LCD_voidClearScreen();
    2f02:	0e 94 d1 13 	call	0x27a2	; 0x27a2 <LCD_voidClearScreen>
          	DIO_u8SetPinValue(DIO_u8_PORTB,DIO_u8_PIN4,DIO_HIGH);
    2f06:	81 e0       	ldi	r24, 0x01	; 1
    2f08:	64 e0       	ldi	r22, 0x04	; 4
    2f0a:	41 e0       	ldi	r20, 0x01	; 1
    2f0c:	0e 94 c8 07 	call	0xf90	; 0xf90 <DIO_u8SetPinValue>
           	LCD_voidSendString("Admin Access", 13);
    2f10:	8e e6       	ldi	r24, 0x6E	; 110
    2f12:	90 e0       	ldi	r25, 0x00	; 0
    2f14:	6d e0       	ldi	r22, 0x0D	; 13
    2f16:	0e 94 ae 10 	call	0x215c	; 0x215c <LCD_voidSendString>
    2f1a:	fe 01       	movw	r30, r28
    2f1c:	ed 5b       	subi	r30, 0xBD	; 189
    2f1e:	ff 4f       	sbci	r31, 0xFF	; 255
    2f20:	80 e0       	ldi	r24, 0x00	; 0
    2f22:	90 e0       	ldi	r25, 0x00	; 0
    2f24:	aa e7       	ldi	r26, 0x7A	; 122
    2f26:	b4 e4       	ldi	r27, 0x44	; 68
    2f28:	80 83       	st	Z, r24
    2f2a:	91 83       	std	Z+1, r25	; 0x01
    2f2c:	a2 83       	std	Z+2, r26	; 0x02
    2f2e:	b3 83       	std	Z+3, r27	; 0x03
 */
void
_delay_ms(double __ms)
{
	uint16_t __ticks;
	double __tmp = ((F_CPU) / 4e3) * __ms;
    2f30:	8e 01       	movw	r16, r28
    2f32:	01 5c       	subi	r16, 0xC1	; 193
    2f34:	1f 4f       	sbci	r17, 0xFF	; 255
    2f36:	fe 01       	movw	r30, r28
    2f38:	ed 5b       	subi	r30, 0xBD	; 189
    2f3a:	ff 4f       	sbci	r31, 0xFF	; 255
    2f3c:	60 81       	ld	r22, Z
    2f3e:	71 81       	ldd	r23, Z+1	; 0x01
    2f40:	82 81       	ldd	r24, Z+2	; 0x02
    2f42:	93 81       	ldd	r25, Z+3	; 0x03
    2f44:	20 e0       	ldi	r18, 0x00	; 0
    2f46:	30 e0       	ldi	r19, 0x00	; 0
    2f48:	4a ef       	ldi	r20, 0xFA	; 250
    2f4a:	54 e4       	ldi	r21, 0x44	; 68
    2f4c:	0e 94 17 02 	call	0x42e	; 0x42e <__mulsf3>
    2f50:	dc 01       	movw	r26, r24
    2f52:	cb 01       	movw	r24, r22
    2f54:	f8 01       	movw	r30, r16
    2f56:	80 83       	st	Z, r24
    2f58:	91 83       	std	Z+1, r25	; 0x01
    2f5a:	a2 83       	std	Z+2, r26	; 0x02
    2f5c:	b3 83       	std	Z+3, r27	; 0x03
	if (__tmp < 1.0)
    2f5e:	fe 01       	movw	r30, r28
    2f60:	ff 96       	adiw	r30, 0x3f	; 63
    2f62:	60 81       	ld	r22, Z
    2f64:	71 81       	ldd	r23, Z+1	; 0x01
    2f66:	82 81       	ldd	r24, Z+2	; 0x02
    2f68:	93 81       	ldd	r25, Z+3	; 0x03
    2f6a:	20 e0       	ldi	r18, 0x00	; 0
    2f6c:	30 e0       	ldi	r19, 0x00	; 0
    2f6e:	40 e8       	ldi	r20, 0x80	; 128
    2f70:	5f e3       	ldi	r21, 0x3F	; 63
    2f72:	0e 94 1d 04 	call	0x83a	; 0x83a <__ltsf2>
    2f76:	88 23       	and	r24, r24
    2f78:	2c f4       	brge	.+10     	; 0x2f84 <main+0x22e>
		__ticks = 1;
    2f7a:	81 e0       	ldi	r24, 0x01	; 1
    2f7c:	90 e0       	ldi	r25, 0x00	; 0
    2f7e:	9e af       	std	Y+62, r25	; 0x3e
    2f80:	8d af       	std	Y+61, r24	; 0x3d
    2f82:	46 c0       	rjmp	.+140    	; 0x3010 <main+0x2ba>
	else if (__tmp > 65535)
    2f84:	fe 01       	movw	r30, r28
    2f86:	ff 96       	adiw	r30, 0x3f	; 63
    2f88:	60 81       	ld	r22, Z
    2f8a:	71 81       	ldd	r23, Z+1	; 0x01
    2f8c:	82 81       	ldd	r24, Z+2	; 0x02
    2f8e:	93 81       	ldd	r25, Z+3	; 0x03
    2f90:	20 e0       	ldi	r18, 0x00	; 0
    2f92:	3f ef       	ldi	r19, 0xFF	; 255
    2f94:	4f e7       	ldi	r20, 0x7F	; 127
    2f96:	57 e4       	ldi	r21, 0x47	; 71
    2f98:	0e 94 bd 03 	call	0x77a	; 0x77a <__gtsf2>
    2f9c:	18 16       	cp	r1, r24
    2f9e:	64 f5       	brge	.+88     	; 0x2ff8 <main+0x2a2>
	{
		//	__ticks = requested delay in 1/10 ms
		__ticks = (uint16_t) (__ms * 10.0);
    2fa0:	fe 01       	movw	r30, r28
    2fa2:	ed 5b       	subi	r30, 0xBD	; 189
    2fa4:	ff 4f       	sbci	r31, 0xFF	; 255
    2fa6:	60 81       	ld	r22, Z
    2fa8:	71 81       	ldd	r23, Z+1	; 0x01
    2faa:	82 81       	ldd	r24, Z+2	; 0x02
    2fac:	93 81       	ldd	r25, Z+3	; 0x03
    2fae:	20 e0       	ldi	r18, 0x00	; 0
    2fb0:	30 e0       	ldi	r19, 0x00	; 0
    2fb2:	40 e2       	ldi	r20, 0x20	; 32
    2fb4:	51 e4       	ldi	r21, 0x41	; 65
    2fb6:	0e 94 17 02 	call	0x42e	; 0x42e <__mulsf3>
    2fba:	dc 01       	movw	r26, r24
    2fbc:	cb 01       	movw	r24, r22
    2fbe:	bc 01       	movw	r22, r24
    2fc0:	cd 01       	movw	r24, r26
    2fc2:	0e 94 41 00 	call	0x82	; 0x82 <__fixunssfsi>
    2fc6:	dc 01       	movw	r26, r24
    2fc8:	cb 01       	movw	r24, r22
    2fca:	9e af       	std	Y+62, r25	; 0x3e
    2fcc:	8d af       	std	Y+61, r24	; 0x3d
    2fce:	0f c0       	rjmp	.+30     	; 0x2fee <main+0x298>
    2fd0:	88 ec       	ldi	r24, 0xC8	; 200
    2fd2:	90 e0       	ldi	r25, 0x00	; 0
    2fd4:	9c af       	std	Y+60, r25	; 0x3c
    2fd6:	8b af       	std	Y+59, r24	; 0x3b
    2fd8:	8b ad       	ldd	r24, Y+59	; 0x3b
    2fda:	9c ad       	ldd	r25, Y+60	; 0x3c
    2fdc:	01 97       	sbiw	r24, 0x01	; 1
    2fde:	f1 f7       	brne	.-4      	; 0x2fdc <main+0x286>
    2fe0:	9c af       	std	Y+60, r25	; 0x3c
    2fe2:	8b af       	std	Y+59, r24	; 0x3b
		while(__ticks)
		{
			// wait 1/10 ms
			_delay_loop_2(((F_CPU) / 4e3) / 10);
			__ticks --;
    2fe4:	8d ad       	ldd	r24, Y+61	; 0x3d
    2fe6:	9e ad       	ldd	r25, Y+62	; 0x3e
    2fe8:	01 97       	sbiw	r24, 0x01	; 1
    2fea:	9e af       	std	Y+62, r25	; 0x3e
    2fec:	8d af       	std	Y+61, r24	; 0x3d
		__ticks = 1;
	else if (__tmp > 65535)
	{
		//	__ticks = requested delay in 1/10 ms
		__ticks = (uint16_t) (__ms * 10.0);
		while(__ticks)
    2fee:	8d ad       	ldd	r24, Y+61	; 0x3d
    2ff0:	9e ad       	ldd	r25, Y+62	; 0x3e
    2ff2:	00 97       	sbiw	r24, 0x00	; 0
    2ff4:	69 f7       	brne	.-38     	; 0x2fd0 <main+0x27a>
    2ff6:	16 c0       	rjmp	.+44     	; 0x3024 <main+0x2ce>
			__ticks --;
		}
		return;
	}
	else
		__ticks = (uint16_t)__tmp;
    2ff8:	fe 01       	movw	r30, r28
    2ffa:	ff 96       	adiw	r30, 0x3f	; 63
    2ffc:	60 81       	ld	r22, Z
    2ffe:	71 81       	ldd	r23, Z+1	; 0x01
    3000:	82 81       	ldd	r24, Z+2	; 0x02
    3002:	93 81       	ldd	r25, Z+3	; 0x03
    3004:	0e 94 41 00 	call	0x82	; 0x82 <__fixunssfsi>
    3008:	dc 01       	movw	r26, r24
    300a:	cb 01       	movw	r24, r22
    300c:	9e af       	std	Y+62, r25	; 0x3e
    300e:	8d af       	std	Y+61, r24	; 0x3d
    3010:	8d ad       	ldd	r24, Y+61	; 0x3d
    3012:	9e ad       	ldd	r25, Y+62	; 0x3e
    3014:	9a af       	std	Y+58, r25	; 0x3a
    3016:	89 af       	std	Y+57, r24	; 0x39
    3018:	89 ad       	ldd	r24, Y+57	; 0x39
    301a:	9a ad       	ldd	r25, Y+58	; 0x3a
    301c:	01 97       	sbiw	r24, 0x01	; 1
    301e:	f1 f7       	brne	.-4      	; 0x301c <main+0x2c6>
    3020:	9a af       	std	Y+58, r25	; 0x3a
    3022:	89 af       	std	Y+57, r24	; 0x39
            _delay_ms(1000);
           	LCD_voidClearScreen();
    3024:	0e 94 d1 13 	call	0x27a2	; 0x27a2 <LCD_voidClearScreen>
            LCD_voidSendString("Users = ", 9);
    3028:	8b e7       	ldi	r24, 0x7B	; 123
    302a:	90 e0       	ldi	r25, 0x00	; 0
    302c:	69 e0       	ldi	r22, 0x09	; 9
    302e:	0e 94 ae 10 	call	0x215c	; 0x215c <LCD_voidSendString>
            LCD_voidWriteNum(users);
    3032:	fe 01       	movw	r30, r28
    3034:	e4 5b       	subi	r30, 0xB4	; 180
    3036:	ff 4f       	sbci	r31, 0xFF	; 255
    3038:	80 81       	ld	r24, Z
    303a:	91 81       	ldd	r25, Z+1	; 0x01
    303c:	0e 94 d8 10 	call	0x21b0	; 0x21b0 <LCD_voidWriteNum>
            LCD_u8GoToxy(2,0);
    3040:	82 e0       	ldi	r24, 0x02	; 2
    3042:	60 e0       	ldi	r22, 0x00	; 0
    3044:	0e 94 41 13 	call	0x2682	; 0x2682 <LCD_u8GoToxy>
            LCD_voidSendString("Cash = ", 8);
    3048:	84 e8       	ldi	r24, 0x84	; 132
    304a:	90 e0       	ldi	r25, 0x00	; 0
    304c:	68 e0       	ldi	r22, 0x08	; 8
    304e:	0e 94 ae 10 	call	0x215c	; 0x215c <LCD_voidSendString>
            LCD_voidWriteNum(cash);
    3052:	fe 01       	movw	r30, r28
    3054:	e6 5b       	subi	r30, 0xB6	; 182
    3056:	ff 4f       	sbci	r31, 0xFF	; 255
    3058:	80 81       	ld	r24, Z
    305a:	91 81       	ldd	r25, Z+1	; 0x01
    305c:	0e 94 d8 10 	call	0x21b0	; 0x21b0 <LCD_voidWriteNum>
    3060:	80 e0       	ldi	r24, 0x00	; 0
    3062:	90 e8       	ldi	r25, 0x80	; 128
    3064:	ab e3       	ldi	r26, 0x3B	; 59
    3066:	b5 e4       	ldi	r27, 0x45	; 69
    3068:	8d ab       	std	Y+53, r24	; 0x35
    306a:	9e ab       	std	Y+54, r25	; 0x36
    306c:	af ab       	std	Y+55, r26	; 0x37
    306e:	b8 af       	std	Y+56, r27	; 0x38
 */
void
_delay_ms(double __ms)
{
	uint16_t __ticks;
	double __tmp = ((F_CPU) / 4e3) * __ms;
    3070:	6d a9       	ldd	r22, Y+53	; 0x35
    3072:	7e a9       	ldd	r23, Y+54	; 0x36
    3074:	8f a9       	ldd	r24, Y+55	; 0x37
    3076:	98 ad       	ldd	r25, Y+56	; 0x38
    3078:	20 e0       	ldi	r18, 0x00	; 0
    307a:	30 e0       	ldi	r19, 0x00	; 0
    307c:	4a ef       	ldi	r20, 0xFA	; 250
    307e:	54 e4       	ldi	r21, 0x44	; 68
    3080:	0e 94 17 02 	call	0x42e	; 0x42e <__mulsf3>
    3084:	dc 01       	movw	r26, r24
    3086:	cb 01       	movw	r24, r22
    3088:	89 ab       	std	Y+49, r24	; 0x31
    308a:	9a ab       	std	Y+50, r25	; 0x32
    308c:	ab ab       	std	Y+51, r26	; 0x33
    308e:	bc ab       	std	Y+52, r27	; 0x34
	if (__tmp < 1.0)
    3090:	69 a9       	ldd	r22, Y+49	; 0x31
    3092:	7a a9       	ldd	r23, Y+50	; 0x32
    3094:	8b a9       	ldd	r24, Y+51	; 0x33
    3096:	9c a9       	ldd	r25, Y+52	; 0x34
    3098:	20 e0       	ldi	r18, 0x00	; 0
    309a:	30 e0       	ldi	r19, 0x00	; 0
    309c:	40 e8       	ldi	r20, 0x80	; 128
    309e:	5f e3       	ldi	r21, 0x3F	; 63
    30a0:	0e 94 1d 04 	call	0x83a	; 0x83a <__ltsf2>
    30a4:	88 23       	and	r24, r24
    30a6:	2c f4       	brge	.+10     	; 0x30b2 <main+0x35c>
		__ticks = 1;
    30a8:	81 e0       	ldi	r24, 0x01	; 1
    30aa:	90 e0       	ldi	r25, 0x00	; 0
    30ac:	98 ab       	std	Y+48, r25	; 0x30
    30ae:	8f a7       	std	Y+47, r24	; 0x2f
    30b0:	3f c0       	rjmp	.+126    	; 0x3130 <main+0x3da>
	else if (__tmp > 65535)
    30b2:	69 a9       	ldd	r22, Y+49	; 0x31
    30b4:	7a a9       	ldd	r23, Y+50	; 0x32
    30b6:	8b a9       	ldd	r24, Y+51	; 0x33
    30b8:	9c a9       	ldd	r25, Y+52	; 0x34
    30ba:	20 e0       	ldi	r18, 0x00	; 0
    30bc:	3f ef       	ldi	r19, 0xFF	; 255
    30be:	4f e7       	ldi	r20, 0x7F	; 127
    30c0:	57 e4       	ldi	r21, 0x47	; 71
    30c2:	0e 94 bd 03 	call	0x77a	; 0x77a <__gtsf2>
    30c6:	18 16       	cp	r1, r24
    30c8:	4c f5       	brge	.+82     	; 0x311c <main+0x3c6>
	{
		//	__ticks = requested delay in 1/10 ms
		__ticks = (uint16_t) (__ms * 10.0);
    30ca:	6d a9       	ldd	r22, Y+53	; 0x35
    30cc:	7e a9       	ldd	r23, Y+54	; 0x36
    30ce:	8f a9       	ldd	r24, Y+55	; 0x37
    30d0:	98 ad       	ldd	r25, Y+56	; 0x38
    30d2:	20 e0       	ldi	r18, 0x00	; 0
    30d4:	30 e0       	ldi	r19, 0x00	; 0
    30d6:	40 e2       	ldi	r20, 0x20	; 32
    30d8:	51 e4       	ldi	r21, 0x41	; 65
    30da:	0e 94 17 02 	call	0x42e	; 0x42e <__mulsf3>
    30de:	dc 01       	movw	r26, r24
    30e0:	cb 01       	movw	r24, r22
    30e2:	bc 01       	movw	r22, r24
    30e4:	cd 01       	movw	r24, r26
    30e6:	0e 94 41 00 	call	0x82	; 0x82 <__fixunssfsi>
    30ea:	dc 01       	movw	r26, r24
    30ec:	cb 01       	movw	r24, r22
    30ee:	98 ab       	std	Y+48, r25	; 0x30
    30f0:	8f a7       	std	Y+47, r24	; 0x2f
    30f2:	0f c0       	rjmp	.+30     	; 0x3112 <main+0x3bc>
    30f4:	88 ec       	ldi	r24, 0xC8	; 200
    30f6:	90 e0       	ldi	r25, 0x00	; 0
    30f8:	9e a7       	std	Y+46, r25	; 0x2e
    30fa:	8d a7       	std	Y+45, r24	; 0x2d
    30fc:	8d a5       	ldd	r24, Y+45	; 0x2d
    30fe:	9e a5       	ldd	r25, Y+46	; 0x2e
    3100:	01 97       	sbiw	r24, 0x01	; 1
    3102:	f1 f7       	brne	.-4      	; 0x3100 <main+0x3aa>
    3104:	9e a7       	std	Y+46, r25	; 0x2e
    3106:	8d a7       	std	Y+45, r24	; 0x2d
		while(__ticks)
		{
			// wait 1/10 ms
			_delay_loop_2(((F_CPU) / 4e3) / 10);
			__ticks --;
    3108:	8f a5       	ldd	r24, Y+47	; 0x2f
    310a:	98 a9       	ldd	r25, Y+48	; 0x30
    310c:	01 97       	sbiw	r24, 0x01	; 1
    310e:	98 ab       	std	Y+48, r25	; 0x30
    3110:	8f a7       	std	Y+47, r24	; 0x2f
		__ticks = 1;
	else if (__tmp > 65535)
	{
		//	__ticks = requested delay in 1/10 ms
		__ticks = (uint16_t) (__ms * 10.0);
		while(__ticks)
    3112:	8f a5       	ldd	r24, Y+47	; 0x2f
    3114:	98 a9       	ldd	r25, Y+48	; 0x30
    3116:	00 97       	sbiw	r24, 0x00	; 0
    3118:	69 f7       	brne	.-38     	; 0x30f4 <main+0x39e>
    311a:	14 c0       	rjmp	.+40     	; 0x3144 <main+0x3ee>
			__ticks --;
		}
		return;
	}
	else
		__ticks = (uint16_t)__tmp;
    311c:	69 a9       	ldd	r22, Y+49	; 0x31
    311e:	7a a9       	ldd	r23, Y+50	; 0x32
    3120:	8b a9       	ldd	r24, Y+51	; 0x33
    3122:	9c a9       	ldd	r25, Y+52	; 0x34
    3124:	0e 94 41 00 	call	0x82	; 0x82 <__fixunssfsi>
    3128:	dc 01       	movw	r26, r24
    312a:	cb 01       	movw	r24, r22
    312c:	98 ab       	std	Y+48, r25	; 0x30
    312e:	8f a7       	std	Y+47, r24	; 0x2f
    3130:	8f a5       	ldd	r24, Y+47	; 0x2f
    3132:	98 a9       	ldd	r25, Y+48	; 0x30
    3134:	9c a7       	std	Y+44, r25	; 0x2c
    3136:	8b a7       	std	Y+43, r24	; 0x2b
    3138:	8b a5       	ldd	r24, Y+43	; 0x2b
    313a:	9c a5       	ldd	r25, Y+44	; 0x2c
    313c:	01 97       	sbiw	r24, 0x01	; 1
    313e:	f1 f7       	brne	.-4      	; 0x313c <main+0x3e6>
    3140:	9c a7       	std	Y+44, r25	; 0x2c
    3142:	8b a7       	std	Y+43, r24	; 0x2b
            _delay_ms(3000);
            LCD_voidClearScreen();
    3144:	0e 94 d1 13 	call	0x27a2	; 0x27a2 <LCD_voidClearScreen>

                // First item at row 1, col 0
                LCD_u8GoToxy(1, 0);
    3148:	81 e0       	ldi	r24, 0x01	; 1
    314a:	60 e0       	ldi	r22, 0x00	; 0
    314c:	0e 94 41 13 	call	0x2682	; 0x2682 <LCD_u8GoToxy>
                LCD_voidSendString("Chips ", 6);
    3150:	8c e8       	ldi	r24, 0x8C	; 140
    3152:	90 e0       	ldi	r25, 0x00	; 0
    3154:	66 e0       	ldi	r22, 0x06	; 6
    3156:	0e 94 ae 10 	call	0x215c	; 0x215c <LCD_voidSendString>
                //LCD_voidWriteNum(1);
                LCD_voidSendString(" x", 3);
    315a:	83 e9       	ldi	r24, 0x93	; 147
    315c:	90 e0       	ldi	r25, 0x00	; 0
    315e:	63 e0       	ldi	r22, 0x03	; 3
    3160:	0e 94 ae 10 	call	0x215c	; 0x215c <LCD_voidSendString>
                LCD_voidWriteNum(soldCount[0]);
    3164:	fe 01       	movw	r30, r28
    3166:	e7 5a       	subi	r30, 0xA7	; 167
    3168:	ff 4f       	sbci	r31, 0xFF	; 255
    316a:	80 81       	ld	r24, Z
    316c:	91 81       	ldd	r25, Z+1	; 0x01
    316e:	0e 94 d8 10 	call	0x21b0	; 0x21b0 <LCD_voidWriteNum>

                // Second item at row 2, col 0
                LCD_u8GoToxy(2, 0);
    3172:	82 e0       	ldi	r24, 0x02	; 2
    3174:	60 e0       	ldi	r22, 0x00	; 0
    3176:	0e 94 41 13 	call	0x2682	; 0x2682 <LCD_u8GoToxy>
                LCD_voidSendString("Cola", 5);
    317a:	86 e9       	ldi	r24, 0x96	; 150
    317c:	90 e0       	ldi	r25, 0x00	; 0
    317e:	65 e0       	ldi	r22, 0x05	; 5
    3180:	0e 94 ae 10 	call	0x215c	; 0x215c <LCD_voidSendString>
                //LCD_voidWriteNum(2);
                LCD_voidSendString(" x", 3);
    3184:	83 e9       	ldi	r24, 0x93	; 147
    3186:	90 e0       	ldi	r25, 0x00	; 0
    3188:	63 e0       	ldi	r22, 0x03	; 3
    318a:	0e 94 ae 10 	call	0x215c	; 0x215c <LCD_voidSendString>
                LCD_voidWriteNum(soldCount[1]);
    318e:	fe 01       	movw	r30, r28
    3190:	e7 5a       	subi	r30, 0xA7	; 167
    3192:	ff 4f       	sbci	r31, 0xFF	; 255
    3194:	82 81       	ldd	r24, Z+2	; 0x02
    3196:	93 81       	ldd	r25, Z+3	; 0x03
    3198:	0e 94 d8 10 	call	0x21b0	; 0x21b0 <LCD_voidWriteNum>
    319c:	80 e0       	ldi	r24, 0x00	; 0
    319e:	90 e0       	ldi	r25, 0x00	; 0
    31a0:	aa ef       	ldi	r26, 0xFA	; 250
    31a2:	b4 e4       	ldi	r27, 0x44	; 68
    31a4:	8f a3       	std	Y+39, r24	; 0x27
    31a6:	98 a7       	std	Y+40, r25	; 0x28
    31a8:	a9 a7       	std	Y+41, r26	; 0x29
    31aa:	ba a7       	std	Y+42, r27	; 0x2a
 */
void
_delay_ms(double __ms)
{
	uint16_t __ticks;
	double __tmp = ((F_CPU) / 4e3) * __ms;
    31ac:	6f a1       	ldd	r22, Y+39	; 0x27
    31ae:	78 a5       	ldd	r23, Y+40	; 0x28
    31b0:	89 a5       	ldd	r24, Y+41	; 0x29
    31b2:	9a a5       	ldd	r25, Y+42	; 0x2a
    31b4:	20 e0       	ldi	r18, 0x00	; 0
    31b6:	30 e0       	ldi	r19, 0x00	; 0
    31b8:	4a ef       	ldi	r20, 0xFA	; 250
    31ba:	54 e4       	ldi	r21, 0x44	; 68
    31bc:	0e 94 17 02 	call	0x42e	; 0x42e <__mulsf3>
    31c0:	dc 01       	movw	r26, r24
    31c2:	cb 01       	movw	r24, r22
    31c4:	8b a3       	std	Y+35, r24	; 0x23
    31c6:	9c a3       	std	Y+36, r25	; 0x24
    31c8:	ad a3       	std	Y+37, r26	; 0x25
    31ca:	be a3       	std	Y+38, r27	; 0x26
	if (__tmp < 1.0)
    31cc:	6b a1       	ldd	r22, Y+35	; 0x23
    31ce:	7c a1       	ldd	r23, Y+36	; 0x24
    31d0:	8d a1       	ldd	r24, Y+37	; 0x25
    31d2:	9e a1       	ldd	r25, Y+38	; 0x26
    31d4:	20 e0       	ldi	r18, 0x00	; 0
    31d6:	30 e0       	ldi	r19, 0x00	; 0
    31d8:	40 e8       	ldi	r20, 0x80	; 128
    31da:	5f e3       	ldi	r21, 0x3F	; 63
    31dc:	0e 94 1d 04 	call	0x83a	; 0x83a <__ltsf2>
    31e0:	88 23       	and	r24, r24
    31e2:	2c f4       	brge	.+10     	; 0x31ee <main+0x498>
		__ticks = 1;
    31e4:	81 e0       	ldi	r24, 0x01	; 1
    31e6:	90 e0       	ldi	r25, 0x00	; 0
    31e8:	9a a3       	std	Y+34, r25	; 0x22
    31ea:	89 a3       	std	Y+33, r24	; 0x21
    31ec:	3f c0       	rjmp	.+126    	; 0x326c <main+0x516>
	else if (__tmp > 65535)
    31ee:	6b a1       	ldd	r22, Y+35	; 0x23
    31f0:	7c a1       	ldd	r23, Y+36	; 0x24
    31f2:	8d a1       	ldd	r24, Y+37	; 0x25
    31f4:	9e a1       	ldd	r25, Y+38	; 0x26
    31f6:	20 e0       	ldi	r18, 0x00	; 0
    31f8:	3f ef       	ldi	r19, 0xFF	; 255
    31fa:	4f e7       	ldi	r20, 0x7F	; 127
    31fc:	57 e4       	ldi	r21, 0x47	; 71
    31fe:	0e 94 bd 03 	call	0x77a	; 0x77a <__gtsf2>
    3202:	18 16       	cp	r1, r24
    3204:	4c f5       	brge	.+82     	; 0x3258 <main+0x502>
	{
		//	__ticks = requested delay in 1/10 ms
		__ticks = (uint16_t) (__ms * 10.0);
    3206:	6f a1       	ldd	r22, Y+39	; 0x27
    3208:	78 a5       	ldd	r23, Y+40	; 0x28
    320a:	89 a5       	ldd	r24, Y+41	; 0x29
    320c:	9a a5       	ldd	r25, Y+42	; 0x2a
    320e:	20 e0       	ldi	r18, 0x00	; 0
    3210:	30 e0       	ldi	r19, 0x00	; 0
    3212:	40 e2       	ldi	r20, 0x20	; 32
    3214:	51 e4       	ldi	r21, 0x41	; 65
    3216:	0e 94 17 02 	call	0x42e	; 0x42e <__mulsf3>
    321a:	dc 01       	movw	r26, r24
    321c:	cb 01       	movw	r24, r22
    321e:	bc 01       	movw	r22, r24
    3220:	cd 01       	movw	r24, r26
    3222:	0e 94 41 00 	call	0x82	; 0x82 <__fixunssfsi>
    3226:	dc 01       	movw	r26, r24
    3228:	cb 01       	movw	r24, r22
    322a:	9a a3       	std	Y+34, r25	; 0x22
    322c:	89 a3       	std	Y+33, r24	; 0x21
    322e:	0f c0       	rjmp	.+30     	; 0x324e <main+0x4f8>
    3230:	88 ec       	ldi	r24, 0xC8	; 200
    3232:	90 e0       	ldi	r25, 0x00	; 0
    3234:	98 a3       	std	Y+32, r25	; 0x20
    3236:	8f 8f       	std	Y+31, r24	; 0x1f
    3238:	8f 8d       	ldd	r24, Y+31	; 0x1f
    323a:	98 a1       	ldd	r25, Y+32	; 0x20
    323c:	01 97       	sbiw	r24, 0x01	; 1
    323e:	f1 f7       	brne	.-4      	; 0x323c <main+0x4e6>
    3240:	98 a3       	std	Y+32, r25	; 0x20
    3242:	8f 8f       	std	Y+31, r24	; 0x1f
		while(__ticks)
		{
			// wait 1/10 ms
			_delay_loop_2(((F_CPU) / 4e3) / 10);
			__ticks --;
    3244:	89 a1       	ldd	r24, Y+33	; 0x21
    3246:	9a a1       	ldd	r25, Y+34	; 0x22
    3248:	01 97       	sbiw	r24, 0x01	; 1
    324a:	9a a3       	std	Y+34, r25	; 0x22
    324c:	89 a3       	std	Y+33, r24	; 0x21
		__ticks = 1;
	else if (__tmp > 65535)
	{
		//	__ticks = requested delay in 1/10 ms
		__ticks = (uint16_t) (__ms * 10.0);
		while(__ticks)
    324e:	89 a1       	ldd	r24, Y+33	; 0x21
    3250:	9a a1       	ldd	r25, Y+34	; 0x22
    3252:	00 97       	sbiw	r24, 0x00	; 0
    3254:	69 f7       	brne	.-38     	; 0x3230 <main+0x4da>
    3256:	14 c0       	rjmp	.+40     	; 0x3280 <main+0x52a>
			__ticks --;
		}
		return;
	}
	else
		__ticks = (uint16_t)__tmp;
    3258:	6b a1       	ldd	r22, Y+35	; 0x23
    325a:	7c a1       	ldd	r23, Y+36	; 0x24
    325c:	8d a1       	ldd	r24, Y+37	; 0x25
    325e:	9e a1       	ldd	r25, Y+38	; 0x26
    3260:	0e 94 41 00 	call	0x82	; 0x82 <__fixunssfsi>
    3264:	dc 01       	movw	r26, r24
    3266:	cb 01       	movw	r24, r22
    3268:	9a a3       	std	Y+34, r25	; 0x22
    326a:	89 a3       	std	Y+33, r24	; 0x21
    326c:	89 a1       	ldd	r24, Y+33	; 0x21
    326e:	9a a1       	ldd	r25, Y+34	; 0x22
    3270:	9e 8f       	std	Y+30, r25	; 0x1e
    3272:	8d 8f       	std	Y+29, r24	; 0x1d
    3274:	8d 8d       	ldd	r24, Y+29	; 0x1d
    3276:	9e 8d       	ldd	r25, Y+30	; 0x1e
    3278:	01 97       	sbiw	r24, 0x01	; 1
    327a:	f1 f7       	brne	.-4      	; 0x3278 <main+0x522>
    327c:	9e 8f       	std	Y+30, r25	; 0x1e
    327e:	8d 8f       	std	Y+29, r24	; 0x1d
                _delay_ms(2000);
                DIO_u8SetPinValue(DIO_u8_PORTB,DIO_u8_PIN4,DIO_LOW);
    3280:	81 e0       	ldi	r24, 0x01	; 1
    3282:	64 e0       	ldi	r22, 0x04	; 4
    3284:	40 e0       	ldi	r20, 0x00	; 0
    3286:	0e 94 c8 07 	call	0xf90	; 0xf90 <DIO_u8SetPinValue>
    328a:	d8 cd       	rjmp	.-1104   	; 0x2e3c <main+0xe6>
              goto restart;
         }
        // Item selection
        LCD_voidClearScreen();
    328c:	0e 94 d1 13 	call	0x27a2	; 0x27a2 <LCD_voidClearScreen>
        LCD_voidSendString("Select Item", 12);
    3290:	8b e9       	ldi	r24, 0x9B	; 155
    3292:	90 e0       	ldi	r25, 0x00	; 0
    3294:	6c e0       	ldi	r22, 0x0C	; 12
    3296:	0e 94 ae 10 	call	0x215c	; 0x215c <LCD_voidSendString>
        while (1)
        {
            KPD_u8GetKeyState(&key);
    329a:	ce 01       	movw	r24, r28
    329c:	88 5a       	subi	r24, 0xA8	; 168
    329e:	9f 4f       	sbci	r25, 0xFF	; 255
    32a0:	0e 94 47 0a 	call	0x148e	; 0x148e <KPD_u8GetKeyState>
            if (key != KPD_u8_KEY_NOT_PRESSED)
    32a4:	fe 01       	movw	r30, r28
    32a6:	e8 5a       	subi	r30, 0xA8	; 168
    32a8:	ff 4f       	sbci	r31, 0xFF	; 255
    32aa:	80 81       	ld	r24, Z
    32ac:	8f 3f       	cpi	r24, 0xFF	; 255
    32ae:	a9 f3       	breq	.-22     	; 0x329a <main+0x544>
            {
                if ( key == 'c')
    32b0:	fe 01       	movw	r30, r28
    32b2:	e8 5a       	subi	r30, 0xA8	; 168
    32b4:	ff 4f       	sbci	r31, 0xFF	; 255
    32b6:	80 81       	ld	r24, Z
    32b8:	83 36       	cpi	r24, 0x63	; 99
    32ba:	09 f4       	brne	.+2      	; 0x32be <main+0x568>
    32bc:	bf cd       	rjmp	.-1154   	; 0x2e3c <main+0xe6>
                {
                	goto restart;
                }
            	else if (key >= '1' && key <= '8')
    32be:	fe 01       	movw	r30, r28
    32c0:	e8 5a       	subi	r30, 0xA8	; 168
    32c2:	ff 4f       	sbci	r31, 0xFF	; 255
    32c4:	80 81       	ld	r24, Z
    32c6:	81 33       	cpi	r24, 0x31	; 49
    32c8:	40 f3       	brcs	.-48     	; 0x329a <main+0x544>
    32ca:	fe 01       	movw	r30, r28
    32cc:	e8 5a       	subi	r30, 0xA8	; 168
    32ce:	ff 4f       	sbci	r31, 0xFF	; 255
    32d0:	80 81       	ld	r24, Z
    32d2:	89 33       	cpi	r24, 0x39	; 57
    32d4:	10 f7       	brcc	.-60     	; 0x329a <main+0x544>
                {
                    item = key - '1';
    32d6:	fe 01       	movw	r30, r28
    32d8:	e8 5a       	subi	r30, 0xA8	; 168
    32da:	ff 4f       	sbci	r31, 0xFF	; 255
    32dc:	80 81       	ld	r24, Z
    32de:	fe 01       	movw	r30, r28
    32e0:	e7 5b       	subi	r30, 0xB7	; 183
    32e2:	ff 4f       	sbci	r31, 0xFF	; 255
    32e4:	81 53       	subi	r24, 0x31	; 49
    32e6:	80 83       	st	Z, r24
                    LCD_voidClearScreen();
    32e8:	0e 94 d1 13 	call	0x27a2	; 0x27a2 <LCD_voidClearScreen>

                    if (balance >= prices[item])
    32ec:	fe 01       	movw	r30, r28
    32ee:	e7 5b       	subi	r30, 0xB7	; 183
    32f0:	ff 4f       	sbci	r31, 0xFF	; 255
    32f2:	80 81       	ld	r24, Z
    32f4:	28 2f       	mov	r18, r24
    32f6:	30 e0       	ldi	r19, 0x00	; 0
    32f8:	ce 01       	movw	r24, r28
    32fa:	83 5a       	subi	r24, 0xA3	; 163
    32fc:	9f 4f       	sbci	r25, 0xFF	; 255
    32fe:	fc 01       	movw	r30, r24
    3300:	e2 0f       	add	r30, r18
    3302:	f3 1f       	adc	r31, r19
    3304:	80 81       	ld	r24, Z
    3306:	28 2f       	mov	r18, r24
    3308:	30 e0       	ldi	r19, 0x00	; 0
    330a:	fe 01       	movw	r30, r28
    330c:	e2 5b       	subi	r30, 0xB2	; 178
    330e:	ff 4f       	sbci	r31, 0xFF	; 255
    3310:	80 81       	ld	r24, Z
    3312:	91 81       	ldd	r25, Z+1	; 0x01
    3314:	82 17       	cp	r24, r18
    3316:	93 07       	cpc	r25, r19
    3318:	08 f4       	brcc	.+2      	; 0x331c <main+0x5c6>
    331a:	05 c1       	rjmp	.+522    	; 0x3526 <main+0x7d0>
                    {
                        remaining = balance - prices[item];
    331c:	fe 01       	movw	r30, r28
    331e:	e7 5b       	subi	r30, 0xB7	; 183
    3320:	ff 4f       	sbci	r31, 0xFF	; 255
    3322:	80 81       	ld	r24, Z
    3324:	28 2f       	mov	r18, r24
    3326:	30 e0       	ldi	r19, 0x00	; 0
    3328:	ce 01       	movw	r24, r28
    332a:	83 5a       	subi	r24, 0xA3	; 163
    332c:	9f 4f       	sbci	r25, 0xFF	; 255
    332e:	fc 01       	movw	r30, r24
    3330:	e2 0f       	add	r30, r18
    3332:	f3 1f       	adc	r31, r19
    3334:	80 81       	ld	r24, Z
    3336:	28 2f       	mov	r18, r24
    3338:	30 e0       	ldi	r19, 0x00	; 0
    333a:	de 01       	movw	r26, r28
    333c:	a9 5b       	subi	r26, 0xB9	; 185
    333e:	bf 4f       	sbci	r27, 0xFF	; 255
    3340:	fe 01       	movw	r30, r28
    3342:	e2 5b       	subi	r30, 0xB2	; 178
    3344:	ff 4f       	sbci	r31, 0xFF	; 255
    3346:	80 81       	ld	r24, Z
    3348:	91 81       	ldd	r25, Z+1	; 0x01
    334a:	82 1b       	sub	r24, r18
    334c:	93 0b       	sbc	r25, r19
    334e:	8d 93       	st	X+, r24
    3350:	9c 93       	st	X, r25

                        Motor_Run(item);
    3352:	fe 01       	movw	r30, r28
    3354:	e7 5b       	subi	r30, 0xB7	; 183
    3356:	ff 4f       	sbci	r31, 0xFF	; 255
    3358:	80 81       	ld	r24, Z
    335a:	0e 94 69 15 	call	0x2ad2	; 0x2ad2 <Motor_Run>
    335e:	80 e0       	ldi	r24, 0x00	; 0
    3360:	90 e0       	ldi	r25, 0x00	; 0
    3362:	aa ef       	ldi	r26, 0xFA	; 250
    3364:	b3 e4       	ldi	r27, 0x43	; 67
    3366:	89 8f       	std	Y+25, r24	; 0x19
    3368:	9a 8f       	std	Y+26, r25	; 0x1a
    336a:	ab 8f       	std	Y+27, r26	; 0x1b
    336c:	bc 8f       	std	Y+28, r27	; 0x1c
 */
void
_delay_ms(double __ms)
{
	uint16_t __ticks;
	double __tmp = ((F_CPU) / 4e3) * __ms;
    336e:	69 8d       	ldd	r22, Y+25	; 0x19
    3370:	7a 8d       	ldd	r23, Y+26	; 0x1a
    3372:	8b 8d       	ldd	r24, Y+27	; 0x1b
    3374:	9c 8d       	ldd	r25, Y+28	; 0x1c
    3376:	20 e0       	ldi	r18, 0x00	; 0
    3378:	30 e0       	ldi	r19, 0x00	; 0
    337a:	4a ef       	ldi	r20, 0xFA	; 250
    337c:	54 e4       	ldi	r21, 0x44	; 68
    337e:	0e 94 17 02 	call	0x42e	; 0x42e <__mulsf3>
    3382:	dc 01       	movw	r26, r24
    3384:	cb 01       	movw	r24, r22
    3386:	8d 8b       	std	Y+21, r24	; 0x15
    3388:	9e 8b       	std	Y+22, r25	; 0x16
    338a:	af 8b       	std	Y+23, r26	; 0x17
    338c:	b8 8f       	std	Y+24, r27	; 0x18
	if (__tmp < 1.0)
    338e:	6d 89       	ldd	r22, Y+21	; 0x15
    3390:	7e 89       	ldd	r23, Y+22	; 0x16
    3392:	8f 89       	ldd	r24, Y+23	; 0x17
    3394:	98 8d       	ldd	r25, Y+24	; 0x18
    3396:	20 e0       	ldi	r18, 0x00	; 0
    3398:	30 e0       	ldi	r19, 0x00	; 0
    339a:	40 e8       	ldi	r20, 0x80	; 128
    339c:	5f e3       	ldi	r21, 0x3F	; 63
    339e:	0e 94 1d 04 	call	0x83a	; 0x83a <__ltsf2>
    33a2:	88 23       	and	r24, r24
    33a4:	2c f4       	brge	.+10     	; 0x33b0 <main+0x65a>
		__ticks = 1;
    33a6:	81 e0       	ldi	r24, 0x01	; 1
    33a8:	90 e0       	ldi	r25, 0x00	; 0
    33aa:	9c 8b       	std	Y+20, r25	; 0x14
    33ac:	8b 8b       	std	Y+19, r24	; 0x13
    33ae:	3f c0       	rjmp	.+126    	; 0x342e <main+0x6d8>
	else if (__tmp > 65535)
    33b0:	6d 89       	ldd	r22, Y+21	; 0x15
    33b2:	7e 89       	ldd	r23, Y+22	; 0x16
    33b4:	8f 89       	ldd	r24, Y+23	; 0x17
    33b6:	98 8d       	ldd	r25, Y+24	; 0x18
    33b8:	20 e0       	ldi	r18, 0x00	; 0
    33ba:	3f ef       	ldi	r19, 0xFF	; 255
    33bc:	4f e7       	ldi	r20, 0x7F	; 127
    33be:	57 e4       	ldi	r21, 0x47	; 71
    33c0:	0e 94 bd 03 	call	0x77a	; 0x77a <__gtsf2>
    33c4:	18 16       	cp	r1, r24
    33c6:	4c f5       	brge	.+82     	; 0x341a <main+0x6c4>
	{
		//	__ticks = requested delay in 1/10 ms
		__ticks = (uint16_t) (__ms * 10.0);
    33c8:	69 8d       	ldd	r22, Y+25	; 0x19
    33ca:	7a 8d       	ldd	r23, Y+26	; 0x1a
    33cc:	8b 8d       	ldd	r24, Y+27	; 0x1b
    33ce:	9c 8d       	ldd	r25, Y+28	; 0x1c
    33d0:	20 e0       	ldi	r18, 0x00	; 0
    33d2:	30 e0       	ldi	r19, 0x00	; 0
    33d4:	40 e2       	ldi	r20, 0x20	; 32
    33d6:	51 e4       	ldi	r21, 0x41	; 65
    33d8:	0e 94 17 02 	call	0x42e	; 0x42e <__mulsf3>
    33dc:	dc 01       	movw	r26, r24
    33de:	cb 01       	movw	r24, r22
    33e0:	bc 01       	movw	r22, r24
    33e2:	cd 01       	movw	r24, r26
    33e4:	0e 94 41 00 	call	0x82	; 0x82 <__fixunssfsi>
    33e8:	dc 01       	movw	r26, r24
    33ea:	cb 01       	movw	r24, r22
    33ec:	9c 8b       	std	Y+20, r25	; 0x14
    33ee:	8b 8b       	std	Y+19, r24	; 0x13
    33f0:	0f c0       	rjmp	.+30     	; 0x3410 <main+0x6ba>
    33f2:	88 ec       	ldi	r24, 0xC8	; 200
    33f4:	90 e0       	ldi	r25, 0x00	; 0
    33f6:	9a 8b       	std	Y+18, r25	; 0x12
    33f8:	89 8b       	std	Y+17, r24	; 0x11
    33fa:	89 89       	ldd	r24, Y+17	; 0x11
    33fc:	9a 89       	ldd	r25, Y+18	; 0x12
    33fe:	01 97       	sbiw	r24, 0x01	; 1
    3400:	f1 f7       	brne	.-4      	; 0x33fe <main+0x6a8>
    3402:	9a 8b       	std	Y+18, r25	; 0x12
    3404:	89 8b       	std	Y+17, r24	; 0x11
		while(__ticks)
		{
			// wait 1/10 ms
			_delay_loop_2(((F_CPU) / 4e3) / 10);
			__ticks --;
    3406:	8b 89       	ldd	r24, Y+19	; 0x13
    3408:	9c 89       	ldd	r25, Y+20	; 0x14
    340a:	01 97       	sbiw	r24, 0x01	; 1
    340c:	9c 8b       	std	Y+20, r25	; 0x14
    340e:	8b 8b       	std	Y+19, r24	; 0x13
		__ticks = 1;
	else if (__tmp > 65535)
	{
		//	__ticks = requested delay in 1/10 ms
		__ticks = (uint16_t) (__ms * 10.0);
		while(__ticks)
    3410:	8b 89       	ldd	r24, Y+19	; 0x13
    3412:	9c 89       	ldd	r25, Y+20	; 0x14
    3414:	00 97       	sbiw	r24, 0x00	; 0
    3416:	69 f7       	brne	.-38     	; 0x33f2 <main+0x69c>
    3418:	14 c0       	rjmp	.+40     	; 0x3442 <main+0x6ec>
			__ticks --;
		}
		return;
	}
	else
		__ticks = (uint16_t)__tmp;
    341a:	6d 89       	ldd	r22, Y+21	; 0x15
    341c:	7e 89       	ldd	r23, Y+22	; 0x16
    341e:	8f 89       	ldd	r24, Y+23	; 0x17
    3420:	98 8d       	ldd	r25, Y+24	; 0x18
    3422:	0e 94 41 00 	call	0x82	; 0x82 <__fixunssfsi>
    3426:	dc 01       	movw	r26, r24
    3428:	cb 01       	movw	r24, r22
    342a:	9c 8b       	std	Y+20, r25	; 0x14
    342c:	8b 8b       	std	Y+19, r24	; 0x13
    342e:	8b 89       	ldd	r24, Y+19	; 0x13
    3430:	9c 89       	ldd	r25, Y+20	; 0x14
    3432:	98 8b       	std	Y+16, r25	; 0x10
    3434:	8f 87       	std	Y+15, r24	; 0x0f
    3436:	8f 85       	ldd	r24, Y+15	; 0x0f
    3438:	98 89       	ldd	r25, Y+16	; 0x10
    343a:	01 97       	sbiw	r24, 0x01	; 1
    343c:	f1 f7       	brne	.-4      	; 0x343a <main+0x6e4>
    343e:	98 8b       	std	Y+16, r25	; 0x10
    3440:	8f 87       	std	Y+15, r24	; 0x0f
                        _delay_ms(500);
                        Motor_Stop(item);
    3442:	fe 01       	movw	r30, r28
    3444:	e7 5b       	subi	r30, 0xB7	; 183
    3446:	ff 4f       	sbci	r31, 0xFF	; 255
    3448:	80 81       	ld	r24, Z
    344a:	0e 94 84 15 	call	0x2b08	; 0x2b08 <Motor_Stop>
                        LCD_voidClearScreen();
    344e:	0e 94 d1 13 	call	0x27a2	; 0x27a2 <LCD_voidClearScreen>
                        LCD_voidSendString("Come Again", 11);
    3452:	87 ea       	ldi	r24, 0xA7	; 167
    3454:	90 e0       	ldi	r25, 0x00	; 0
    3456:	6b e0       	ldi	r22, 0x0B	; 11
    3458:	0e 94 ae 10 	call	0x215c	; 0x215c <LCD_voidSendString>
                        LCD_voidWriteSpecialChar(LCD_u8_SPECIAL_CHAR0, 0, smiley, 1, 11);
    345c:	9e 01       	movw	r18, r28
    345e:	20 5b       	subi	r18, 0xB0	; 176
    3460:	3f 4f       	sbci	r19, 0xFF	; 255
    3462:	80 e4       	ldi	r24, 0x40	; 64
    3464:	60 e0       	ldi	r22, 0x00	; 0
    3466:	a9 01       	movw	r20, r18
    3468:	21 e0       	ldi	r18, 0x01	; 1
    346a:	0b e0       	ldi	r16, 0x0B	; 11
    346c:	0e 94 79 13 	call	0x26f2	; 0x26f2 <LCD_voidWriteSpecialChar>
                        LCD_u8GoToxy(2, 0);
    3470:	82 e0       	ldi	r24, 0x02	; 2
    3472:	60 e0       	ldi	r22, 0x00	; 0
    3474:	0e 94 41 13 	call	0x2682	; 0x2682 <LCD_u8GoToxy>
                        LCD_voidSendString("Change= ", 8);
    3478:	82 eb       	ldi	r24, 0xB2	; 178
    347a:	90 e0       	ldi	r25, 0x00	; 0
    347c:	68 e0       	ldi	r22, 0x08	; 8
    347e:	0e 94 ae 10 	call	0x215c	; 0x215c <LCD_voidSendString>
                        LCD_voidWriteNum(remaining);
    3482:	fe 01       	movw	r30, r28
    3484:	e9 5b       	subi	r30, 0xB9	; 185
    3486:	ff 4f       	sbci	r31, 0xFF	; 255
    3488:	80 81       	ld	r24, Z
    348a:	91 81       	ldd	r25, Z+1	; 0x01
    348c:	0e 94 d8 10 	call	0x21b0	; 0x21b0 <LCD_voidWriteNum>
                        Blink(DIO_u8_PORTB,DIO_u8_PIN3);
    3490:	81 e0       	ldi	r24, 0x01	; 1
    3492:	63 e0       	ldi	r22, 0x03	; 3
    3494:	0e 94 9f 15 	call	0x2b3e	; 0x2b3e <Blink>
                        cash = cash + prices[item];
    3498:	fe 01       	movw	r30, r28
    349a:	e7 5b       	subi	r30, 0xB7	; 183
    349c:	ff 4f       	sbci	r31, 0xFF	; 255
    349e:	80 81       	ld	r24, Z
    34a0:	28 2f       	mov	r18, r24
    34a2:	30 e0       	ldi	r19, 0x00	; 0
    34a4:	ce 01       	movw	r24, r28
    34a6:	83 5a       	subi	r24, 0xA3	; 163
    34a8:	9f 4f       	sbci	r25, 0xFF	; 255
    34aa:	fc 01       	movw	r30, r24
    34ac:	e2 0f       	add	r30, r18
    34ae:	f3 1f       	adc	r31, r19
    34b0:	80 81       	ld	r24, Z
    34b2:	28 2f       	mov	r18, r24
    34b4:	30 e0       	ldi	r19, 0x00	; 0
    34b6:	de 01       	movw	r26, r28
    34b8:	a6 5b       	subi	r26, 0xB6	; 182
    34ba:	bf 4f       	sbci	r27, 0xFF	; 255
    34bc:	fe 01       	movw	r30, r28
    34be:	e6 5b       	subi	r30, 0xB6	; 182
    34c0:	ff 4f       	sbci	r31, 0xFF	; 255
    34c2:	80 81       	ld	r24, Z
    34c4:	91 81       	ldd	r25, Z+1	; 0x01
    34c6:	82 0f       	add	r24, r18
    34c8:	93 1f       	adc	r25, r19
    34ca:	8d 93       	st	X+, r24
    34cc:	9c 93       	st	X, r25
                        users++;
    34ce:	de 01       	movw	r26, r28
    34d0:	a4 5b       	subi	r26, 0xB4	; 180
    34d2:	bf 4f       	sbci	r27, 0xFF	; 255
    34d4:	fe 01       	movw	r30, r28
    34d6:	e4 5b       	subi	r30, 0xB4	; 180
    34d8:	ff 4f       	sbci	r31, 0xFF	; 255
    34da:	80 81       	ld	r24, Z
    34dc:	91 81       	ldd	r25, Z+1	; 0x01
    34de:	01 96       	adiw	r24, 0x01	; 1
    34e0:	11 96       	adiw	r26, 0x01	; 1
    34e2:	9c 93       	st	X, r25
    34e4:	8e 93       	st	-X, r24
                        soldCount[item]++;
    34e6:	fe 01       	movw	r30, r28
    34e8:	e7 5b       	subi	r30, 0xB7	; 183
    34ea:	ff 4f       	sbci	r31, 0xFF	; 255
    34ec:	80 81       	ld	r24, Z
    34ee:	68 2f       	mov	r22, r24
    34f0:	70 e0       	ldi	r23, 0x00	; 0
    34f2:	9e 01       	movw	r18, r28
    34f4:	27 5a       	subi	r18, 0xA7	; 167
    34f6:	3f 4f       	sbci	r19, 0xFF	; 255
    34f8:	cb 01       	movw	r24, r22
    34fa:	88 0f       	add	r24, r24
    34fc:	99 1f       	adc	r25, r25
    34fe:	f9 01       	movw	r30, r18
    3500:	e8 0f       	add	r30, r24
    3502:	f9 1f       	adc	r31, r25
    3504:	80 81       	ld	r24, Z
    3506:	91 81       	ldd	r25, Z+1	; 0x01
    3508:	ac 01       	movw	r20, r24
    350a:	4f 5f       	subi	r20, 0xFF	; 255
    350c:	5f 4f       	sbci	r21, 0xFF	; 255
    350e:	9e 01       	movw	r18, r28
    3510:	27 5a       	subi	r18, 0xA7	; 167
    3512:	3f 4f       	sbci	r19, 0xFF	; 255
    3514:	cb 01       	movw	r24, r22
    3516:	88 0f       	add	r24, r24
    3518:	99 1f       	adc	r25, r25
    351a:	f9 01       	movw	r30, r18
    351c:	e8 0f       	add	r30, r24
    351e:	f9 1f       	adc	r31, r25
    3520:	51 83       	std	Z+1, r21	; 0x01
    3522:	40 83       	st	Z, r20
    3524:	12 c0       	rjmp	.+36     	; 0x354a <main+0x7f4>
                    }
                    else
                    {
                        LCD_voidSendString("Insufficient", 13);
    3526:	8b eb       	ldi	r24, 0xBB	; 187
    3528:	90 e0       	ldi	r25, 0x00	; 0
    352a:	6d e0       	ldi	r22, 0x0D	; 13
    352c:	0e 94 ae 10 	call	0x215c	; 0x215c <LCD_voidSendString>
                        LCD_u8GoToxy(2, 0);
    3530:	82 e0       	ldi	r24, 0x02	; 2
    3532:	60 e0       	ldi	r22, 0x00	; 0
    3534:	0e 94 41 13 	call	0x2682	; 0x2682 <LCD_u8GoToxy>
                        LCD_voidSendString("Balance", 8);
    3538:	88 ec       	ldi	r24, 0xC8	; 200
    353a:	90 e0       	ldi	r25, 0x00	; 0
    353c:	68 e0       	ldi	r22, 0x08	; 8
    353e:	0e 94 ae 10 	call	0x215c	; 0x215c <LCD_voidSendString>
                        Blink(DIO_u8_PORTB ,DIO_u8_PIN5);
    3542:	81 e0       	ldi	r24, 0x01	; 1
    3544:	65 e0       	ldi	r22, 0x05	; 5
    3546:	0e 94 9f 15 	call	0x2b3e	; 0x2b3e <Blink>
    354a:	80 e0       	ldi	r24, 0x00	; 0
    354c:	90 e8       	ldi	r25, 0x80	; 128
    354e:	ab e3       	ldi	r26, 0x3B	; 59
    3550:	b5 e4       	ldi	r27, 0x45	; 69
    3552:	8b 87       	std	Y+11, r24	; 0x0b
    3554:	9c 87       	std	Y+12, r25	; 0x0c
    3556:	ad 87       	std	Y+13, r26	; 0x0d
    3558:	be 87       	std	Y+14, r27	; 0x0e
 */
void
_delay_ms(double __ms)
{
	uint16_t __ticks;
	double __tmp = ((F_CPU) / 4e3) * __ms;
    355a:	6b 85       	ldd	r22, Y+11	; 0x0b
    355c:	7c 85       	ldd	r23, Y+12	; 0x0c
    355e:	8d 85       	ldd	r24, Y+13	; 0x0d
    3560:	9e 85       	ldd	r25, Y+14	; 0x0e
    3562:	20 e0       	ldi	r18, 0x00	; 0
    3564:	30 e0       	ldi	r19, 0x00	; 0
    3566:	4a ef       	ldi	r20, 0xFA	; 250
    3568:	54 e4       	ldi	r21, 0x44	; 68
    356a:	0e 94 17 02 	call	0x42e	; 0x42e <__mulsf3>
    356e:	dc 01       	movw	r26, r24
    3570:	cb 01       	movw	r24, r22
    3572:	8f 83       	std	Y+7, r24	; 0x07
    3574:	98 87       	std	Y+8, r25	; 0x08
    3576:	a9 87       	std	Y+9, r26	; 0x09
    3578:	ba 87       	std	Y+10, r27	; 0x0a
	if (__tmp < 1.0)
    357a:	6f 81       	ldd	r22, Y+7	; 0x07
    357c:	78 85       	ldd	r23, Y+8	; 0x08
    357e:	89 85       	ldd	r24, Y+9	; 0x09
    3580:	9a 85       	ldd	r25, Y+10	; 0x0a
    3582:	20 e0       	ldi	r18, 0x00	; 0
    3584:	30 e0       	ldi	r19, 0x00	; 0
    3586:	40 e8       	ldi	r20, 0x80	; 128
    3588:	5f e3       	ldi	r21, 0x3F	; 63
    358a:	0e 94 1d 04 	call	0x83a	; 0x83a <__ltsf2>
    358e:	88 23       	and	r24, r24
    3590:	2c f4       	brge	.+10     	; 0x359c <main+0x846>
		__ticks = 1;
    3592:	81 e0       	ldi	r24, 0x01	; 1
    3594:	90 e0       	ldi	r25, 0x00	; 0
    3596:	9e 83       	std	Y+6, r25	; 0x06
    3598:	8d 83       	std	Y+5, r24	; 0x05
    359a:	3f c0       	rjmp	.+126    	; 0x361a <main+0x8c4>
	else if (__tmp > 65535)
    359c:	6f 81       	ldd	r22, Y+7	; 0x07
    359e:	78 85       	ldd	r23, Y+8	; 0x08
    35a0:	89 85       	ldd	r24, Y+9	; 0x09
    35a2:	9a 85       	ldd	r25, Y+10	; 0x0a
    35a4:	20 e0       	ldi	r18, 0x00	; 0
    35a6:	3f ef       	ldi	r19, 0xFF	; 255
    35a8:	4f e7       	ldi	r20, 0x7F	; 127
    35aa:	57 e4       	ldi	r21, 0x47	; 71
    35ac:	0e 94 bd 03 	call	0x77a	; 0x77a <__gtsf2>
    35b0:	18 16       	cp	r1, r24
    35b2:	4c f5       	brge	.+82     	; 0x3606 <main+0x8b0>
	{
		//	__ticks = requested delay in 1/10 ms
		__ticks = (uint16_t) (__ms * 10.0);
    35b4:	6b 85       	ldd	r22, Y+11	; 0x0b
    35b6:	7c 85       	ldd	r23, Y+12	; 0x0c
    35b8:	8d 85       	ldd	r24, Y+13	; 0x0d
    35ba:	9e 85       	ldd	r25, Y+14	; 0x0e
    35bc:	20 e0       	ldi	r18, 0x00	; 0
    35be:	30 e0       	ldi	r19, 0x00	; 0
    35c0:	40 e2       	ldi	r20, 0x20	; 32
    35c2:	51 e4       	ldi	r21, 0x41	; 65
    35c4:	0e 94 17 02 	call	0x42e	; 0x42e <__mulsf3>
    35c8:	dc 01       	movw	r26, r24
    35ca:	cb 01       	movw	r24, r22
    35cc:	bc 01       	movw	r22, r24
    35ce:	cd 01       	movw	r24, r26
    35d0:	0e 94 41 00 	call	0x82	; 0x82 <__fixunssfsi>
    35d4:	dc 01       	movw	r26, r24
    35d6:	cb 01       	movw	r24, r22
    35d8:	9e 83       	std	Y+6, r25	; 0x06
    35da:	8d 83       	std	Y+5, r24	; 0x05
    35dc:	0f c0       	rjmp	.+30     	; 0x35fc <main+0x8a6>
    35de:	88 ec       	ldi	r24, 0xC8	; 200
    35e0:	90 e0       	ldi	r25, 0x00	; 0
    35e2:	9c 83       	std	Y+4, r25	; 0x04
    35e4:	8b 83       	std	Y+3, r24	; 0x03
    35e6:	8b 81       	ldd	r24, Y+3	; 0x03
    35e8:	9c 81       	ldd	r25, Y+4	; 0x04
    35ea:	01 97       	sbiw	r24, 0x01	; 1
    35ec:	f1 f7       	brne	.-4      	; 0x35ea <main+0x894>
    35ee:	9c 83       	std	Y+4, r25	; 0x04
    35f0:	8b 83       	std	Y+3, r24	; 0x03
		while(__ticks)
		{
			// wait 1/10 ms
			_delay_loop_2(((F_CPU) / 4e3) / 10);
			__ticks --;
    35f2:	8d 81       	ldd	r24, Y+5	; 0x05
    35f4:	9e 81       	ldd	r25, Y+6	; 0x06
    35f6:	01 97       	sbiw	r24, 0x01	; 1
    35f8:	9e 83       	std	Y+6, r25	; 0x06
    35fa:	8d 83       	std	Y+5, r24	; 0x05
		__ticks = 1;
	else if (__tmp > 65535)
	{
		//	__ticks = requested delay in 1/10 ms
		__ticks = (uint16_t) (__ms * 10.0);
		while(__ticks)
    35fc:	8d 81       	ldd	r24, Y+5	; 0x05
    35fe:	9e 81       	ldd	r25, Y+6	; 0x06
    3600:	00 97       	sbiw	r24, 0x00	; 0
    3602:	69 f7       	brne	.-38     	; 0x35de <main+0x888>
    3604:	1b cc       	rjmp	.-1994   	; 0x2e3c <main+0xe6>
			__ticks --;
		}
		return;
	}
	else
		__ticks = (uint16_t)__tmp;
    3606:	6f 81       	ldd	r22, Y+7	; 0x07
    3608:	78 85       	ldd	r23, Y+8	; 0x08
    360a:	89 85       	ldd	r24, Y+9	; 0x09
    360c:	9a 85       	ldd	r25, Y+10	; 0x0a
    360e:	0e 94 41 00 	call	0x82	; 0x82 <__fixunssfsi>
    3612:	dc 01       	movw	r26, r24
    3614:	cb 01       	movw	r24, r22
    3616:	9e 83       	std	Y+6, r25	; 0x06
    3618:	8d 83       	std	Y+5, r24	; 0x05
    361a:	8d 81       	ldd	r24, Y+5	; 0x05
    361c:	9e 81       	ldd	r25, Y+6	; 0x06
    361e:	9a 83       	std	Y+2, r25	; 0x02
    3620:	89 83       	std	Y+1, r24	; 0x01
    3622:	89 81       	ldd	r24, Y+1	; 0x01
    3624:	9a 81       	ldd	r25, Y+2	; 0x02
    3626:	01 97       	sbiw	r24, 0x01	; 1
    3628:	f1 f7       	brne	.-4      	; 0x3626 <main+0x8d0>
    362a:	9a 83       	std	Y+2, r25	; 0x02
    362c:	89 83       	std	Y+1, r24	; 0x01
    362e:	06 cc       	rjmp	.-2036   	; 0x2e3c <main+0xe6>

00003630 <__divmodhi4>:
    3630:	97 fb       	bst	r25, 7
    3632:	09 2e       	mov	r0, r25
    3634:	07 26       	eor	r0, r23
    3636:	0a d0       	rcall	.+20     	; 0x364c <__divmodhi4_neg1>
    3638:	77 fd       	sbrc	r23, 7
    363a:	04 d0       	rcall	.+8      	; 0x3644 <__divmodhi4_neg2>
    363c:	0c d0       	rcall	.+24     	; 0x3656 <__udivmodhi4>
    363e:	06 d0       	rcall	.+12     	; 0x364c <__divmodhi4_neg1>
    3640:	00 20       	and	r0, r0
    3642:	1a f4       	brpl	.+6      	; 0x364a <__divmodhi4_exit>

00003644 <__divmodhi4_neg2>:
    3644:	70 95       	com	r23
    3646:	61 95       	neg	r22
    3648:	7f 4f       	sbci	r23, 0xFF	; 255

0000364a <__divmodhi4_exit>:
    364a:	08 95       	ret

0000364c <__divmodhi4_neg1>:
    364c:	f6 f7       	brtc	.-4      	; 0x364a <__divmodhi4_exit>
    364e:	90 95       	com	r25
    3650:	81 95       	neg	r24
    3652:	9f 4f       	sbci	r25, 0xFF	; 255
    3654:	08 95       	ret

00003656 <__udivmodhi4>:
    3656:	aa 1b       	sub	r26, r26
    3658:	bb 1b       	sub	r27, r27
    365a:	51 e1       	ldi	r21, 0x11	; 17
    365c:	07 c0       	rjmp	.+14     	; 0x366c <__udivmodhi4_ep>

0000365e <__udivmodhi4_loop>:
    365e:	aa 1f       	adc	r26, r26
    3660:	bb 1f       	adc	r27, r27
    3662:	a6 17       	cp	r26, r22
    3664:	b7 07       	cpc	r27, r23
    3666:	10 f0       	brcs	.+4      	; 0x366c <__udivmodhi4_ep>
    3668:	a6 1b       	sub	r26, r22
    366a:	b7 0b       	sbc	r27, r23

0000366c <__udivmodhi4_ep>:
    366c:	88 1f       	adc	r24, r24
    366e:	99 1f       	adc	r25, r25
    3670:	5a 95       	dec	r21
    3672:	a9 f7       	brne	.-22     	; 0x365e <__udivmodhi4_loop>
    3674:	80 95       	com	r24
    3676:	90 95       	com	r25
    3678:	bc 01       	movw	r22, r24
    367a:	cd 01       	movw	r24, r26
    367c:	08 95       	ret

0000367e <__prologue_saves__>:
    367e:	2f 92       	push	r2
    3680:	3f 92       	push	r3
    3682:	4f 92       	push	r4
    3684:	5f 92       	push	r5
    3686:	6f 92       	push	r6
    3688:	7f 92       	push	r7
    368a:	8f 92       	push	r8
    368c:	9f 92       	push	r9
    368e:	af 92       	push	r10
    3690:	bf 92       	push	r11
    3692:	cf 92       	push	r12
    3694:	df 92       	push	r13
    3696:	ef 92       	push	r14
    3698:	ff 92       	push	r15
    369a:	0f 93       	push	r16
    369c:	1f 93       	push	r17
    369e:	cf 93       	push	r28
    36a0:	df 93       	push	r29
    36a2:	cd b7       	in	r28, 0x3d	; 61
    36a4:	de b7       	in	r29, 0x3e	; 62
    36a6:	ca 1b       	sub	r28, r26
    36a8:	db 0b       	sbc	r29, r27
    36aa:	0f b6       	in	r0, 0x3f	; 63
    36ac:	f8 94       	cli
    36ae:	de bf       	out	0x3e, r29	; 62
    36b0:	0f be       	out	0x3f, r0	; 63
    36b2:	cd bf       	out	0x3d, r28	; 61
    36b4:	09 94       	ijmp

000036b6 <__epilogue_restores__>:
    36b6:	2a 88       	ldd	r2, Y+18	; 0x12
    36b8:	39 88       	ldd	r3, Y+17	; 0x11
    36ba:	48 88       	ldd	r4, Y+16	; 0x10
    36bc:	5f 84       	ldd	r5, Y+15	; 0x0f
    36be:	6e 84       	ldd	r6, Y+14	; 0x0e
    36c0:	7d 84       	ldd	r7, Y+13	; 0x0d
    36c2:	8c 84       	ldd	r8, Y+12	; 0x0c
    36c4:	9b 84       	ldd	r9, Y+11	; 0x0b
    36c6:	aa 84       	ldd	r10, Y+10	; 0x0a
    36c8:	b9 84       	ldd	r11, Y+9	; 0x09
    36ca:	c8 84       	ldd	r12, Y+8	; 0x08
    36cc:	df 80       	ldd	r13, Y+7	; 0x07
    36ce:	ee 80       	ldd	r14, Y+6	; 0x06
    36d0:	fd 80       	ldd	r15, Y+5	; 0x05
    36d2:	0c 81       	ldd	r16, Y+4	; 0x04
    36d4:	1b 81       	ldd	r17, Y+3	; 0x03
    36d6:	aa 81       	ldd	r26, Y+2	; 0x02
    36d8:	b9 81       	ldd	r27, Y+1	; 0x01
    36da:	ce 0f       	add	r28, r30
    36dc:	d1 1d       	adc	r29, r1
    36de:	0f b6       	in	r0, 0x3f	; 63
    36e0:	f8 94       	cli
    36e2:	de bf       	out	0x3e, r29	; 62
    36e4:	0f be       	out	0x3f, r0	; 63
    36e6:	cd bf       	out	0x3d, r28	; 61
    36e8:	ed 01       	movw	r28, r26
    36ea:	08 95       	ret

000036ec <_exit>:
    36ec:	f8 94       	cli

000036ee <__stop_program>:
    36ee:	ff cf       	rjmp	.-2      	; 0x36ee <__stop_program>
